InventoryId,Store,Brand,Description,Size,VendorNumber,VendorName,PONumber,PODate,ReceivingDate,InvoiceDate,PayDate,PurchasePrice,Quantity,Dollars,Classification
54_GUTHRAM_2057,54,2057,Rebel Yell Root Beer Bourbon,50mL,8352,LUXCO INC                  ,11719,2024-08-19,2024-08-26,2024-09-04,2024-10-13,0.77,120,92.4,1
76_DONCASTER_21609,76,21609,Josh Cellars Legacy Red,750mL,4425,MARTIGNETTI COMPANIES,11928,2024-09-02,2024-09-06,2024-09-14,2024-10-24,9.58,12,114.96,2
64_CESTERFIELD_5090,64,5090,El Charro Silver Tequila,750mL,8004,SAZERAC CO INC             ,12476,2024-10-05,2024-10-13,2024-10-24,2024-12-03,10.23,12,122.76,1
73_DONCASTER_3915,73,3915,Sauza Silver Tequila,750mL,12546,JIM BEAM BRANDS COMPANY    ,12222,2024-09-22,2024-09-27,2024-10-04,2024-11-03,9.48,24,227.52,1
57_LANTEGLOS_3041,57,3041,Zhenka Pink Lemonade Vodka,1.75L,9552,M S WALKER INC             ,12115,2024-09-15,2024-09-23,2024-09-26,2024-11-06,5.83,5,29.15,1
6_GOULCREST_23861,6,23861,Concannon Founder Chard,750mL,9815,WINE GROUP INC             ,11833,2024-08-26,2024-08-29,2024-09-07,2024-10-08,5.95,9,53.55,2
55_DRY GULCH_13179,55,13179,Cinquante-Cinq Viogn Lang Wh,750mL,90011,FORTUNE WINE BROKERS LLC   ,10359,2024-05-24,2024-05-31,2024-06-11,2024-07-12,9.03,12,108.36,2
33_HORNSEY_42099,33,42099,Bota Box Pnt Grigio Cal,3L,2242,DELICATO VINEYARDS INC     ,9494,2024-03-24,2024-03-29,2024-04-12,2024-05-10,11.4,3,34.2,2
15_WANBORNE_14342,15,14342,Cupcake Pnt Nr,750mL,9815,WINE GROUP INC             ,11936,2024-09-02,2024-09-09,2024-09-19,2024-10-18,4.6,9,41.4,2
64_CESTERFIELD_1233,64,1233,Jack Daniels No 7 Black,1.75L,1128,BROWN-FORMAN CORP          ,10224,2024-05-15,2024-05-26,2024-06-05,2024-07-14,26.27,12,315.24,1
74_PAENTMARWY_8658,74,8658,Absente 'Absinthe Refined',750mL,6213,MHW LTD                    ,9235,2024-03-07,2024-03-18,2024-03-21,2024-05-02,24.28,3,72.84,1
49_GARIGILL_6655,49,6655,Carlo Rossi Paisano Calif,1.5L,3252,E & J GALLO WINERY         ,10953,2024-06-28,2024-07-06,2024-07-13,2024-08-14,4.79,6,28.74,2
42_BLACK HOLLOW_31489,42,31489,Barefoot Chard Cal,1.5L,3252,E & J GALLO WINERY         ,8999,2024-02-19,2024-02-24,2024-02-29,2024-04-10,5.71,6,34.26,2
43_WOLFORD_14006,43,14006,Apothic Winemakers Red Blend,750mL,3252,E & J GALLO WINERY         ,8238,2023-12-29,2024-01-06,2024-01-18,2024-02-14,5.44,12,65.28,2
55_DRY GULCH_32989,55,32989,Barefoot Cab Svgn Cal,1.5L,3252,E & J GALLO WINERY         ,10617,2024-06-10,2024-06-15,2024-06-24,2024-08-01,5.78,3,17.34,2
73_DONCASTER_21317,73,21317,Bartenura Moscato,750mL,4425,MARTIGNETTI COMPANIES,11693,2024-08-17,2024-08-23,2024-08-31,2024-10-15,9.33,11,102.63,2
7_STANMORE_21101,7,21101,Niner Twisted Spur 10 Red,750mL,653,STATE WINE & SPIRITS   ,11933,2024-09-02,2024-09-09,2024-09-17,2024-10-29,12.24,12,146.88,2
25_CAERSHIRE_17345,25,17345,Bogle Essential Red,750mL,4425,MARTIGNETTI COMPANIES,13362,2024-12-05,2024-12-13,2024-12-26,2025-01-23,6.01,11,66.11,2
60_IRRAGIN_10666,60,10666,Clayhouse Adobe Cntrl Cst Wh,750mL,4425,MARTIGNETTI COMPANIES,12995,2024-11-09,2024-11-18,2024-11-29,2025-01-03,7.74,21,162.54,2
13_TARMSWORTH_5365,13,5365,Kahlua,750mL,17035,PERNOD RICARD USA          ,11372,2024-07-26,2024-08-03,2024-08-12,2024-09-12,14.84,10,148.4,1
68_SOLARIS_31454,68,31454,Foxhorn SE Chard Australia,1.5L,9815,WINE GROUP INC             ,12391,2024-09-29,2024-10-05,2024-10-16,2024-11-17,4.79,7,33.53,2
76_DONCASTER_8654,76,8654,M & R Sweet Vermouth,375mL,480,BACARDI USA INC            ,11606,2024-08-11,2024-08-15,2024-08-28,2024-10-01,3.55,23,81.65,2
9_BLACKPOOL_3218,9,3218,Firefly Sweet Tea Vodka,750mL,8004,SAZERAC CO INC             ,11218,2024-07-15,2024-07-20,2024-07-27,2024-09-10,10.23,12,122.76,1
64_CESTERFIELD_3243,64,3243,Burnetts Vodka,1.75L,3924,HEAVEN HILL DISTILLERIES   ,10800,2024-06-23,2024-06-30,2024-07-11,2024-08-14,8.26,3,24.78,1
2_ASHBORNE_3680,2,3680,Stolichnaya Ohranj,1.75L,8664,"STOLI GROUP,(USA) LLC      ",11254,2024-07-18,2024-07-30,2024-08-09,2024-09-01,18.93,35,662.55,1
73_DONCASTER_5707,73,5707,Art in the Age Rhubarb Tea,750mL,3664,WILLIAM GRANT & SONS INC   ,13569,2024-12-18,2024-12-27,2025-01-10,2025-02-12,21.42,6,128.52,1
39_EASTHALLOW_35464,39,35464,Stags Leap Artemis Cab Svgn,750mL,8673,STE MICHELLE WINE ESTATES  ,13498,2024-12-13,2024-12-22,2024-12-29,2025-01-31,28.44,11,312.84,2
76_DONCASTER_3348,76,3348,Bombay Sapphire Gin,1.75L,480,BACARDI USA INC            ,11859,2024-08-30,2024-09-06,2024-09-20,2024-10-22,22.38,59,1320.42,1
73_DONCASTER_6356,73,6356,Taylor Cream Sherry,1.5L,1392,CONSTELLATION BRANDS INC   ,12840,2024-10-31,2024-11-10,2024-11-18,2024-12-23,5.16,5,25.8,2
76_DONCASTER_41072,76,41072,Angeline Pnt Nr Rsv,750mL,9552,M S WALKER INC             ,9939,2024-04-25,2024-05-06,2024-05-16,2024-06-09,8.16,2,16.32,2
18_FURNESS_3684,18,3684,Fleischmanns Royal Vodka,1.75L,660,SAZERAC NORTH AMERICA INC. ,9663,2024-04-05,2024-04-15,2024-04-22,2024-06-05,7.68,6,46.08,1
57_LANTEGLOS_2676,57,2676,Grand MacNish,1.75L,9552,M S WALKER INC             ,9698,2024-04-07,2024-04-14,2024-04-22,2024-05-25,10.93,6,65.58,1
73_DONCASTER_1868,73,1868,Lagavulin Single Malt 16-Yr,750mL,3960,DIAGEO NORTH AMERICA INC   ,11191,2024-07-14,2024-07-20,2024-08-01,2024-09-07,49.62,11,545.82,1
71_CLARCTON_5734,71,5734,Malibu Rum,1.75L,17035,PERNOD RICARD USA          ,8866,2024-02-10,2024-02-15,2024-02-26,2024-04-05,15.82,5,79.1,1
49_GARIGILL_36874,49,36874,Yellow Tail Merlot Ausl,750mL,4425,MARTIGNETTI COMPANIES,9350,2024-03-15,2024-03-23,2024-04-01,2024-05-01,4.63,24,111.12,2
49_GARIGILL_5410,49,5410,Raspberry di Amore,750mL,660,SAZERAC NORTH AMERICA INC. ,8751,2024-02-02,2024-02-10,2024-02-18,2024-04-01,6.15,12,73.8,1
41_LARNWICK_10723,41,10723,R M Woodbridge Chard,1.5L,1392,CONSTELLATION BRANDS INC   ,12792,2024-10-27,2024-11-02,2024-11-08,2024-12-16,6.2,20,124.0,2
66_EANVERNESS_10874,66,10874,Cantine Maschio Prosecco Brt,750mL,516,BANFI PRODUCTS CORP        ,12392,2024-09-30,2024-10-04,2024-10-16,2024-11-20,7.53,12,90.36,2
25_CAERSHIRE_4359,25,4359,Mr Boston Light Rum,1.75L,660,SAZERAC NORTH AMERICA INC. ,8820,2024-02-07,2024-02-19,2024-02-24,2024-04-10,7.71,5,38.55,1
30_CULCHETH_12203,30,12203,Cavit Prosecco Lunetta,187mL 3 Pk,6785,PALM BAY INTERNATIONAL INC ,9541,2024-03-28,2024-04-04,2024-04-15,2024-05-25,6.84,8,54.72,2
42_BLACK HOLLOW_1359,42,1359,Knob Creek Rye,750mL,12546,JIM BEAM BRANDS COMPANY    ,9772,2024-04-13,2024-04-21,2024-04-30,2024-06-12,21.87,6,131.22,1
70_KELD_6312,70,6312,Gallo Twin Valley Svgn Bl Ca,1.5L,3252,E & J GALLO WINERY         ,8537,2024-01-19,2024-01-29,2024-02-07,2024-03-08,6.75,6,40.5,2
72_HARDERSFIELD_2757,72,2757,Johnnie Walker Red Label,1.75L,3960,DIAGEO NORTH AMERICA INC   ,13320,2024-12-02,2024-12-09,2024-12-19,2025-01-13,22.38,2,44.76,1
54_GUTHRAM_23095,54,23095,Glen Ellen Cab Svgn RSV,1.5L,9815,WINE GROUP INC             ,9045,2024-02-22,2024-03-04,2024-03-13,2024-04-08,4.76,3,14.28,2
11_CARDEND_11828,11,11828,Cupcake Svgn Bl,750mL,9815,WINE GROUP INC             ,8943,2024-02-15,2024-02-23,2024-02-29,2024-04-09,3.97,45,178.65,2
40_BULLMAR_6542,40,6542,Melini Borghi D'Elsa Chiant,750mL,9744,FREDERICK WILDMAN & SONS   ,9836,2024-04-18,2024-04-28,2024-05-04,2024-06-12,3.71,9,33.39,2
5_SUTTON_6214,5,6214,Taylor Red Port,3L,1392,CONSTELLATION BRANDS INC   ,9283,2024-03-10,2024-03-18,2024-03-28,2024-04-27,9.08,4,36.32,2
52_GRAYCOTT_3784,52,3784,Margaritaville Gold Tequila,750mL,8004,SAZERAC CO INC             ,10181,2024-05-11,2024-05-20,2024-05-24,2024-07-08,7.29,12,87.48,1
74_PAENTMARWY_3216,74,3216,Fleischmanns X Dry Gin,1.75L,660,SAZERAC NORTH AMERICA INC. ,9611,2024-04-01,2024-04-08,2024-04-15,2024-05-25,7.68,6,46.08,1
34_PITMERDEN_28890,34,28890,Peter Vella Wh Znfdl Cal,5L,3252,E & J GALLO WINERY         ,13358,2024-12-05,2024-12-12,2024-12-21,2025-02-01,9.99,4,39.96,2
69_MOUNTMEND_3348,69,3348,Bombay Sapphire Gin,1.75L,480,BACARDI USA INC            ,13238,2024-11-27,2024-12-06,2024-12-20,2025-01-23,22.38,17,380.46,1
73_DONCASTER_2749,73,2749,John Begg Blue Cap,1.75L,3960,DIAGEO NORTH AMERICA INC   ,11907,2024-09-01,2024-09-07,2024-09-13,2024-10-19,13.38,6,80.28,1
76_DONCASTER_2723,76,2723,J & B Rare,1.75L,3960,DIAGEO NORTH AMERICA INC   ,11670,2024-08-16,2024-08-25,2024-09-01,2024-10-13,21.42,5,107.1,1
51_ABERDEEN_5507,51,5507,Arrow Blackberry Brandy,750mL,8352,LUXCO INC                  ,9153,2024-03-01,2024-03-11,2024-03-21,2024-04-19,4.54,9,40.86,1
10_HORNSEY_3505,10,3505,Tito's Handmade Vodka,750mL,4425,MARTIGNETTI COMPANIES,12848,2024-10-31,2024-11-12,2024-11-20,2024-12-21,13.76,9,123.84,1
9_BLACKPOOL_27351,9,27351,Almaden Chard Cal B/B,5L,9815,WINE GROUP INC             ,10256,2024-05-16,2024-05-25,2024-06-05,2024-07-12,10.38,4,41.52,2
74_PAENTMARWY_4565,74,4565,Christian Bros VS Brandy,750mL,3924,HEAVEN HILL DISTILLERIES   ,12397,2024-09-30,2024-10-05,2024-10-11,2024-11-10,6.71,11,73.81,1
32_MOUNTMEND_3893,32,3893,Zhenka 80 Proof,1.75L,9552,M S WALKER INC             ,11497,2024-08-04,2024-08-12,2024-08-17,2024-09-18,7.93,8,63.44,1
51_ABERDEEN_1623,51,1623,Bulleit 95 Rye,375mL,3960,DIAGEO NORTH AMERICA INC   ,13487,2024-12-13,2024-12-19,2024-12-29,2025-02-06,10.07,12,120.84,1
60_IRRAGIN_5734,60,5734,Malibu Rum,1.75L,17035,PERNOD RICARD USA          ,10179,2024-05-11,2024-05-20,2024-05-28,2024-06-30,15.82,9,142.38,1
32_MOUNTMEND_4291,32,4291,Ronrico Gold,1.75L,12546,JIM BEAM BRANDS COMPANY    ,11549,2024-08-08,2024-08-17,2024-08-24,2024-09-22,10.39,4,41.56,1
38_GOULCREST_44292,38,44292,Woop Woop Shiraz,750mL,10754,PERFECTA WINES             ,10107,2024-05-06,2024-05-12,2024-05-21,2024-06-20,8.38,12,100.56,2
30_CULCHETH_39413,30,39413,Mirassou Pnt Nr Cntrl Coast,750mL,3252,E & J GALLO WINERY         ,12586,2024-10-13,2024-10-20,2024-10-31,2024-12-02,5.06,12,60.72,2
59_CLAETHORPES_19453,59,19453,Wente Southern Hill Cab Svgn,750mL,2000,SOUTHERN WINE & SPIRITS NE ,10545,2024-06-05,2024-06-15,2024-06-23,2024-08-05,9.65,12,115.8,2
76_DONCASTER_36344,76,36344,Latour Pinot Noir Valmoissin,750mL,9552,M S WALKER INC             ,11287,2024-07-20,2024-07-25,2024-08-03,2024-09-16,8.72,12,104.64,2
76_DONCASTER_41034,76,41034,Menage a Trois Red,750mL,8892,TRINCHERO FAMILY ESTATES   ,12837,2024-10-30,2024-11-08,2024-11-20,2024-12-25,5.26,18,94.68,2
5_SUTTON_3606,5,3606,Smirnoff Raspberry Vodka,50mL,3960,DIAGEO NORTH AMERICA INC   ,12149,2024-09-18,2024-09-30,2024-10-08,2024-11-07,0.74,106,78.44,1
40_BULLMAR_7725,40,7725,Great Western Brut,750mL,9165,ULTRA BEVERAGE COMPANY LLP ,13604,2024-12-20,2024-12-27,2025-01-03,2025-02-02,6.07,24,145.68,2
60_IRRAGIN_3456,60,3456,Tanqueray Sterling Vodka,1.75L,3960,DIAGEO NORTH AMERICA INC   ,11493,2024-08-04,2024-08-08,2024-08-17,2024-10-02,13.27,4,53.08,1
48_NORFOLK_1348,48,1348,Knob Creek Bourbon,375mL,12546,JIM BEAM BRANDS COMPANY    ,9118,2024-02-28,2024-03-12,2024-03-19,2024-04-21,11.84,12,142.08,1
50_MOUNTMEND_39356,50,39356,Bota Box Chard Cal,3L,2242,DELICATO VINEYARDS INC     ,12811,2024-10-28,2024-11-04,2024-11-07,2024-12-14,11.56,2,23.12,2
75_BARNCOMBE_16477,75,16477,Cupcake Angel Food,750mL,9815,WINE GROUP INC             ,8943,2024-02-15,2024-02-23,2024-02-29,2024-04-09,4.76,12,57.12,2
33_HORNSEY_25539,33,25539,Three Knights Svgn Bl,750mL,653,STATE WINE & SPIRITS   ,10994,2024-06-30,2024-07-07,2024-07-15,2024-08-25,7.09,12,85.08,2
6_GOULCREST_4262,6,4262,Capt Morgan Spiced Rum,750mL,3960,DIAGEO NORTH AMERICA INC   ,12676,2024-10-19,2024-10-26,2024-11-06,2024-12-05,11.19,11,123.09,1
60_IRRAGIN_27835,60,27835,Wild Horse CC Pnt Nr,750mL,1392,CONSTELLATION BRANDS INC   ,12953,2024-11-07,2024-11-14,2024-11-21,2024-12-22,9.14,12,109.68,2
73_DONCASTER_6946,73,6946,Rosemount Diamond Cab Svgn,750mL,4425,MARTIGNETTI COMPANIES,11928,2024-09-02,2024-09-09,2024-09-14,2024-10-24,4.79,12,57.48,2
50_MOUNTMEND_415,50,415,Jose Cuervo Especial,Liter,7245,PROXIMO SPIRITS INC.       ,9881,2024-04-20,2024-04-25,2024-05-02,2024-06-09,13.04,12,156.48,1
60_IRRAGIN_8264,60,8264,Ch Ste Michelle Rsl,750mL,8673,STE MICHELLE WINE ESTATES  ,9780,2024-04-13,2024-04-21,2024-04-28,2024-06-10,5.37,8,42.96,2
1_HARDERSFIELD_6349,1,6349,Glen Ellen Chard RSV,1.5L,9815,WINE GROUP INC             ,9045,2024-02-22,2024-03-01,2024-03-13,2024-04-08,4.63,9,41.67,2
13_TARMSWORTH_4262,13,4262,Capt Morgan Spiced Rum,750mL,3960,DIAGEO NORTH AMERICA INC   ,11589,2024-08-10,2024-08-17,2024-08-30,2024-10-05,11.19,15,167.85,1
31_HORNSEY_8512,31,8512,Baileys Irish Cream,750mL,3960,DIAGEO NORTH AMERICA INC   ,9585,2024-03-31,2024-04-04,2024-04-15,2024-05-26,14.72,11,161.92,1
78_EASTHAVEN_3476,78,3476,Reyka Vodka,750mL,3664,WILLIAM GRANT & SONS INC   ,10643,2024-06-12,2024-06-23,2024-07-03,2024-08-14,15.5,6,93.0,1
6_GOULCREST_32294,6,32294,Dom Chandon Brut,187mL,8112,MOET HENNESSY USA INC      ,9462,2024-03-22,2024-03-30,2024-04-04,2024-05-08,2.97,22,65.34,2
76_DONCASTER_23539,76,23539,Vin Vault Chard,3L,3252,E & J GALLO WINERY         ,8537,2024-01-19,2024-01-28,2024-02-07,2024-03-08,12.41,6,74.46,2
2_ASHBORNE_21985,2,21985,Menage a Trois Midnight,750mL,8892,TRINCHERO FAMILY ESTATES   ,9444,2024-03-21,2024-03-31,2024-04-04,2024-05-11,6.59,36,237.24,2
42_BLACK HOLLOW_27145,42,27145,Schmitt Sohne QbA,750mL,9552,M S WALKER INC             ,8462,2024-01-13,2024-01-20,2024-01-30,2024-03-08,6.03,12,72.36,2
51_ABERDEEN_2889,51,2889,Buchanans Deluxe 12Yr Scotch,750mL,3960,DIAGEO NORTH AMERICA INC   ,10566,2024-06-07,2024-06-15,2024-06-20,2024-08-04,23.07,12,276.84,1
41_LARNWICK_8085,41,8085,Wild Turkey,1.75L,11567,CAMPARI AMERICA            ,12621,2024-10-16,2024-10-26,2024-11-03,2024-12-07,25.59,6,153.54,1
66_EANVERNESS_21864,66,21864,Dom Carneros Brut,750mL,4692,KOBRAND CORPORATION        ,9021,2024-02-21,2024-03-03,2024-03-14,2024-04-09,15.23,12,182.76,2
67_EANVERNESS_8112,67,8112,Stolichnaya,1.75L,8664,"STOLI GROUP,(USA) LLC      ",12175,2024-09-19,2024-09-29,2024-10-03,2024-11-12,19.52,14,273.28,1
9_BLACKPOOL_41530,9,41530,Septima Malbec Mendoza,750mL,9165,ULTRA BEVERAGE COMPANY LLP ,12947,2024-11-06,2024-11-16,2024-11-22,2025-01-08,5.84,12,70.08,2
21_BALERNO_361,21,361,Effen Cucumber Vodka,750mL,12546,JIM BEAM BRANDS COMPANY    ,11867,2024-08-30,2024-09-08,2024-09-13,2024-10-18,14.28,6,85.68,1
1_HARDERSFIELD_23143,1,23143,Bogle Chard,750mL,4425,MARTIGNETTI COMPANIES,9309,2024-03-11,2024-03-18,2024-03-22,2024-04-25,4.65,6,27.9,2
67_EANVERNESS_7994,67,7994,Stock Italian Sweet Vermouth,1.5L,8352,LUXCO INC                  ,11465,2024-08-02,2024-08-08,2024-08-15,2024-09-18,7.93,6,47.58,1
81_PEMBROKE_5102,81,5102,Brinley Shipwreck Coconut Cr,750mL,9165,ULTRA BEVERAGE COMPANY LLP ,13286,2024-11-29,2024-12-06,2024-12-18,2025-01-13,19.22,6,115.32,1
8_ALNERWICK_3549,8,3549,Ketel One Vodka,750mL,3960,DIAGEO NORTH AMERICA INC   ,8575,2024-01-21,2024-01-29,2024-02-03,2024-03-06,17.82,1,17.82,1
76_DONCASTER_11488,76,11488,C K Mondavi Cab Svgn,1.5L,2000,SOUTHERN WINE & SPIRITS NE ,11060,2024-07-04,2024-07-15,2024-07-20,2024-08-29,7.53,4,30.12,2
34_PITMERDEN_8473,34,8473,1800 Silver Tequila,1.75L,7245,PROXIMO SPIRITS INC.       ,11630,2024-08-12,2024-08-15,2024-08-26,2024-09-29,24.44,4,97.76,1
10_HORNSEY_18642,10,18642,Yellow Tail Pink Moscato,1.5L,4425,MARTIGNETTI COMPANIES,10757,2024-06-20,2024-06-29,2024-07-07,2024-08-21,5.81,18,104.58,2
49_GARIGILL_3584,49,3584,Absolut Raspberri,750mL,17035,PERNOD RICARD USA          ,8609,2024-01-24,2024-02-01,2024-02-08,2024-03-17,12.49,12,149.88,1
73_DONCASTER_43450,73,43450,Fish Eye Pnt Grigio,3L,9815,WINE GROUP INC             ,12234,2024-09-22,2024-09-29,2024-10-11,2024-11-09,11.33,6,67.98,2
15_WANBORNE_35709,15,35709,Colosi Sicilia Dry Red,750mL,9552,M S WALKER INC             ,10972,2024-06-29,2024-07-05,2024-07-13,2024-08-21,7.09,12,85.08,2
61_AETHELNEY_3405,61,3405,Tito's Handmade Vodka,1.75L,4425,MARTIGNETTI COMPANIES,8276,2023-12-31,2024-01-04,2024-01-18,2024-02-28,23.19,10,231.9,1
76_DONCASTER_5087,76,5087,Dr McGillicuddy's Peach,750mL,8004,SAZERAC CO INC             ,12684,2024-10-19,2024-10-24,2024-11-01,2024-12-11,9.35,11,102.85,1
79_BALLYMENA_115,79,115,Belvedere Vodka,Liter,8112,MOET HENNESSY USA INC      ,9171,2024-03-02,2024-03-08,2024-03-16,2024-04-20,21.37,5,106.85,1
11_CARDEND_42099,11,42099,Bota Box Pnt Grigio Cal,3L,2242,DELICATO VINEYARDS INC     ,10602,2024-06-09,2024-06-16,2024-06-21,2024-07-29,11.4,3,34.2,2
34_PITMERDEN_3104,34,3104,Smirnoff Whipped Cream,750mL,3960,DIAGEO NORTH AMERICA INC   ,13597,2024-12-20,2024-12-29,2025-01-10,2025-02-08,8.72,10,87.2,1
53_HILLFAR_44037,53,44037,Barefoot Pnt Grigio Cal,750mL,3252,E & J GALLO WINERY         ,12859,2024-11-01,2024-11-09,2024-11-16,2024-12-20,3.42,12,41.04,2
49_GARIGILL_2189,49,2189,Cleveland Black Rsv Whiskey,750mL,9165,ULTRA BEVERAGE COMPANY LLP ,11898,2024-08-31,2024-09-06,2024-09-17,2024-10-26,19.83,6,118.98,1
41_LARNWICK_32826,41,32826,Rombauer Carneros Chard,750mL,4425,MARTIGNETTI COMPANIES,13511,2024-12-14,2024-12-23,2025-01-02,2025-02-02,22.41,9,201.69,2
47_PELLA'S WISH_3580,47,3580,Smirnoff Orange Vodka,750mL,3960,DIAGEO NORTH AMERICA INC   ,11300,2024-07-21,2024-07-29,2024-08-03,2024-09-14,8.08,11,88.88,1
21_BALERNO_26463,21,26463,Ravenswood Vints Blend Znfdl,750mL,1392,CONSTELLATION BRANDS INC   ,11071,2024-07-05,2024-07-12,2024-07-18,2024-09-03,4.65,12,55.8,2
47_PELLA'S WISH_39087,47,39087,Corbett Canyon Pnt Grigio,3L,9815,WINE GROUP INC             ,13661,2024-12-23,2024-12-29,2025-01-09,2025-02-08,6.66,6,39.96,2
63_SWORDBREAK_8537,63,8537,Dom Chandon Brut Cuvee,750mL,8112,MOET HENNESSY USA INC      ,12096,2024-09-14,2024-09-20,2024-10-01,2024-11-06,9.39,12,112.68,2
73_DONCASTER_18568,73,18568,A by Acacia Unoaked Chard Ca,750mL,1590,DIAGEO CHATEAU ESTATE WINES,10036,2024-05-02,2024-05-13,2024-05-17,2024-07-01,6.89,11,75.79,2
23_ARBINGTON_6174,23,6174,Columbia Crest Grand Merlot,750mL,8673,STE MICHELLE WINE ESTATES  ,12480,2024-10-05,2024-10-13,2024-10-23,2024-11-20,5.8,12,69.6,2
63_SWORDBREAK_6570,63,6570,Kendall Jackson Chard Vt RSV,750mL,10000,MAJESTIC FINE WINES        ,12199,2024-09-21,2024-09-27,2024-10-06,2024-11-18,6.77,36,243.72,2
72_HARDERSFIELD_6524,72,6524,Rosemount Diamond Shiraz,750mL,4425,MARTIGNETTI COMPANIES,12995,2024-11-09,2024-11-14,2024-11-29,2025-01-03,4.57,12,54.84,2
38_GOULCREST_34134,38,34134,Turning Leaf RSV Chard Cal,1.5L,3252,E & J GALLO WINERY         ,11413,2024-07-29,2024-08-03,2024-08-08,2024-09-21,5.84,6,35.04,2
41_LARNWICK_2852,41,2852,Bushmills 10 Yr Irish Whisky,750mL,7245,PROXIMO SPIRITS INC.       ,13617,2024-12-21,2024-12-28,2025-01-10,2025-02-10,30.14,6,180.84,1
72_HARDERSFIELD_15393,72,15393,Cupcake Pnt Grigio,750mL,9815,WINE GROUP INC             ,9503,2024-03-24,2024-03-28,2024-04-11,2024-05-17,4.51,12,54.12,2
64_CESTERFIELD_34460,64,34460,Dr Loosen Rsl 'Dr L' M,750mL,4425,MARTIGNETTI COMPANIES,8696,2024-01-29,2024-02-02,2024-02-14,2024-03-25,7.23,12,86.76,2
73_DONCASTER_2466,73,2466,Crown Royal Maple Whisky,1.75L,3960,DIAGEO NORTH AMERICA INC   ,11589,2024-08-10,2024-08-18,2024-08-30,2024-10-05,29.62,6,177.72,1
61_AETHELNEY_18027,61,18027,Banfi Rosa Regale,750mL,516,BANFI PRODUCTS CORP        ,12632,2024-10-17,2024-10-24,2024-11-01,2024-12-18,9.08,30,272.4,2
56_BEGGAR'S HOLE_10723,56,10723,R M Woodbridge Chard,1.5L,1392,CONSTELLATION BRANDS INC   ,13319,2024-12-02,2024-12-08,2024-12-18,2025-01-28,6.2,5,31.0,2
55_DRY GULCH_2287,55,2287,Johnnie Walker Double Black,750mL,3960,DIAGEO NORTH AMERICA INC   ,11191,2024-07-14,2024-07-20,2024-08-01,2024-09-07,29.22,6,175.32,1
66_EANVERNESS_8819,66,8819,Leroux Blackberry Brandy,750mL,12546,JIM BEAM BRANDS COMPANY    ,11867,2024-08-30,2024-09-07,2024-09-13,2024-10-18,5.1,12,61.2,1
52_GRAYCOTT_3766,52,3766,Three Olives Grape Vodka,750mL,7245,PROXIMO SPIRITS INC.       ,11016,2024-07-01,2024-07-08,2024-07-12,2024-08-21,9.35,12,112.2,1
24_PALPERROTH_27867,24,27867,Vendange Merlot,1.5L,1392,CONSTELLATION BRANDS INC   ,10190,2024-05-12,2024-05-19,2024-05-27,2024-06-26,4.72,6,28.32,2
11_CARDEND_3405,11,3405,Tito's Handmade Vodka,1.75L,4425,MARTIGNETTI COMPANIES,12711,2024-10-21,2024-10-24,2024-11-06,2024-12-08,23.19,15,347.85,1
10_HORNSEY_7293,10,7293,Chi Chi's Skinny Margarita,1.75L,660,SAZERAC NORTH AMERICA INC. ,11599,2024-08-10,2024-08-16,2024-08-23,2024-09-23,5.96,6,35.76,1
56_BEGGAR'S HOLE_15229,56,15229,The Prisoner Red Napa Valley,750mL,1392,CONSTELLATION BRANDS INC   ,11793,2024-08-24,2024-08-30,2024-09-13,2024-10-08,26.11,12,313.32,2
19_WINTERVALE_14006,19,14006,Apothic Winemakers Red Blend,750mL,3252,E & J GALLO WINERY         ,10500,2024-06-02,2024-06-09,2024-06-16,2024-07-30,5.44,24,130.56,2
71_CLARCTON_5364,71,5364,Kahlua,1.75L,17035,PERNOD RICARD USA          ,8805,2024-02-05,2024-02-11,2024-02-17,2024-03-22,23.07,11,253.77,1
73_DONCASTER_3680,73,3680,Stolichnaya Ohranj,1.75L,8664,"STOLI GROUP,(USA) LLC      ",10198,2024-05-12,2024-05-19,2024-05-26,2024-07-05,18.93,5,94.65,1
6_GOULCREST_3858,6,3858,Grey Goose Vodka,750mL,480,BACARDI USA INC            ,12236,2024-09-23,2024-09-28,2024-10-07,2024-11-10,17.77,10,177.7,1
66_EANVERNESS_37419,66,37419,Provenance Cab Svgn Rutherfd,750mL,1590,DIAGEO CHATEAU ESTATE WINES,10313,2024-05-20,2024-05-27,2024-05-31,2024-06-30,24.65,24,591.6,2
32_MOUNTMEND_4689,32,4689,Hennessy Privilege VSOP,750mL,8112,MOET HENNESSY USA INC      ,11197,2024-07-14,2024-07-20,2024-08-01,2024-09-07,33.33,12,399.96,1
38_GOULCREST_3356,38,3356,Svedka Vodka,375mL,1392,CONSTELLATION BRANDS INC   ,12182,2024-09-20,2024-09-27,2024-10-09,2024-11-18,4.47,9,40.23,1
2_ASHBORNE_17876,2,17876,Darkhorse Cab Svgn,750mL,3252,E & J GALLO WINERY         ,12395,2024-09-30,2024-10-06,2024-10-15,2024-11-18,5.33,12,63.96,2
72_HARDERSFIELD_8066,72,8066,DeKuyper Triple Sec,1.75L,12546,JIM BEAM BRANDS COMPANY    ,11705,2024-08-18,2024-08-23,2024-09-04,2024-10-16,7.13,5,35.65,1
44_PORTHCRAWL_13662,44,13662,Duckhorn Decoy Svgn Bl,750mL,4425,MARTIGNETTI COMPANIES,10247,2024-05-16,2024-05-26,2024-06-07,2024-07-05,9.43,12,113.16,2
35_HALIVAARA_6654,35,6654,Veuve Clicquot Brut Yellow,750mL,8112,MOET HENNESSY USA INC      ,12641,2024-10-17,2024-10-27,2024-11-08,2024-12-05,27.2,12,326.4,2
25_CAERSHIRE_29128,25,29128,Sutter Home Merlot Cal,187mL 4 Pk,8892,TRINCHERO FAMILY ESTATES   ,10255,2024-05-16,2024-05-27,2024-05-30,2024-07-15,3.97,6,23.82,2
34_PITMERDEN_13991,34,13991,Colombo Cape Bleue Rose VdP,750mL,6785,PALM BAY INTERNATIONAL INC ,10106,2024-05-06,2024-05-10,2024-05-20,2024-07-03,6.57,12,78.84,2
53_HILLFAR_1875,53,1875,Bushmills Black Bush,750mL,7245,PROXIMO SPIRITS INC.       ,13170,2024-11-22,2024-11-30,2024-12-05,2025-01-19,20.71,12,248.52,1
59_CLAETHORPES_7977,59,7977,M & R X Dry Vermouth,1.5L,480,BACARDI USA INC            ,8548,2024-01-20,2024-01-29,2024-02-02,2024-03-19,7.49,6,44.94,1
39_EASTHALLOW_3272,39,3272,Sobieski Vodka,1.75L,9552,M S WALKER INC             ,10229,2024-05-15,2024-05-26,2024-06-05,2024-07-08,13.23,6,79.38,1
14_BROMWICH_5103,14,5103,Fireball Cinnamon Whisky,1.75L,8004,SAZERAC CO INC             ,12101,2024-09-14,2024-09-21,2024-10-02,2024-11-10,17.14,4,68.56,1
71_CLARCTON_4181,71,4181,Calypso Spiced Rum,1.75L,660,SAZERAC NORTH AMERICA INC. ,13094,2024-11-16,2024-11-25,2024-12-06,2024-12-31,9.37,6,56.22,1
78_EASTHAVEN_3158,78,3158,Pinnacle Tropical Punch,1.75L,12546,JIM BEAM BRANDS COMPANY    ,10451,2024-05-30,2024-06-09,2024-06-20,2024-07-14,12.77,4,51.08,1
69_MOUNTMEND_27202,69,27202,DeLoach Sonoma Cnty Chard,750mL,4425,MARTIGNETTI COMPANIES,13214,2024-11-24,2024-12-01,2024-12-13,2025-01-07,6.8,12,81.6,2
56_BEGGAR'S HOLE_35913,56,35913,Stone Cellars Cab Svgn,1.5L,9819,TREASURY WINE ESTATES      ,10408,2024-05-26,2024-06-01,2024-06-08,2024-07-17,5.47,6,32.82,2
76_DONCASTER_4450,76,4450,Leblon Natural Cane Cachaca,750mL,480,BACARDI USA INC            ,10325,2024-05-22,2024-06-01,2024-06-12,2024-07-13,18.51,6,111.06,1
24_PALPERROTH_5676,24,5676,Kinky Liqueur,50mL,7153,PINE STATE TRADING CO      ,8558,2024-01-20,2024-01-29,2024-02-07,2024-03-07,1.42,1,1.42,1
38_GOULCREST_8202,38,8202,Sambuca Romana,750mL,3960,DIAGEO NORTH AMERICA INC   ,12585,2024-10-13,2024-10-18,2024-10-31,2024-11-29,13.33,11,146.63,1
34_PITMERDEN_19283,34,19283,Roscato Bianco,750mL,6785,PALM BAY INTERNATIONAL INC ,8333,2024-01-04,2024-01-12,2024-01-22,2024-02-23,6.89,11,75.79,2
76_DONCASTER_21824,76,21824,Taken Red Napa,750mL,8892,TRINCHERO FAMILY ESTATES   ,10424,2024-05-27,2024-06-02,2024-06-08,2024-07-10,16.89,6,101.34,2
15_WANBORNE_8112,15,8112,Stolichnaya,1.75L,8664,"STOLI GROUP,(USA) LLC      ",11254,2024-07-18,2024-07-29,2024-08-09,2024-09-01,19.52,2,39.04,1
64_CESTERFIELD_10596,64,10596,Almaden Mt Rhine Calif B/B,5L,9815,WINE GROUP INC             ,11605,2024-08-10,2024-08-18,2024-08-26,2024-10-02,9.86,4,39.44,2
76_DONCASTER_17865,76,17865,Ch St Jean Pnt Nr,750mL,9819,TREASURY WINE ESTATES      ,12436,2024-10-02,2024-10-11,2024-10-20,2024-12-03,6.09,2,12.18,2
25_CAERSHIRE_6479,25,6479,Clos du Bois Chard,750mL,1392,CONSTELLATION BRANDS INC   ,9523,2024-03-27,2024-04-04,2024-04-17,2024-05-18,5.95,10,59.5,2
48_NORFOLK_3348,48,3348,Bombay Sapphire Gin,1.75L,480,BACARDI USA INC            ,12988,2024-11-09,2024-11-17,2024-11-25,2024-12-22,22.38,6,134.28,1
33_HORNSEY_18568,33,18568,A by Acacia Unoaked Chard Ca,750mL,1590,DIAGEO CHATEAU ESTATE WINES,8484,2024-01-15,2024-01-21,2024-01-31,2024-03-08,6.89,12,82.68,2
73_DONCASTER_19847,73,19847,Nanna's Short Cake Znfdl,750mL,10754,PERFECTA WINES             ,12069,2024-09-12,2024-09-23,2024-09-26,2024-10-29,11.1,12,133.2,2
23_ARBINGTON_31454,23,31454,Foxhorn SE Chard Australia,1.5L,9815,WINE GROUP INC             ,10694,2024-06-15,2024-06-23,2024-07-01,2024-08-10,4.79,8,38.32,2
38_GOULCREST_8149,38,8149,Sebastiani Cab Svgn Sonoma,750mL,4425,MARTIGNETTI COMPANIES,13214,2024-11-24,2024-11-29,2024-12-13,2025-01-07,11.25,12,135.0,2
6_GOULCREST_22569,6,22569,Bota Box Svgn Bl,3L,2242,DELICATO VINEYARDS INC     ,11315,2024-07-22,2024-07-27,2024-08-03,2024-09-04,11.72,3,35.16,2
15_WANBORNE_3826,15,3826,Skyy Vodka,1.75L,11567,CAMPARI AMERICA            ,11279,2024-07-20,2024-07-25,2024-08-09,2024-09-01,15.74,2,31.48,1
76_DONCASTER_4277,76,4277,Bacardi Limon Rum,375mL,480,BACARDI USA INC            ,13641,2024-12-23,2024-12-27,2025-01-10,2025-02-14,4.68,9,42.12,1
30_CULCHETH_7293,30,7293,Chi Chi's Skinny Margarita,1.75L,660,SAZERAC NORTH AMERICA INC. ,11515,2024-08-05,2024-08-08,2024-08-22,2024-09-26,5.96,6,35.76,1
68_SOLARIS_31160,68,31160,Monsanto Chianti Clsc RSV,750mL,9552,M S WALKER INC             ,10383,2024-05-25,2024-06-02,2024-06-10,2024-07-16,13.24,12,158.88,2
25_CAERSHIRE_6349,25,6349,Glen Ellen Chard RSV,1.5L,9815,WINE GROUP INC             ,8651,2024-01-26,2024-02-03,2024-02-14,2024-03-15,4.63,17,78.71,2
74_PAENTMARWY_18733,74,18733,Antinori Villa Chianti Class,750mL,8673,STE MICHELLE WINE ESTATES  ,9979,2024-04-27,2024-05-04,2024-05-11,2024-06-22,18.49,6,110.94,2
60_IRRAGIN_3534,60,3534,Milagro Silver Tequila,750mL,3664,WILLIAM GRANT & SONS INC   ,8233,2023-12-28,2024-01-04,2024-01-14,2024-02-12,18.17,6,109.02,1
73_DONCASTER_8451,73,8451,Cruzan Aged Dark Rum,1.75L,12546,JIM BEAM BRANDS COMPANY    ,13557,2024-12-18,2024-12-27,2025-01-04,2025-02-17,12.59,10,125.9,1
66_EANVERNESS_3423,66,3423,Beefeater,1.75L,17035,PERNOD RICARD USA          ,11372,2024-07-26,2024-08-03,2024-08-12,2024-09-12,21.25,45,956.25,1
75_BARNCOMBE_16794,75,16794,Freakshow Cab Svgn,750mL,4425,MARTIGNETTI COMPANIES,11303,2024-07-21,2024-07-28,2024-08-02,2024-09-18,10.94,12,131.28,2
1_HARDERSFIELD_24779,1,24779,Straccali Chianti,1.5L,6785,PALM BAY INTERNATIONAL INC ,13024,2024-11-11,2024-11-15,2024-11-22,2025-01-03,6.84,4,27.36,2
34_PITMERDEN_5382,34,5382,Ice 101 Peppermint Schnapps,750mL,8004,SAZERAC CO INC             ,10557,2024-06-06,2024-06-13,2024-06-26,2024-07-27,9.44,12,113.28,1
56_BEGGAR'S HOLE_3228,56,3228,Ciroc Mango Vodka,50mL,3960,DIAGEO NORTH AMERICA INC   ,12149,2024-09-18,2024-09-29,2024-10-08,2024-11-07,1.55,57,88.35,1
34_PITMERDEN_20731,34,20731,Villa Jolanda Strwby Moscato,750mL,7153,PINE STATE TRADING CO      ,8226,2023-12-28,2024-01-04,2024-01-14,2024-02-16,5.95,12,71.4,2
33_HORNSEY_3201,33,3201,Plymouth Gin,750mL,17035,PERNOD RICARD USA          ,8315,2024-01-03,2024-01-14,2024-01-25,2024-02-25,21.96,5,109.8,1
7_STANMORE_7345,7,7345,M & R Asti,750mL,480,BACARDI USA INC            ,9847,2024-04-19,2024-04-29,2024-05-07,2024-06-13,6.75,12,81.0,2
39_EASTHALLOW_13430,39,13430,Agua de Piedra Malbec Selccn,750mL,7153,PINE STATE TRADING CO      ,9647,2024-04-04,2024-04-14,2024-04-25,2024-05-24,5.91,12,70.92,2
15_WANBORNE_32675,15,32675,Blackstone Cab Svgn Cal,750mL,1392,CONSTELLATION BRANDS INC   ,11459,2024-08-02,2024-08-11,2024-08-22,2024-09-15,4.57,24,109.68,2
26_KNIFE'S EDGE_5444,26,5444,E & J Superior RSV VSOP,1.75L,3252,E & J GALLO WINERY         ,11248,2024-07-18,2024-07-29,2024-08-09,2024-09-01,14.49,6,86.94,1
74_PAENTMARWY_840,74,840,Bols Peach Flavored Brandy,Liter,6213,MHW LTD                    ,10821,2024-06-24,2024-06-27,2024-07-07,2024-08-14,8.79,12,105.48,1
55_DRY GULCH_38888,55,38888,Justin Cab Svgn Paso Robles,750mL,9552,M S WALKER INC             ,13059,2024-11-14,2024-11-23,2024-11-29,2025-01-05,16.88,6,101.28,2
6_GOULCREST_44494,6,44494,Smoking Loon Pnt Grigio Cal,750mL,9552,M S WALKER INC             ,11367,2024-07-26,2024-08-03,2024-08-13,2024-09-19,4.5,10,45.0,2
43_WOLFORD_8262,43,8262,Metcalfe's Vermont Maple,750mL,9165,ULTRA BEVERAGE COMPANY LLP ,13604,2024-12-20,2024-12-28,2025-01-03,2025-02-02,15.82,6,94.92,1
21_BALERNO_2956,21,2956,Vat 69 Gold,1.75L,3960,DIAGEO NORTH AMERICA INC   ,13320,2024-12-02,2024-12-08,2024-12-19,2025-01-13,10.71,6,64.26,1
76_DONCASTER_3876,76,3876,Smirnoff 80 Proof,1.75L,3960,DIAGEO NORTH AMERICA INC   ,8575,2024-01-21,2024-01-27,2024-02-03,2024-03-06,13.95,2,27.9,1
51_ABERDEEN_7198,51,7198,New Amsterdam Pineapple Vdka,750mL,3252,E & J GALLO WINERY         ,12016,2024-09-08,2024-09-14,2024-09-26,2024-11-01,7.4,11,81.4,1
67_EANVERNESS_1220,67,1220,Woodford Reserve Bourbon,750mL,1128,BROWN-FORMAN CORP          ,12788,2024-10-27,2024-11-04,2024-11-12,2024-12-10,21.89,5,109.45,1
34_PITMERDEN_4798,34,4798,Sambuca Romana Liqueur,50mL,3960,DIAGEO NORTH AMERICA INC   ,11589,2024-08-10,2024-08-17,2024-08-30,2024-10-05,1.54,112,172.48,1
38_GOULCREST_515,38,515,Hirsch Selection Bourbon,750mL,9165,ULTRA BEVERAGE COMPANY LLP ,10947,2024-06-27,2024-07-06,2024-07-14,2024-08-26,25.36,6,152.16,1
58_HARTLEPOOL_15094,58,15094,Butter Chard,750mL,9165,ULTRA BEVERAGE COMPANY LLP ,9654,2024-04-04,2024-04-14,2024-04-24,2024-06-01,9.08,12,108.96,2
27_MOUNTMEND_4226,27,4226,Bacardi Superior Rum Trav,750mL,480,BACARDI USA INC            ,11859,2024-08-30,2024-09-08,2024-09-20,2024-10-22,7.68,9,69.12,1
50_MOUNTMEND_8627,50,8627,Jadot Beaujolais Villages,750mL,4692,KOBRAND CORPORATION        ,11268,2024-07-19,2024-07-27,2024-08-06,2024-09-02,5.47,12,65.64,2
76_DONCASTER_28947,76,28947,R M Woodbridge Merlot Cal,1.5L,1392,CONSTELLATION BRANDS INC   ,10986,2024-06-30,2024-07-05,2024-07-17,2024-08-27,5.91,14,82.74,2
12_LEESIDE_8023,12,8023,DeKuyper Triple Sec,750mL,12546,JIM BEAM BRANDS COMPANY    ,12816,2024-10-28,2024-11-01,2024-11-12,2024-12-10,3.28,12,39.36,1
9_BLACKPOOL_41072,9,41072,Angeline Pnt Nr Rsv,750mL,9552,M S WALKER INC             ,13379,2024-12-06,2024-12-12,2024-12-23,2025-01-22,8.16,11,89.76,2
34_PITMERDEN_4817,34,4817,Skyy Infusions TX Grapefruit,750mL,11567,CAMPARI AMERICA            ,10276,2024-05-18,2024-05-23,2024-06-06,2024-07-03,7.8,36,280.8,1
43_WOLFORD_3276,43,3276,Gordons London Dry,1.75L,3960,DIAGEO NORTH AMERICA INC   ,9919,2024-04-24,2024-05-04,2024-05-10,2024-06-11,9.62,5,48.1,1
30_CULCHETH_5232,30,5232,DeKuyper Buttershots Schnaps,1.75L,12546,JIM BEAM BRANDS COMPANY    ,13557,2024-12-18,2024-12-29,2025-01-04,2025-02-17,10.71,3,32.13,1
34_PITMERDEN_5689,34,5689,Villa Massa Limoncello,750mL,4425,MARTIGNETTI COMPANIES,10193,2024-05-12,2024-05-19,2024-05-29,2024-07-09,14.84,6,89.04,1
12_LEESIDE_3768,12,3768,Jenkins Vodka,750mL,9552,M S WALKER INC             ,9049,2024-02-23,2024-03-03,2024-03-11,2024-04-13,3.62,12,43.44,1
22_SHARNWICK_3834,22,3834,Skyy Vodka,750mL,11567,CAMPARI AMERICA            ,11428,2024-07-31,2024-08-11,2024-08-16,2024-10-02,10.23,12,122.76,1
79_BALLYMENA_7535,79,7535,Gekkeikan Sake,750mL,8320,SHAW ROSS INT L IMP LTD    ,8666,2024-01-27,2024-02-02,2024-02-16,2024-03-21,4.44,12,53.28,1
68_SOLARIS_450,68,450,Vincent Van Gogh Double Esp,750mL,4425,MARTIGNETTI COMPANIES,8426,2024-01-11,2024-01-20,2024-01-25,2024-03-13,19.52,1,19.52,1
4_EANVERNESS_4673,4,4673,Hennessy VS Cognac,1.75L,8112,MOET HENNESSY USA INC      ,12384,2024-09-29,2024-10-04,2024-10-17,2024-11-19,46.66,6,279.96,1
44_PORTHCRAWL_39523,44,39523,Cloudy Bay Svgn Bl Marlboro,750mL,8112,MOET HENNESSY USA INC      ,9684,2024-04-06,2024-04-15,2024-04-23,2024-05-25,15.53,12,186.36,2
31_HORNSEY_40337,31,40337,Da Vinci Chianti Tuscany,750mL,3252,E & J GALLO WINERY         ,8722,2024-02-01,2024-02-11,2024-02-15,2024-03-26,6.57,12,78.84,2
66_EANVERNESS_8500,66,8500,Stolichnaya Chocolat Kokonut,750mL,8664,"STOLI GROUP,(USA) LLC      ",12533,2024-10-09,2024-10-18,2024-10-29,2024-11-29,6.28,19,119.32,1
23_ARBINGTON_33035,23,33035,Cape Indaba Chard S Africa,750mL,9552,M S WALKER INC             ,13614,2024-12-21,2024-12-27,2025-01-07,2025-02-17,5.88,12,70.56,2
10_HORNSEY_17345,10,17345,Bogle Essential Red,750mL,4425,MARTIGNETTI COMPANIES,13091,2024-11-16,2024-11-23,2024-12-05,2025-01-11,6.01,11,66.11,2
61_AETHELNEY_5254,61,5254,DeKuyper Buttershots Schnpps,750mL,12546,JIM BEAM BRANDS COMPANY    ,11705,2024-08-18,2024-08-24,2024-09-04,2024-10-16,7.35,12,88.2,1
54_GUTHRAM_7221,54,7221,M & R Sweet Vermouth,1.5L,480,BACARDI USA INC            ,13238,2024-11-27,2024-12-09,2024-12-20,2025-01-23,6.86,5,34.3,2
15_WANBORNE_31465,15,31465,Franzia Tap Chard,5L,9815,WINE GROUP INC             ,10256,2024-05-16,2024-05-24,2024-06-05,2024-07-12,10.38,7,72.66,2
27_MOUNTMEND_1892,27,1892,Yukon Jack,50mL,3960,DIAGEO NORTH AMERICA INC   ,9302,2024-03-11,2024-03-17,2024-03-28,2024-04-30,0.72,72,51.84,1
12_LEESIDE_3804,12,3804,Svedka Vodka,750mL,1392,CONSTELLATION BRANDS INC   ,11883,2024-08-31,2024-09-06,2024-09-14,2024-10-30,7.63,11,83.93,1
41_LARNWICK_8823,41,8823,Leroux Apricot Brandy,750mL,12546,JIM BEAM BRANDS COMPANY    ,13421,2024-12-08,2024-12-14,2024-12-24,2025-01-21,5.42,12,65.04,1
30_CULCHETH_38457,30,38457,Smoking Loon Pnt Nr,750mL,9552,M S WALKER INC             ,11756,2024-08-22,2024-09-01,2024-09-13,2024-10-08,4.59,58,266.22,2
47_PELLA'S WISH_8053,47,8053,Seagrams 7 Crown,50mL,3960,DIAGEO NORTH AMERICA INC   ,13320,2024-12-02,2024-12-09,2024-12-19,2025-01-13,0.75,110,82.5,1
50_MOUNTMEND_3794,50,3794,Cabo Wabo Reposado Tequila,750mL,11567,CAMPARI AMERICA            ,11545,2024-08-08,2024-08-17,2024-08-29,2024-10-07,27.77,24,666.48,1
73_DONCASTER_28775,73,28775,C K Mondavi Merlot,1.5L,2000,SOUTHERN WINE & SPIRITS NE ,13365,2024-12-05,2024-12-12,2024-12-25,2025-01-31,7.58,6,45.48,2
61_AETHELNEY_35664,61,35664,Redwood Creek Cab Svgn Cal,1.5L,3252,E & J GALLO WINERY         ,11074,2024-07-05,2024-07-15,2024-07-18,2024-09-03,6.5,6,39.0,2
58_HARTLEPOOL_10421,58,10421,Barefoot Moscato Cal,1.5L,3252,E & J GALLO WINERY         ,11431,2024-07-31,2024-08-11,2024-08-21,2024-10-01,5.9,6,35.4,2
31_HORNSEY_39593,31,39593,Redwood Creek Pnt Nr Cal,1.5L,3252,E & J GALLO WINERY         ,12395,2024-09-30,2024-10-03,2024-10-15,2024-11-18,6.33,6,37.98,2
9_BLACKPOOL_62,9,62,Herradura Silver Tequila,750mL,1128,BROWN-FORMAN CORP          ,10971,2024-06-29,2024-07-05,2024-07-11,2024-08-11,28.67,6,172.02,1
6_GOULCREST_599,6,599,Stolichnaya Razberi,Liter,8664,"STOLI GROUP,(USA) LLC      ",10076,2024-05-04,2024-05-13,2024-05-21,2024-07-02,17.03,9,153.27,1
38_GOULCREST_3804,38,3804,Svedka Vodka,750mL,1392,CONSTELLATION BRANDS INC   ,10736,2024-06-19,2024-06-30,2024-07-08,2024-08-20,7.63,7,53.41,1
58_HARTLEPOOL_3039,58,3039,Stoli Salted Karamel,750mL,8664,"STOLI GROUP,(USA) LLC      ",13200,2024-11-23,2024-11-29,2024-12-09,2025-01-15,13.38,12,160.56,1
11_CARDEND_32924,11,32924,Silverado Cab Svgn Napa,750mL,4425,MARTIGNETTI COMPANIES,11614,2024-08-11,2024-08-16,2024-08-22,2024-09-22,27.51,12,330.12,2
8_ALNERWICK_7948,8,7948,Bayou Silver Rum,50mL,8664,"STOLI GROUP,(USA) LLC      ",11503,2024-08-04,2024-08-09,2024-08-23,2024-09-24,0.73,72,52.56,1
37_PAETHSMOUTH_2589,37,2589,Jameson Irish Whiskey,1.75L,17035,PERNOD RICARD USA          ,13477,2024-12-12,2024-12-23,2025-01-03,2025-02-02,30.76,6,184.56,1
72_HARDERSFIELD_8462,72,8462,Frangelico Hazelnut Liqueur,750mL,11567,CAMPARI AMERICA            ,12621,2024-10-16,2024-10-26,2024-11-03,2024-12-07,15.82,36,569.52,1
9_BLACKPOOL_8036,9,8036,Livingston Chablis Cal,3L,3252,E & J GALLO WINERY         ,10396,2024-05-26,2024-06-01,2024-06-10,2024-07-10,8.27,3,24.81,2
41_LARNWICK_7978,41,7978,M & R X Dry Vermouth,750mL,480,BACARDI USA INC            ,8288,2024-01-01,2024-01-08,2024-01-19,2024-02-18,3.95,12,47.4,1
21_BALERNO_6596,21,6596,Kenwood Svgn Bl Sonoma,750mL,17035,PERNOD RICARD USA          ,9028,2024-02-21,2024-03-03,2024-03-09,2024-04-08,5.97,12,71.64,2
14_BROMWICH_3745,14,3745,Taaka Vodka Traveler,750mL,8004,SAZERAC CO INC             ,9077,2024-02-24,2024-03-02,2024-03-11,2024-04-14,3.07,10,30.7,1
32_MOUNTMEND_3246,32,3246,Bentley's Vodka,1.75L,8004,SAZERAC CO INC             ,13364,2024-12-05,2024-12-13,2024-12-19,2025-02-01,6.71,4,26.84,1
67_EANVERNESS_4522,67,4522,Lairds Apple Jack,750mL,4848,LAIRD & CO                 ,13057,2024-11-14,2024-11-25,2024-11-28,2025-01-11,10.06,12,120.72,1
70_KELD_903,70,903,Bombay Sapphire Gin,Liter,480,BACARDI USA INC            ,12040,2024-09-11,2024-09-20,2024-10-03,2024-10-27,18.79,12,225.48,1
60_IRRAGIN_38502,60,38502,Ruffino Lumina Pnt Grigio,750mL,1392,CONSTELLATION BRANDS INC   ,10291,2024-05-19,2024-05-27,2024-06-01,2024-07-12,4.57,9,41.13,2
73_DONCASTER_24086,73,24086,Hess Select Chard,750mL,4425,MARTIGNETTI COMPANIES,11053,2024-07-04,2024-07-16,2024-07-25,2024-08-22,7.14,12,85.68,2
41_LARNWICK_46202,41,46202,Yellow Tail Pnt Grigio Ausl,1.5L,4425,MARTIGNETTI COMPANIES,11053,2024-07-04,2024-07-15,2024-07-25,2024-08-22,6.05,9,54.45,2
14_BROMWICH_39348,14,39348,Sterling Vintners Cltn Pnt N,750mL,1590,DIAGEO CHATEAU ESTATE WINES,11492,2024-08-04,2024-08-08,2024-08-18,2024-09-24,6.5,12,78.0,2
75_BARNCOMBE_8205,75,8205,Frangelico Hazelnut Liqueur,50mL,11567,CAMPARI AMERICA            ,8269,2023-12-31,2024-01-05,2024-01-19,2024-02-19,1.53,96,146.88,1
21_BALERNO_2753,21,2753,Johnnie Walker Black Label,1.75L,3960,DIAGEO NORTH AMERICA INC   ,9199,2024-03-04,2024-03-08,2024-03-21,2024-04-29,44.77,6,268.62,1
10_HORNSEY_3687,10,3687,Fleischmanns Royal Traveler,750mL,660,SAZERAC NORTH AMERICA INC. ,11515,2024-08-05,2024-08-11,2024-08-22,2024-09-26,3.84,6,23.04,1
55_DRY GULCH_8628,55,8628,Jadot Macon Villages Blanc,750mL,4692,KOBRAND CORPORATION        ,12709,2024-10-21,2024-10-26,2024-11-04,2024-12-09,5.95,12,71.4,2
76_DONCASTER_4181,76,4181,Calypso Spiced Rum,1.75L,660,SAZERAC NORTH AMERICA INC. ,11852,2024-08-29,2024-09-07,2024-09-12,2024-10-26,9.37,4,37.48,1
60_IRRAGIN_858,60,858,Canadian Club,Liter,12546,JIM BEAM BRANDS COMPANY    ,13056,2024-11-14,2024-11-25,2024-11-28,2025-01-15,8.95,10,89.5,1
38_GOULCREST_18901,38,18901,Anderra Svgn Bl,750mL,1392,CONSTELLATION BRANDS INC   ,11703,2024-08-18,2024-08-23,2024-09-03,2024-10-01,6.07,12,72.84,2
40_BULLMAR_40097,40,40097,Black Box Chard,3L,1392,CONSTELLATION BRANDS INC   ,10552,2024-06-06,2024-06-16,2024-06-22,2024-07-27,10.59,5,52.95,2
76_DONCASTER_5391,76,5391,Kamora Coffee,1.75L,12546,JIM BEAM BRANDS COMPANY    ,8503,2024-01-17,2024-01-25,2024-02-02,2024-03-08,12.02,4,48.08,1
67_EANVERNESS_14672,67,14672,Duckhorn Decoy Cab Svgn,750mL,4425,MARTIGNETTI COMPANIES,13091,2024-11-16,2024-11-25,2024-12-05,2025-01-11,11.61,19,220.59,2
76_DONCASTER_3348,76,3348,Bombay Sapphire Gin,1.75L,480,BACARDI USA INC            ,9738,2024-04-11,2024-04-18,2024-04-30,2024-05-26,22.38,12,268.56,1
38_GOULCREST_3763,38,3763,Patron Anejo Tequila,375mL,9165,ULTRA BEVERAGE COMPANY LLP ,13286,2024-11-29,2024-12-09,2024-12-18,2025-01-13,20.28,8,162.24,1
68_SOLARIS_3728,68,3728,Absolut Citron,1.75L,17035,PERNOD RICARD USA          ,11891,2024-08-31,2024-09-09,2024-09-13,2024-10-15,18.93,4,75.72,1
66_EANVERNESS_3329,66,3329,Seagrams Extra Smooth Vodka,1.75L,9165,ULTRA BEVERAGE COMPANY LLP ,9654,2024-04-04,2024-04-14,2024-04-24,2024-06-01,10.84,6,65.04,1
76_DONCASTER_17867,76,17867,Beringer Classic Wh Zin Mosc,750mL,9819,TREASURY WINE ESTATES      ,13332,2024-12-02,2024-12-05,2024-12-12,2025-01-28,3.22,15,48.3,2
49_GARIGILL_2443,49,2443,Seagrams VO,1.75L,3960,DIAGEO NORTH AMERICA INC   ,8310,2024-01-03,2024-01-12,2024-01-19,2024-02-23,13.48,10,134.8,1
7_STANMORE_40096,7,40096,Black Box Cab Svgn,3L,1392,CONSTELLATION BRANDS INC   ,10448,2024-05-30,2024-06-07,2024-06-13,2024-07-27,10.52,5,52.6,2
7_STANMORE_16241,7,16241,Domino Merlot,750mL,2242,DELICATO VINEYARDS INC     ,10432,2024-05-29,2024-06-07,2024-06-21,2024-07-19,3.3,12,39.6,2
34_PITMERDEN_3736,34,3736,Smirnoff Cherry Vodka,750mL,3960,DIAGEO NORTH AMERICA INC   ,8310,2024-01-03,2024-01-15,2024-01-19,2024-02-23,8.2,10,82.0,1
10_HORNSEY_7374,10,7374,New Amsterdam Mango Vodka,750mL,3252,E & J GALLO WINERY         ,10953,2024-06-28,2024-07-08,2024-07-13,2024-08-14,6.86,9,61.74,1
16_LUNDY_18107,16,18107,Barefoot Cellars Pink Moscat,750mL,3252,E & J GALLO WINERY         ,13033,2024-11-13,2024-11-27,2024-12-03,2024-12-31,3.22,12,38.64,2
56_BEGGAR'S HOLE_1746,56,1746,Tomatin 12 Yr Old Scotch,750mL,9206,PHILLIPS PRODUCTS CO.      ,11400,2024-07-28,2024-08-03,2024-08-09,2024-09-18,19.99,6,119.94,1
9_BLACKPOOL_8691,9,8691,Jose Cuervo Especial,750mL,7245,PROXIMO SPIRITS INC.       ,8664,2024-01-27,2024-02-01,2024-02-14,2024-03-10,11.9,12,142.8,1
76_DONCASTER_4762,76,4762,Hartley Brandy VS,750mL,8004,SAZERAC CO INC             ,12476,2024-10-05,2024-10-13,2024-10-24,2024-12-03,5.03,11,55.33,1
44_PORTHCRAWL_6581,44,6581,Ch Ste Michelle Merlot Colum,750mL,8673,STE MICHELLE WINE ESTATES  ,11535,2024-08-07,2024-08-19,2024-08-22,2024-09-27,7.86,8,62.88,2
38_GOULCREST_23712,38,23712,Bell'Agio Chianti Flask,750mL,516,BANFI PRODUCTS CORP        ,12989,2024-11-09,2024-11-18,2024-11-22,2024-12-28,6.8,11,74.8,2
67_EANVERNESS_15527,67,15527,Roscato Rosso,750mL,6785,PALM BAY INTERNATIONAL INC ,11450,2024-08-01,2024-08-09,2024-08-23,2024-09-29,6.57,10,65.7,2
72_HARDERSFIELD_35862,72,35862,Allegrini Palazzo Della Tor,750mL,3252,E & J GALLO WINERY         ,12395,2024-09-30,2024-10-05,2024-10-15,2024-11-18,13.6,12,163.2,2
73_DONCASTER_4829,73,4829,Mr Boston Blackberry Brandy,1.75L,660,SAZERAC NORTH AMERICA INC. ,9663,2024-04-05,2024-04-15,2024-04-22,2024-06-05,9.59,4,38.36,1
30_CULCHETH_2589,30,2589,Jameson Irish Whiskey,1.75L,17035,PERNOD RICARD USA          ,11372,2024-07-26,2024-08-04,2024-08-12,2024-09-12,30.76,5,153.8,1
69_MOUNTMEND_8626,69,8626,Ezra Brooks,1.75L,8352,LUXCO INC                  ,11230,2024-07-17,2024-07-27,2024-08-02,2024-09-05,11.67,4,46.68,1
69_MOUNTMEND_18743,69,18743,Ca'Momi Merlot Napa Valley,750mL,10754,PERFECTA WINES             ,12643,2024-10-17,2024-10-28,2024-11-04,2024-12-10,6.8,36,244.8,2
51_ABERDEEN_8068,51,8068,Absolut 80 Proof,1.75L,17035,PERNOD RICARD USA          ,13194,2024-11-23,2024-11-28,2024-12-09,2025-01-09,18.24,57,1039.68,1
6_GOULCREST_8112,6,8112,Stolichnaya,1.75L,8664,"STOLI GROUP,(USA) LLC      ",11647,2024-08-14,2024-08-24,2024-09-05,2024-10-16,19.52,3,58.56,1
69_MOUNTMEND_17041,69,17041,Sutter Home Pink Moscato,1.5L,8892,TRINCHERO FAMILY ESTATES   ,9210,2024-03-04,2024-03-08,2024-03-16,2024-04-30,5.26,6,31.56,2
49_GARIGILL_27393,49,27393,Victor Vineyards Cab Svgn 13,750mL,9165,ULTRA BEVERAGE COMPANY LLP ,13063,2024-11-14,2024-11-22,2024-12-06,2025-01-14,6.45,48,309.6,2
20_BREDWARDINE_6682,20,6682,R M Woodbridge Chard Cal,1.5L,1392,CONSTELLATION BRANDS INC   ,9523,2024-03-27,2024-04-06,2024-04-17,2024-05-18,6.03,11,66.33,2
60_IRRAGIN_6396,60,6396,Taylor Dry Sherry,1.5L,1392,CONSTELLATION BRANDS INC   ,11703,2024-08-18,2024-08-23,2024-09-03,2024-10-01,5.12,5,25.6,2
41_LARNWICK_8475,41,8475,J Roget Extra Dry,187mL,1392,CONSTELLATION BRANDS INC   ,9283,2024-03-10,2024-03-16,2024-03-28,2024-04-27,1.23,72,88.56,2
76_DONCASTER_5105,76,5105,Dr McGillicuddy's Mentholmnt,1.75L,8004,SAZERAC CO INC             ,8611,2024-01-24,2024-02-03,2024-02-10,2024-03-18,14.81,6,88.86,1
6_GOULCREST_11828,6,11828,Cupcake Svgn Bl,750mL,9815,WINE GROUP INC             ,13267,2024-11-28,2024-12-06,2024-12-15,2025-01-20,3.97,12,47.64,2
66_EANVERNESS_8720,66,8720,Arrow Blue Curacao,750mL,8352,LUXCO INC                  ,10786,2024-06-22,2024-06-28,2024-07-10,2024-08-19,5.96,11,65.56,1
8_ALNERWICK_29169,8,29169,Franzia Tap Merlot,5L,9815,WINE GROUP INC             ,9599,2024-03-31,2024-04-07,2024-04-13,2024-05-26,10.88,4,43.52,2
14_BROMWICH_7849,14,7849,Tooters Apple-tini 15 Pk,375mL,5270,MANGO BOTTLING INC         ,11212,2024-07-15,2024-07-20,2024-07-31,2024-09-09,7.8,18,140.4,1
17_OLDHAM_3980,17,3980,Hornitos Reposado Tequila,1.75L,12546,JIM BEAM BRANDS COMPANY    ,11705,2024-08-18,2024-08-25,2024-09-04,2024-10-16,31.99,6,191.94,1
9_BLACKPOOL_2114,9,2114,Black Velvet Canadian Whisky,1.75L,1392,CONSTELLATION BRANDS INC   ,11526,2024-08-07,2024-08-17,2024-08-26,2024-09-24,9.41,35,329.35,1
15_WANBORNE_1817,15,1817,Irishman Founders RSV Whisky,750mL,6785,PALM BAY INTERNATIONAL INC ,10421,2024-05-27,2024-06-05,2024-06-09,2024-07-22,16.79,6,100.74,1
27_MOUNTMEND_4634,27,4634,Gold Crown Wh Rum,1.75L,9552,M S WALKER INC             ,11287,2024-07-20,2024-07-28,2024-08-03,2024-09-16,8.52,5,42.6,1
33_HORNSEY_5342,33,5342,Grand Marnier,750mL,8112,MOET HENNESSY USA INC      ,12243,2024-09-23,2024-09-30,2024-10-04,2024-11-07,19.85,10,198.5,1
19_WINTERVALE_7535,19,7535,Gekkeikan Sake,750mL,8320,SHAW ROSS INT L IMP LTD    ,12582,2024-10-12,2024-10-20,2024-10-30,2024-12-10,4.44,12,53.28,1
15_WANBORNE_31488,15,31488,Barefoot Chard Cal,750mL,3252,E & J GALLO WINERY         ,12016,2024-09-08,2024-09-12,2024-09-26,2024-11-01,3.44,12,41.28,2
34_PITMERDEN_17297,34,17297,Clos du Bois Rouge,750mL,1392,CONSTELLATION BRANDS INC   ,11156,2024-07-12,2024-07-22,2024-07-25,2024-09-04,5.88,11,64.68,2
50_MOUNTMEND_2951,50,2951,Old Bushmills Irish Whiskey,1.75L,7245,PROXIMO SPIRITS INC.       ,11216,2024-07-15,2024-07-18,2024-08-02,2024-08-29,28.78,5,143.9,1
22_SHARNWICK_7978,22,7978,M & R X Dry Vermouth,750mL,480,BACARDI USA INC            ,13103,2024-11-17,2024-11-21,2024-12-01,2025-01-03,3.95,12,47.4,1
50_MOUNTMEND_2432,50,2432,Crown Royal,750mL,3960,DIAGEO NORTH AMERICA INC   ,11028,2024-07-03,2024-07-15,2024-07-26,2024-08-18,17.59,22,386.98,1
31_HORNSEY_3858,31,3858,Grey Goose Vodka,750mL,480,BACARDI USA INC            ,13149,2024-11-21,2024-12-01,2024-12-12,2025-01-11,17.77,22,390.94,1
68_SOLARIS_26092,68,26092,Blackstone Merlot Cal,750mL,1392,CONSTELLATION BRANDS INC   ,13375,2024-12-06,2024-12-13,2024-12-20,2025-01-28,4.79,12,57.48,2
57_LANTEGLOS_3505,57,3505,Tito's Handmade Vodka,750mL,4425,MARTIGNETTI COMPANIES,13243,2024-11-27,2024-12-05,2024-12-16,2025-01-19,13.76,12,165.12,1
76_DONCASTER_26632,76,26632,R Mondavi Pvt Sel Znfdl,750mL,1392,CONSTELLATION BRANDS INC   ,12077,2024-09-13,2024-09-19,2024-10-01,2024-10-27,4.62,12,55.44,2
73_DONCASTER_21367,73,21367,KJ Est 12 Chard Camelot High,750mL,10000,MAJESTIC FINE WINES        ,8346,2024-01-05,2024-01-13,2024-01-18,2024-02-18,20.4,12,244.8,2
38_GOULCREST_8621,38,8621,Sho Chiku Bai Takara Sake,750mL,8920,TAKARA SAKE USA INC        ,13302,2024-11-30,2024-12-05,2024-12-13,2025-01-19,4.59,11,50.49,1
58_HARTLEPOOL_42881,58,42881,La Bastarda Pnt Gr Sicily,750mL,10754,PERFECTA WINES             ,11235,2024-07-17,2024-07-26,2024-08-04,2024-09-09,3.92,12,47.04,2
62_KILMARNOCK_3731,62,3731,Absolut Apeach,750mL,17035,PERNOD RICARD USA          ,11483,2024-08-03,2024-08-08,2024-08-16,2024-09-16,13.38,12,160.56,1
47_PELLA'S WISH_8068,47,8068,Absolut 80 Proof,1.75L,17035,PERNOD RICARD USA          ,9440,2024-03-21,2024-03-29,2024-04-10,2024-05-17,18.24,2,36.48,1
41_LARNWICK_5337,41,5337,Drambuie,750mL,3664,WILLIAM GRANT & SONS INC   ,11408,2024-07-28,2024-08-04,2024-08-14,2024-09-15,20.6,11,226.6,1
2_ASHBORNE_984,2,984,Patron XO Cafe Liqueur,750mL,9165,ULTRA BEVERAGE COMPANY LLP ,9298,2024-03-10,2024-03-17,2024-03-22,2024-04-21,20.63,6,123.78,1
73_DONCASTER_5438,73,5438,Emmets Irish Cream,750mL,3960,DIAGEO NORTH AMERICA INC   ,11191,2024-07-14,2024-07-22,2024-08-01,2024-09-07,7.51,11,82.61,1
11_CARDEND_8515,11,8515,Baileys Chocolate Cherry,750mL,3960,DIAGEO NORTH AMERICA INC   ,9904,2024-04-22,2024-04-26,2024-05-07,2024-06-14,14.61,12,175.32,1
72_HARDERSFIELD_8112,72,8112,Stolichnaya,1.75L,8664,"STOLI GROUP,(USA) LLC      ",8511,2024-01-17,2024-01-29,2024-02-03,2024-03-16,19.52,16,312.32,1
1_HARDERSFIELD_1136,1,1136,Malibu 50ml Sampler Pack,50mL 5 Pk,17035,PERNOD RICARD USA          ,10885,2024-06-25,2024-07-02,2024-07-08,2024-08-11,3.87,19,73.53,1
73_DONCASTER_7982,73,7982,M & R Sweet Vermouth,750mL,480,BACARDI USA INC            ,8877,2024-02-11,2024-02-19,2024-03-01,2024-04-08,3.95,8,31.6,1
74_PAENTMARWY_4089,74,4089,Capt Morgan White,1.75L,3960,DIAGEO NORTH AMERICA INC   ,11589,2024-08-10,2024-08-15,2024-08-30,2024-10-05,14.59,6,87.54,1
23_ARBINGTON_7878,23,7878,Allens Coffee Brandy,1.75L,9552,M S WALKER INC             ,8345,2024-01-05,2024-01-12,2024-01-19,2024-03-02,9.99,16,159.84,1
38_GOULCREST_6293,38,6293,Fetzer Gewurz,750mL,9165,ULTRA BEVERAGE COMPANY LLP ,11560,2024-08-08,2024-08-18,2024-08-27,2024-10-03,5.91,12,70.92,2
76_DONCASTER_3306,76,3306,Hammer & Sickle Vodka,1.75L,4550,KLIN SPIRITS LLC           ,12398,2024-09-30,2024-10-04,2024-10-18,2024-11-15,20.86,2,41.72,1
71_CLARCTON_1961,71,1961,Everclear 151,1.75L,8352,LUXCO INC                  ,8812,2024-02-07,2024-02-18,2024-02-27,2024-03-30,23.91,6,143.46,1
74_PAENTMARWY_4385,74,4385,Parrot Bay 90 Coconut Capt,1.75L,3960,DIAGEO NORTH AMERICA INC   ,11300,2024-07-21,2024-07-25,2024-08-03,2024-09-14,16.54,6,99.24,1
63_SWORDBREAK_5877,63,5877,Ryans Irish Cream,50mL,8004,SAZERAC CO INC             ,9157,2024-03-01,2024-03-08,2024-03-20,2024-04-22,0.62,116,71.92,1
58_HARTLEPOOL_11828,58,11828,Cupcake Svgn Bl,750mL,9815,WINE GROUP INC             ,12670,2024-10-18,2024-10-27,2024-11-01,2024-12-11,3.97,12,47.64,2
42_BLACK HOLLOW_3216,42,3216,Fleischmanns X Dry Gin,1.75L,660,SAZERAC NORTH AMERICA INC. ,12432,2024-10-02,2024-10-13,2024-10-21,2024-11-29,7.68,6,46.08,1
54_GUTHRAM_3385,54,3385,Pinnacle Strawbry Kiwi Vodka,1.75L,12546,JIM BEAM BRANDS COMPANY    ,11227,2024-07-17,2024-07-26,2024-08-01,2024-09-17,12.97,6,77.82,1
58_HARTLEPOOL_31501,58,31501,Barefoot Wh Znfdl Cal,1.5L,3252,E & J GALLO WINERY         ,12586,2024-10-13,2024-10-18,2024-10-31,2024-12-02,7.53,6,45.18,2
68_SOLARIS_3314,68,3314,El Jimador Blanco Tequila,1.75L,1128,BROWN-FORMAN CORP          ,10378,2024-05-25,2024-05-31,2024-06-11,2024-07-23,19.28,6,115.68,1
55_DRY GULCH_4701,55,4701,Fabrizia Limoncello,750mL,1655,FABRIZIA SPIRITS LLC       ,11048,2024-07-04,2024-07-14,2024-07-23,2024-08-21,12.68,6,76.08,1
38_GOULCREST_15156,38,15156,Yago Sant'Gria Red,3L,8352,LUXCO INC                  ,12198,2024-09-21,2024-09-29,2024-10-08,2024-11-16,8.84,1,8.84,2
68_SOLARIS_5364,68,5364,Kahlua,1.75L,17035,PERNOD RICARD USA          ,13040,2024-11-13,2024-11-23,2024-12-05,2025-01-11,23.07,3,69.21,1
49_GARIGILL_6385,49,6385,Fetzer Sundial Chard,1.5L,9165,ULTRA BEVERAGE COMPANY LLP ,9081,2024-02-24,2024-03-02,2024-03-13,2024-04-10,6.88,2,13.76,2
79_BALLYMENA_22270,79,22270,Markham Cab Svgn,750mL,4425,MARTIGNETTI COMPANIES,10875,2024-06-25,2024-07-02,2024-07-07,2024-08-17,27.02,12,324.24,2
9_BLACKPOOL_759,9,759,Bunnahabhain 12 Yr Single,750mL,9165,ULTRA BEVERAGE COMPANY LLP ,9445,2024-03-21,2024-03-30,2024-04-11,2024-05-13,37.0,3,111.0,1
44_PORTHCRAWL_36558,44,36558,Cruz Garcia Real Sangria Re,1.5L,8320,SHAW ROSS INT L IMP LTD    ,12364,2024-09-27,2024-10-06,2024-10-12,2024-11-17,6.66,6,39.96,2
50_MOUNTMEND_5195,50,5195,Jenkins Melon Liqueur,750mL,9552,M S WALKER INC             ,13379,2024-12-06,2024-12-12,2024-12-23,2025-01-22,4.72,12,56.64,1
64_CESTERFIELD_14701,64,14701,Cupcake Red Velvet,750mL,9815,WINE GROUP INC             ,8285,2023-12-31,2024-01-07,2024-01-18,2024-02-23,4.57,10,45.7,2
81_PEMBROKE_3046,81,3046,Ciroc Peach Vodka,1.75L,3960,DIAGEO NORTH AMERICA INC   ,11794,2024-08-24,2024-08-30,2024-09-09,2024-10-06,35.81,24,859.44,1
19_WINTERVALE_3951,19,3951,Hornitos Reposado Tequila,50mL,12546,JIM BEAM BRANDS COMPANY    ,10451,2024-05-30,2024-06-09,2024-06-20,2024-07-14,1.83,12,21.96,1
23_ARBINGTON_2287,23,2287,Johnnie Walker Double Black,750mL,3960,DIAGEO NORTH AMERICA INC   ,12676,2024-10-19,2024-10-25,2024-11-06,2024-12-05,29.22,36,1051.92,1
31_HORNSEY_6682,31,6682,R M Woodbridge Chard Cal,1.5L,1392,CONSTELLATION BRANDS INC   ,10681,2024-06-15,2024-06-23,2024-06-28,2024-08-08,6.03,5,30.15,2
73_DONCASTER_3016,73,3016,Bombay Sapphire East Gin,750mL,480,BACARDI USA INC            ,10999,2024-07-01,2024-07-07,2024-07-14,2024-08-18,14.59,12,175.08,1
16_LUNDY_6595,16,6595,Bogle Merlot,750mL,4425,MARTIGNETTI COMPANIES,13091,2024-11-16,2024-11-27,2024-12-05,2025-01-11,4.48,11,49.28,2
71_CLARCTON_3671,71,3671,Stolichnaya Razberi,50mL,8664,"STOLI GROUP,(USA) LLC      ",11254,2024-07-18,2024-07-25,2024-08-09,2024-09-01,1.54,120,184.8,1
10_HORNSEY_676,10,676,Pinnacle Whipped Vodka,750mL,12546,JIM BEAM BRANDS COMPANY    ,13557,2024-12-18,2024-12-30,2025-01-04,2025-02-17,8.65,7,60.55,1
41_LARNWICK_8454,41,8454,Tres Agaves Anejo Tequila,750mL,8892,TRINCHERO FAMILY ESTATES   ,10493,2024-06-01,2024-06-08,2024-06-14,2024-07-14,24.8,6,148.8,1
38_GOULCREST_17707,38,17707,Smoking Loon Steelbird Chard,750mL,9552,M S WALKER INC             ,9218,2024-03-06,2024-03-17,2024-03-24,2024-05-05,4.62,59,272.58,2
38_GOULCREST_28888,38,28888,Livingston Clrs Wh Znfdl Cal,3L,3252,E & J GALLO WINERY         ,13187,2024-11-23,2024-11-30,2024-12-13,2025-01-19,8.1,8,64.8,2
71_CLARCTON_34694,71,34694,Valley of the Moon Pnt Bl,750mL,9165,ULTRA BEVERAGE COMPANY LLP ,11185,2024-07-13,2024-07-18,2024-07-30,2024-08-30,9.67,12,116.04,2
39_EASTHALLOW_6938,39,6938,Vendange Chard,1.5L,1392,CONSTELLATION BRANDS INC   ,11526,2024-08-07,2024-08-15,2024-08-26,2024-09-24,4.69,5,23.45,2
73_DONCASTER_3961,73,3961,Grey Goose La Poire Vodka,750mL,480,BACARDI USA INC            ,13103,2024-11-17,2024-11-26,2024-12-01,2025-01-03,18.17,5,90.85,1
53_HILLFAR_2235,53,2235,Deanston SM Virgin Oak,750mL,9165,ULTRA BEVERAGE COMPANY LLP ,11044,2024-07-03,2024-07-11,2024-07-25,2024-08-22,19.56,6,117.36,1
22_SHARNWICK_36473,22,36473,The Crossings Svgn Bl Marlbo,750mL,4425,MARTIGNETTI COMPANIES,10943,2024-06-27,2024-07-05,2024-07-13,2024-08-28,8.38,11,92.18,2
38_GOULCREST_6682,38,6682,R M Woodbridge Chard Cal,1.5L,1392,CONSTELLATION BRANDS INC   ,9523,2024-03-27,2024-04-05,2024-04-17,2024-05-18,6.03,67,404.01,2
55_DRY GULCH_21685,55,21685,Cameron Hughes Cam Col Cab S,750mL,653,STATE WINE & SPIRITS   ,10826,2024-06-24,2024-06-28,2024-07-06,2024-08-07,9.39,4,37.56,2
23_ARBINGTON_20447,23,20447,Barefoot Bubbly Pink Moscato,187mL 4 Pk,3252,E & J GALLO WINERY         ,8438,2024-01-12,2024-01-21,2024-01-25,2024-03-12,6.53,6,39.18,2
27_MOUNTMEND_3356,27,3356,Svedka Vodka,375mL,1392,CONSTELLATION BRANDS INC   ,12655,2024-10-18,2024-10-27,2024-11-03,2024-12-13,4.47,4,17.88,1
71_CLARCTON_3878,71,3878,Smirnoff 80 Proof,750mL,3960,DIAGEO NORTH AMERICA INC   ,9585,2024-03-31,2024-04-06,2024-04-15,2024-05-26,7.96,10,79.6,1
50_MOUNTMEND_8170,50,8170,Courvoisier VS Cognac,50mL,12546,JIM BEAM BRANDS COMPANY    ,11549,2024-08-08,2024-08-17,2024-08-24,2024-09-22,2.17,432,937.44,1
7_STANMORE_5897,7,5897,99 Bananas,750mL,660,SAZERAC NORTH AMERICA INC. ,10894,2024-06-25,2024-07-01,2024-07-08,2024-08-12,7.46,12,89.52,1
52_GRAYCOTT_36378,52,36378,MezzaCorona Pnt Grigio,1.5L,9165,ULTRA BEVERAGE COMPANY LLP ,10344,2024-05-22,2024-06-03,2024-06-12,2024-07-23,6.83,12,81.96,2
79_BALLYMENA_4296,79,4296,Ronrico Silver Rum,1.75L,12546,JIM BEAM BRANDS COMPANY    ,12935,2024-11-06,2024-11-14,2024-11-28,2024-12-28,9.29,5,46.45,1
10_HORNSEY_28947,10,28947,R M Woodbridge Merlot Cal,1.5L,1392,CONSTELLATION BRANDS INC   ,11956,2024-09-05,2024-09-15,2024-09-20,2024-10-27,5.91,6,35.46,2
31_HORNSEY_1396,31,1396,Old Crow,1.75L,12546,JIM BEAM BRANDS COMPANY    ,8928,2024-02-15,2024-02-25,2024-03-07,2024-04-03,10.44,6,62.64,1
57_LANTEGLOS_8202,57,8202,Sambuca Romana,750mL,3960,DIAGEO NORTH AMERICA INC   ,11493,2024-08-04,2024-08-11,2024-08-17,2024-10-02,13.33,12,159.96,1
72_HARDERSFIELD_37731,72,37731,Corbett Canyon Chard,3L,9815,WINE GROUP INC             ,10256,2024-05-16,2024-05-25,2024-06-05,2024-07-12,6.7,5,33.5,2
39_EASTHALLOW_19848,39,19848,Carnivor Cab Svgn,750mL,3252,E & J GALLO WINERY         ,9169,2024-03-02,2024-03-10,2024-03-18,2024-04-26,5.33,12,63.96,2
60_IRRAGIN_1727,60,1727,West Cork Irish Whiskey,750mL,9552,M S WALKER INC             ,12697,2024-10-20,2024-10-24,2024-11-01,2024-12-05,17.05,6,102.3,1
66_EANVERNESS_4227,66,4227,Bacardi Superior Rum Trav,1.75L,480,BACARDI USA INC            ,11748,2024-08-22,2024-09-01,2024-09-06,2024-10-09,14.17,228,3230.76,1
50_MOUNTMEND_19464,50,19464,Flagstone Noon Gun White,750mL,2000,SOUTHERN WINE & SPIRITS NE ,10339,2024-05-22,2024-06-02,2024-06-07,2024-07-19,4.72,6,28.32,2
49_GARIGILL_7279,49,7279,Yago Sant'Gria Red,1.5L,8352,LUXCO INC                  ,11573,2024-08-09,2024-08-16,2024-08-24,2024-10-01,4.63,5,23.15,2
73_DONCASTER_19636,73,19636,Ch St Jean Chard Sonoma Cst,750mL,9819,TREASURY WINE ESTATES      ,11648,2024-08-14,2024-08-22,2024-09-04,2024-10-05,7.99,4,31.96,2
6_GOULCREST_6362,6,6362,Totts Brut Calif,750mL,3252,E & J GALLO WINERY         ,10084,2024-05-05,2024-05-09,2024-05-16,2024-06-29,5.29,12,63.48,2
64_CESTERFIELD_4260,64,4260,Capt Morgan Original Barrel,1.75L,3960,DIAGEO NORTH AMERICA INC   ,11028,2024-07-03,2024-07-14,2024-07-26,2024-08-18,16.66,12,199.92,1
18_FURNESS_2196,18,2196,Canadian Hunter Whiskey,1.75L,8004,SAZERAC CO INC             ,12939,2024-11-06,2024-11-18,2024-11-23,2025-01-01,10.6,12,127.2,1
16_LUNDY_6960,16,6960,Cooks Brut,750mL,1392,CONSTELLATION BRANDS INC   ,10986,2024-06-30,2024-07-08,2024-07-17,2024-08-27,4.6,12,55.2,2
31_HORNSEY_1239,31,1239,Booker's Bourbon,750mL,12546,JIM BEAM BRANDS COMPANY    ,8903,2024-02-12,2024-02-18,2024-02-22,2024-03-29,39.99,3,119.97,1
55_DRY GULCH_2015,55,2015,Jack Daniels Tennessee Honey,750mL,1128,BROWN-FORMAN CORP          ,12951,2024-11-07,2024-11-16,2024-11-29,2024-12-22,18.1,84,1520.4,1
33_HORNSEY_36770,33,36770,Yellow Tail Cab Svgn Ausl,1.5L,4425,MARTIGNETTI COMPANIES,10875,2024-06-25,2024-07-01,2024-07-07,2024-08-17,6.13,4,24.52,2
13_TARMSWORTH_16262,13,16262,The Dreaming Tree Crush Red,750mL,1392,CONSTELLATION BRANDS INC   ,13486,2024-12-13,2024-12-21,2024-12-28,2025-02-12,7.18,11,78.98,2
10_HORNSEY_5391,10,5391,Kamora Coffee,1.75L,12546,JIM BEAM BRANDS COMPANY    ,9305,2024-03-11,2024-03-16,2024-03-23,2024-04-25,12.02,11,132.22,1
69_MOUNTMEND_24779,69,24779,Straccali Chianti,1.5L,6785,PALM BAY INTERNATIONAL INC ,11014,2024-07-01,2024-07-08,2024-07-15,2024-08-21,6.84,6,41.04,2
46__16806,46,16806,Apothic Winemakers White,750mL,3252,E & J GALLO WINERY         ,10633,2024-06-12,2024-06-20,2024-07-03,2024-08-08,5.3,25,132.5,2
75_BARNCOMBE_3746,75,3746,Gordons Vodka 80 Proof,1.75L,3960,DIAGEO NORTH AMERICA INC   ,10936,2024-06-27,2024-07-07,2024-07-16,2024-08-13,8.52,5,42.6,1
7_STANMORE_2722,7,2722,J & B Rare,750mL,3960,DIAGEO NORTH AMERICA INC   ,13392,2024-12-07,2024-12-16,2024-12-22,2025-01-21,17.59,12,211.08,1
2_ASHBORNE_40098,2,40098,Black Box Merlot Cal,3L,1392,CONSTELLATION BRANDS INC   ,10986,2024-06-30,2024-07-08,2024-07-17,2024-08-27,10.38,11,114.18,2
72_HARDERSFIELD_1396,72,1396,Old Crow,1.75L,12546,JIM BEAM BRANDS COMPANY    ,10654,2024-06-13,2024-06-24,2024-07-04,2024-08-04,10.44,6,62.64,1
25_CAERSHIRE_45822,25,45822,Masciarelli Montepulciano,750mL,10754,PERFECTA WINES             ,13535,2024-12-15,2024-12-21,2024-12-30,2025-02-10,5.37,5,26.85,2
74_PAENTMARWY_2398,74,2398,Tullamore Dew,750mL,3664,WILLIAM GRANT & SONS INC   ,13266,2024-11-28,2024-12-07,2024-12-13,2025-01-20,16.4,72,1180.8,1
34_PITMERDEN_8480,34,8480,Clan MacGregor,1.75L,3664,WILLIAM GRANT & SONS INC   ,11107,2024-07-07,2024-07-15,2024-07-19,2024-08-24,11.19,4,44.76,1
41_LARNWICK_3684,41,3684,Fleischmanns Royal Vodka,1.75L,660,SAZERAC NORTH AMERICA INC. ,12118,2024-09-15,2024-09-20,2024-09-28,2024-11-07,7.68,10,76.8,1
41_LARNWICK_4223,41,4223,Bacardi Gold Rum,1.75L,480,BACARDI USA INC            ,11262,2024-07-19,2024-07-28,2024-08-02,2024-09-17,14.92,5,74.6,1
1_HARDERSFIELD_11141,1,11141,C K Mondavi Chard,1.5L,2000,SOUTHERN WINE & SPIRITS NE ,9862,2024-04-19,2024-04-27,2024-05-08,2024-06-09,5.55,6,33.3,2
12_LEESIDE_5197,12,5197,Southern Comfort,375mL,8004,SAZERAC CO INC             ,10946,2024-06-27,2024-07-07,2024-07-11,2024-08-13,5.75,22,126.5,1
31_HORNSEY_44148,31,44148,Polka Dot Rsl Pfalz,750mL,3252,E & J GALLO WINERY         ,8438,2024-01-12,2024-01-21,2024-01-25,2024-03-12,4.66,12,55.92,2
55_DRY GULCH_2366,55,2366,Templeton Rye Whiskey,750mL,9165,ULTRA BEVERAGE COMPANY LLP ,10562,2024-06-06,2024-06-15,2024-06-20,2024-08-02,25.36,6,152.16,1
28_LARNWICK_8023,28,8023,DeKuyper Triple Sec,750mL,12546,JIM BEAM BRANDS COMPANY    ,9708,2024-04-08,2024-04-13,2024-04-20,2024-05-21,3.28,11,36.08,1
60_IRRAGIN_15393,60,15393,Cupcake Pnt Grigio,750mL,9815,WINE GROUP INC             ,10532,2024-06-03,2024-06-09,2024-06-19,2024-07-16,4.51,12,54.12,2
72_HARDERSFIELD_31231,72,31231,Nobilo Svgn Bl MarlborougH,750mL,1392,CONSTELLATION BRANDS INC   ,13645,2024-12-23,2024-12-30,2025-01-10,2025-02-02,6.49,9,58.41,2
19_WINTERVALE_4261,19,4261,Capt Morgan Spiced Rum,1.75L,3960,DIAGEO NORTH AMERICA INC   ,8622,2024-01-25,2024-02-04,2024-02-09,2024-03-13,16.17,34,549.78,1
15_WANBORNE_3286,15,3286,Ciroc Snap Frost Vodka,1.75L,3960,DIAGEO NORTH AMERICA INC   ,9018,2024-02-21,2024-02-29,2024-03-10,2024-04-09,36.08,6,216.48,1
61_AETHELNEY_4226,61,4226,Bacardi Superior Rum Trav,750mL,480,BACARDI USA INC            ,13103,2024-11-17,2024-11-23,2024-12-01,2025-01-03,7.68,34,261.12,1
34_PITMERDEN_3296,34,3296,Belvedere Pink Grapefruit,750mL,8112,MOET HENNESSY USA INC      ,10771,2024-06-21,2024-06-29,2024-07-04,2024-08-20,15.99,10,159.9,1
6_GOULCREST_4291,6,4291,Ronrico Gold,1.75L,12546,JIM BEAM BRANDS COMPANY    ,11416,2024-07-29,2024-08-03,2024-08-16,2024-09-10,10.39,6,62.34,1
60_IRRAGIN_2158,60,2158,Sortilege Liqueur,375mL,6830,PARK STREET IMPORTS LLC    ,12321,2024-09-25,2024-10-04,2024-10-14,2024-11-12,12.4,6,74.4,1
77_TAMWORTH_6553,77,6553,Harveys Bristol Cream Sherry,750mL,12546,JIM BEAM BRANDS COMPANY    ,12134,2024-09-16,2024-09-20,2024-09-29,2024-11-07,7.74,12,92.88,2
73_DONCASTER_5212,73,5212,Margaritaville Silver,1.75L,8004,SAZERAC CO INC             ,11218,2024-07-15,2024-07-22,2024-07-27,2024-09-10,15.38,3,46.14,1
69_MOUNTMEND_41713,69,41713,Fish Eye Merlot,750mL,9815,WINE GROUP INC             ,12906,2024-11-03,2024-11-08,2024-11-22,2024-12-29,3.22,12,38.64,2
34_PITMERDEN_5714,34,5714,Jose Cuervo Lime Margarita,200mL 4 Pk,7245,PROXIMO SPIRITS INC.       ,13536,2024-12-15,2024-12-21,2024-12-29,2025-02-06,7.14,3,21.42,1
4_EANVERNESS_34460,4,34460,Dr Loosen Rsl 'Dr L' M,750mL,4425,MARTIGNETTI COMPANIES,10247,2024-05-16,2024-05-26,2024-06-07,2024-07-05,7.23,12,86.76,2
76_DONCASTER_10874,76,10874,Cantine Maschio Prosecco Brt,750mL,516,BANFI PRODUCTS CORP        ,12108,2024-09-15,2024-09-19,2024-09-27,2024-10-30,7.53,12,90.36,2
61_AETHELNEY_5138,61,5138,Fireball Cinnamon Whisky,750mL,8004,SAZERAC CO INC             ,8867,2024-02-10,2024-02-15,2024-02-27,2024-03-26,11.1,9,99.9,1
49_GARIGILL_6688,49,6688,Ch St Jean Chard California,750mL,9819,TREASURY WINE ESTATES      ,8757,2024-02-02,2024-02-12,2024-02-23,2024-04-01,5.81,7,40.67,2
41_LARNWICK_18988,41,18988,Franzia Chillable Red Tap,5L,9815,WINE GROUP INC             ,12234,2024-09-22,2024-09-28,2024-10-11,2024-11-09,8.9,3,26.7,2
38_GOULCREST_18551,38,18551,Antigal Uno Malbec Mendoza,750mL,9552,M S WALKER INC             ,11692,2024-08-17,2024-08-25,2024-08-31,2024-10-16,10.2,11,112.2,2
6_GOULCREST_22899,6,22899,Simi Svgn Bl,750mL,1392,CONSTELLATION BRANDS INC   ,13375,2024-12-06,2024-12-13,2024-12-20,2025-01-28,6.53,48,313.44,2
51_ABERDEEN_4488,51,4488,Zhenka Tropical Dark Rum,1.75L,9552,M S WALKER INC             ,8345,2024-01-05,2024-01-15,2024-01-19,2024-03-02,8.02,18,144.36,1
2_ASHBORNE_27644,2,27644,Cline Znfdl Cal,750mL,4425,MARTIGNETTI COMPANIES,10068,2024-05-04,2024-05-12,2024-05-16,2024-06-16,6.84,12,82.08,2
60_IRRAGIN_2782,60,2782,The Gifted Horse,750mL,3960,DIAGEO NORTH AMERICA INC   ,9904,2024-04-22,2024-04-28,2024-05-07,2024-06-14,39.05,12,468.6,1
56_BEGGAR'S HOLE_3689,56,3689,Stolichnaya Vanil,750mL,8664,"STOLI GROUP,(USA) LLC      ",11503,2024-08-04,2024-08-10,2024-08-23,2024-09-24,12.77,12,153.24,1
47_PELLA'S WISH_16794,47,16794,Freakshow Cab Svgn,750mL,4425,MARTIGNETTI COMPANIES,11693,2024-08-17,2024-08-26,2024-08-31,2024-10-15,10.94,6,65.64,2
53_HILLFAR_9388,53,9388,Hennessy Privilege VSOP,375mL,8112,MOET HENNESSY USA INC      ,8278,2023-12-31,2024-01-06,2024-01-15,2024-02-15,17.14,12,205.68,1
6_GOULCREST_1346,6,1346,Knob Creek Bourbon,750mL,12546,JIM BEAM BRANDS COMPANY    ,13557,2024-12-18,2024-12-27,2025-01-04,2025-02-17,22.55,5,112.75,1
66_EANVERNESS_7221,66,7221,M & R Sweet Vermouth,1.5L,480,BACARDI USA INC            ,12236,2024-09-23,2024-09-26,2024-10-07,2024-11-10,6.86,5,34.3,2
76_DONCASTER_4438,76,4438,Cruzan Black Cherry Rum,750mL,12546,JIM BEAM BRANDS COMPANY    ,13056,2024-11-14,2024-11-26,2024-11-28,2025-01-15,7.35,10,73.5,1
73_DONCASTER_32907,73,32907,Sterling Vintners Cltn Chard,750mL,1590,DIAGEO CHATEAU ESTATE WINES,13206,2024-11-24,2024-11-29,2024-12-06,2025-01-10,5.37,21,112.77,2
72_HARDERSFIELD_4764,72,4764,Flor de Cana Gran Rsv Rum,750mL,3664,WILLIAM GRANT & SONS INC   ,9276,2024-03-09,2024-03-15,2024-03-22,2024-05-06,14.81,3,44.43,1
58_HARTLEPOOL_8793,58,8793,Fabrizia's Margarita RTD,1.75L,1655,FABRIZIA SPIRITS LLC       ,12196,2024-09-21,2024-09-29,2024-10-04,2024-11-11,15.07,1,15.07,1
17_OLDHAM_3696,17,3696,Gilbeys Vodka,1.75L,12546,JIM BEAM BRANDS COMPANY    ,9118,2024-02-28,2024-03-08,2024-03-19,2024-04-21,7.6,6,45.6,1
74_PAENTMARWY_27105,74,27105,Lan Rioja 2011 Ltd Edition,750mL,7153,PINE STATE TRADING CO      ,12049,2024-09-11,2024-09-21,2024-10-01,2024-11-01,29.79,6,178.74,2
1_HARDERSFIELD_28658,1,28658,R Mondavi Pnt Nr Pvt Sel,750mL,1392,CONSTELLATION BRANDS INC   ,8108,2023-12-20,2024-01-01,2024-01-11,2024-02-10,4.53,12,54.36,2
66_EANVERNESS_4346,66,4346,Mr Boston Dark Rum,1.75L,660,SAZERAC NORTH AMERICA INC. ,13402,2024-12-07,2024-12-15,2024-12-22,2025-01-19,8.39,6,50.34,1
74_PAENTMARWY_2757,74,2757,Johnnie Walker Red Label,1.75L,3960,DIAGEO NORTH AMERICA INC   ,9199,2024-03-04,2024-03-07,2024-03-21,2024-04-29,22.38,4,89.52,1
21_BALERNO_3827,21,3827,Popov Vodka,1.75L,3960,DIAGEO NORTH AMERICA INC   ,11907,2024-09-01,2024-09-06,2024-09-13,2024-10-19,9.28,6,55.68,1
43_WOLFORD_3684,43,3684,Fleischmanns Royal Vodka,1.75L,660,SAZERAC NORTH AMERICA INC. ,9925,2024-04-24,2024-05-04,2024-05-13,2024-06-14,7.68,16,122.88,1
32_MOUNTMEND_33879,32,33879,Gallo Twin Valley Wh Merlot,1.5L,3252,E & J GALLO WINERY         ,8537,2024-01-19,2024-01-26,2024-02-07,2024-03-08,6.45,6,38.7,2
6_GOULCREST_41034,6,41034,Menage a Trois Red,750mL,8892,TRINCHERO FAMILY ESTATES   ,9545,2024-03-28,2024-04-04,2024-04-18,2024-05-19,5.26,24,126.24,2
22_SHARNWICK_3364,22,3364,Absolut Ruby Red,1.75L,17035,PERNOD RICARD USA          ,9440,2024-03-21,2024-03-28,2024-04-10,2024-05-17,17.85,6,107.1,1
33_HORNSEY_3913,33,3913,Svedka Vodka,1.75L,1392,CONSTELLATION BRANDS INC   ,12518,2024-10-09,2024-10-21,2024-10-24,2024-11-28,14.28,3,42.84,1
73_DONCASTER_2062,73,2062,Woodford Reserve Bourbon,1.75L,1128,BROWN-FORMAN CORP          ,10201,2024-05-13,2024-05-19,2024-05-24,2024-07-08,44.11,3,132.33,1
13_TARMSWORTH_3444,13,3444,Hornitos Plata Tequila,1.75L,12546,JIM BEAM BRANDS COMPANY    ,13421,2024-12-08,2024-12-14,2024-12-24,2025-01-21,29.13,6,174.78,1
68_SOLARIS_33214,68,33214,Sycamore Lane Merlot Cal,1.5L,8892,TRINCHERO FAMILY ESTATES   ,10255,2024-05-16,2024-05-24,2024-05-30,2024-07-15,5.82,2,11.64,2
1_HARDERSFIELD_2121,1,2121,Canadian Club Traveler,750mL,12546,JIM BEAM BRANDS COMPANY    ,11464,2024-08-02,2024-08-12,2024-08-22,2024-09-22,7.8,10,78.0,1
15_WANBORNE_3488,15,3488,Tanqueray,750mL,3960,DIAGEO NORTH AMERICA INC   ,11794,2024-08-24,2024-09-01,2024-09-09,2024-10-06,15.62,9,140.58,1
13_TARMSWORTH_3500,13,3500,Tito's Handmade Vodka,50mL,4425,MARTIGNETTI COMPANIES,11053,2024-07-04,2024-07-13,2024-07-25,2024-08-22,1.07,58,62.06,1
10_HORNSEY_8562,10,8562,DeKuyper Peachtree Trav,1.75L,12546,JIM BEAM BRANDS COMPANY    ,11227,2024-07-17,2024-07-27,2024-08-01,2024-09-17,11.44,4,45.76,1
14_BROMWICH_8450,14,8450,E & J Brandy VS,1.75L,3252,E & J GALLO WINERY         ,8879,2024-02-11,2024-02-17,2024-02-25,2024-04-06,13.86,5,69.3,1
75_BARNCOMBE_5780,75,5780,Malibu Black,750mL,17035,PERNOD RICARD USA          ,11372,2024-07-26,2024-08-02,2024-08-12,2024-09-12,10.44,11,114.84,1
31_HORNSEY_5765,31,5765,Jose Cuervo Lime Margarita,1.75L,7245,PROXIMO SPIRITS INC.       ,11680,2024-08-16,2024-08-25,2024-08-30,2024-10-14,10.36,5,51.8,1
73_DONCASTER_5962,73,5962,Vermont Ice Maple Creme,750mL,9165,ULTRA BEVERAGE COMPANY LLP ,11044,2024-07-03,2024-07-12,2024-07-25,2024-08-22,17.26,6,103.56,1
55_DRY GULCH_25021,55,25021,Mark West Black Pnt Nr,750mL,1392,CONSTELLATION BRANDS INC   ,12457,2024-10-04,2024-10-12,2024-10-25,2024-11-28,7.28,12,87.36,2
60_IRRAGIN_31186,60,31186,Almaden Merlot Cal B/B,5L,9815,WINE GROUP INC             ,12012,2024-09-07,2024-09-12,2024-09-25,2024-10-28,10.8,4,43.2,2
76_DONCASTER_3762,76,3762,Patron Silver Tequila,50mL,9165,ULTRA BEVERAGE COMPANY LLP ,11969,2024-09-05,2024-09-14,2024-09-27,2024-10-21,4.61,58,267.38,1
73_DONCASTER_31493,73,31493,Barefoot Merlot Cal,750mL,3252,E & J GALLO WINERY         ,10953,2024-06-28,2024-07-05,2024-07-13,2024-08-14,3.33,12,39.96,2
22_SHARNWICK_3405,22,3405,Tito's Handmade Vodka,1.75L,4425,MARTIGNETTI COMPANIES,8159,2023-12-23,2024-01-01,2024-01-05,2024-02-13,23.19,11,255.09,1
32_MOUNTMEND_4145,32,4145,Don Q Cristal Rum,1.75L,98450,Serralles Usa LLC          ,10456,2024-05-30,2024-06-10,2024-06-18,2024-07-28,12.68,5,63.4,1
38_GOULCREST_28890,38,28890,Peter Vella Wh Znfdl Cal,5L,3252,E & J GALLO WINERY         ,8438,2024-01-12,2024-01-20,2024-01-25,2024-03-12,9.99,4,39.96,2
81_PEMBROKE_14701,81,14701,Cupcake Red Velvet,750mL,9815,WINE GROUP INC             ,11833,2024-08-26,2024-09-03,2024-09-07,2024-10-08,4.57,60,274.2,2
69_MOUNTMEND_10254,69,10254,Beringer Classic Chard,750mL,9819,TREASURY WINE ESTATES      ,10828,2024-06-24,2024-06-30,2024-07-10,2024-08-14,3.37,15,50.55,2
60_IRRAGIN_3745,60,3745,Taaka Vodka Traveler,750mL,8004,SAZERAC CO INC             ,8611,2024-01-24,2024-02-01,2024-02-10,2024-03-18,3.07,9,27.63,1
49_GARIGILL_12203,49,12203,Cavit Prosecco Lunetta,187mL 3 Pk,6785,PALM BAY INTERNATIONAL INC ,11057,2024-07-04,2024-07-15,2024-07-22,2024-08-27,6.84,8,54.72,2
30_CULCHETH_3295,30,3295,Tito's Handmade Vodka,375mL,4425,MARTIGNETTI COMPANIES,12047,2024-09-11,2024-09-22,2024-10-02,2024-10-29,7.93,12,95.16,1
57_LANTEGLOS_4113,57,4113,Capt Morgan White,50mL,3960,DIAGEO NORTH AMERICA INC   ,13084,2024-11-16,2024-11-25,2024-12-03,2025-01-06,0.74,115,85.1,1
72_HARDERSFIELD_3857,72,3857,Grey Goose Vodka,1.75L,480,BACARDI USA INC            ,13238,2024-11-27,2024-12-09,2024-12-20,2025-01-23,38.27,6,229.62,1
76_DONCASTER_6498,76,6498,Franzia Chablis Old World C,5L,9815,WINE GROUP INC             ,12670,2024-10-18,2024-10-28,2024-11-01,2024-12-11,9.73,4,38.92,2
34_PITMERDEN_5367,34,5367,Sambuca di Amore,750mL,660,SAZERAC NORTH AMERICA INC. ,13402,2024-12-07,2024-12-15,2024-12-22,2025-01-19,5.83,1,5.83,1
49_GARIGILL_24535,49,24535,Giesen Svgn Bl,750mL,653,STATE WINE & SPIRITS   ,9703,2024-04-07,2024-04-12,2024-04-20,2024-05-31,7.74,12,92.88,2
67_EANVERNESS_31201,67,31201,Beringer Fndrs Est Cab Svgn,750mL,9819,TREASURY WINE ESTATES      ,8147,2023-12-22,2024-01-02,2024-01-05,2024-02-17,6.03,12,72.36,2
33_HORNSEY_15737,33,15737,Naked Ryan Patrick Vyd Chard,750mL,90047,CRUSH WINES                ,10117,2024-05-08,2024-05-20,2024-05-27,2024-06-26,6.49,4,25.96,2
11_CARDEND_27854,11,27854,F Coppola Black Label Claret,750mL,2000,SOUTHERN WINE & SPIRITS NE ,10339,2024-05-22,2024-06-02,2024-06-07,2024-07-19,10.2,12,122.4,2
66_EANVERNESS_8361,66,8361,Carlo Rossi Chablis Calif,4L,3252,E & J GALLO WINERY         ,8238,2023-12-29,2024-01-04,2024-01-18,2024-02-14,10.06,8,80.48,2
14_BROMWICH_28947,14,28947,R M Woodbridge Merlot Cal,1.5L,1392,CONSTELLATION BRANDS INC   ,13121,2024-11-18,2024-11-21,2024-12-01,2024-12-29,5.91,18,106.38,2
63_SWORDBREAK_14706,63,14706,Cupcake Prosecco,750mL,9815,WINE GROUP INC             ,8285,2023-12-31,2024-01-05,2024-01-18,2024-02-23,4.6,12,55.2,2
60_IRRAGIN_6570,60,6570,Kendall Jackson Chard Vt RSV,750mL,10000,MAJESTIC FINE WINES        ,13191,2024-11-23,2024-12-01,2024-12-10,2025-01-10,6.77,50,338.5,2
34_PITMERDEN_2143,34,2143,Canadian Mist,1.75L,1128,BROWN-FORMAN CORP          ,10378,2024-05-25,2024-05-30,2024-06-11,2024-07-23,10.07,3,30.21,1
4_EANVERNESS_6937,4,6937,Cavit Pinot Grigio,1.5L,6785,PALM BAY INTERNATIONAL INC ,9221,2024-03-06,2024-03-16,2024-03-22,2024-04-28,6.75,10,67.5,2
66_EANVERNESS_2443,66,2443,Seagrams VO,1.75L,3960,DIAGEO NORTH AMERICA INC   ,11907,2024-09-01,2024-09-09,2024-09-13,2024-10-19,13.48,12,161.76,1
78_EASTHAVEN_4380,78,4380,Ron Virgin Heavy Bodied Rum,1.75L,9552,M S WALKER INC             ,8712,2024-01-31,2024-02-11,2024-02-23,2024-03-20,10.84,12,130.08,1
61_AETHELNEY_5058,61,5058,Capt Morgan Long Isl Tea RTD,1.75L,3960,DIAGEO NORTH AMERICA INC   ,9766,2024-04-13,2024-04-18,2024-05-01,2024-06-02,11.93,6,71.58,1
24_PALPERROTH_5111,24,5111,Dr McGillicuddy's Mentholmnt,50mL,8004,SAZERAC CO INC             ,13364,2024-12-05,2024-12-15,2024-12-19,2025-02-01,0.72,106,76.32,1
30_CULCHETH_34427,30,34427,Frei Bros RSV Cab Svgn Alex,750mL,3252,E & J GALLO WINERY         ,11656,2024-08-15,2024-08-25,2024-09-03,2024-10-15,13.81,12,165.72,2
22_SHARNWICK_16837,22,16837,Beringer Classic Pink Moscat,750mL,9819,TREASURY WINE ESTATES      ,13332,2024-12-02,2024-12-08,2024-12-12,2025-01-28,3.42,14,47.88,2
50_MOUNTMEND_4722,50,4722,Remy Martin VSOP Cognac,750mL,7239,REMY COINTREAU USA INC     ,11484,2024-08-03,2024-08-08,2024-08-18,2024-09-15,27.77,23,638.71,1
9_BLACKPOOL_5311,9,5311,Amaretto DiSaronno,1.75L,2555,DISARONNO INTERNATIONAL LLC,9098,2024-02-26,2024-03-02,2024-03-15,2024-04-18,23.7,6,142.2,1
21_BALERNO_8819,21,8819,Leroux Blackberry Brandy,750mL,12546,JIM BEAM BRANDS COMPANY    ,13557,2024-12-18,2024-12-29,2025-01-04,2025-02-17,5.1,12,61.2,1
58_HARTLEPOOL_5708,58,5708,Dr McGillicuddy's Root Beer,50mL,8004,SAZERAC CO INC             ,8492,2024-01-15,2024-01-19,2024-02-01,2024-03-13,0.38,4,1.52,1
52_GRAYCOTT_3054,52,3054,Smirnoff Kissed Caramel,750mL,3960,DIAGEO NORTH AMERICA INC   ,13487,2024-12-13,2024-12-23,2024-12-29,2025-02-06,8.14,11,89.54,1
39_EASTHALLOW_24188,39,24188,St Francis Cab Svgn Sonoma,750mL,4692,KOBRAND CORPORATION        ,9262,2024-03-09,2024-03-17,2024-03-23,2024-04-30,8.55,12,102.6,2
39_EASTHALLOW_40098,39,40098,Black Box Merlot Cal,3L,1392,CONSTELLATION BRANDS INC   ,8419,2024-01-11,2024-01-18,2024-01-30,2024-03-01,10.38,5,51.9,2
55_DRY GULCH_2520,55,2520,The Macallan 12 Yr Old,750mL,2561,EDRINGTON AMERICAS         ,11172,2024-07-13,2024-07-19,2024-08-01,2024-09-02,42.21,11,464.31,1
74_PAENTMARWY_3246,74,3246,Bentley's Vodka,1.75L,8004,SAZERAC CO INC             ,8561,2024-01-20,2024-01-29,2024-02-01,2024-03-15,6.71,9,60.39,1
38_GOULCREST_840,38,840,Bols Peach Flavored Brandy,Liter,6213,MHW LTD                    ,11146,2024-07-11,2024-07-19,2024-08-01,2024-09-11,8.79,12,105.48,1
33_HORNSEY_24634,33,24634,Marques de Caceres RSV Red,750mL,1587,VINEYARD BRANDS INC        ,11831,2024-08-26,2024-09-02,2024-09-06,2024-10-17,10.27,35,359.45,2
58_HARTLEPOOL_2752,58,2752,Johnnie Walker Black Label,750mL,3960,DIAGEO NORTH AMERICA INC   ,12369,2024-09-28,2024-10-06,2024-10-13,2024-11-24,26.31,12,315.72,1
38_GOULCREST_11460,38,11460,Freemark Abbey Cab Svgn Napa,750mL,9552,M S WALKER INC             ,8553,2024-01-20,2024-01-25,2024-02-01,2024-03-13,27.02,12,324.24,2
7_STANMORE_35862,7,35862,Allegrini Palazzo Della Tor,750mL,3252,E & J GALLO WINERY         ,8879,2024-02-11,2024-02-19,2024-02-25,2024-04-06,13.6,12,163.2,2
38_GOULCREST_13779,38,13779,Banfi Centine Rose Toscana,750mL,516,BANFI PRODUCTS CORP        ,10326,2024-05-22,2024-05-31,2024-06-06,2024-07-19,6.49,12,77.88,2
27_MOUNTMEND_5505,27,5505,Pallini Limoncello Liqueur,750mL,1485,CASTLE BRANDS CORP.        ,11773,2024-08-23,2024-08-31,2024-09-07,2024-10-18,14.5,6,87.0,1
73_DONCASTER_1476,73,1476,Jim Beam Traveler,1.75L,12546,JIM BEAM BRANDS COMPANY    ,9087,2024-02-25,2024-03-04,2024-03-07,2024-04-14,16.05,45,722.25,1
55_DRY GULCH_10603,55,10603,Parducci Petite Sirah,750mL,9552,M S WALKER INC             ,8553,2024-01-20,2024-01-27,2024-02-01,2024-03-13,7.58,12,90.96,2
4_EANVERNESS_2077,4,2077,John Barr Rsv Black Scotch,750mL,7153,PINE STATE TRADING CO      ,13439,2024-12-09,2024-12-12,2024-12-23,2025-01-21,17.59,12,211.08,1
41_LARNWICK_1663,41,1663,Jim Beam Maple,50mL,12546,JIM BEAM BRANDS COMPANY    ,8503,2024-01-17,2024-01-26,2024-02-02,2024-03-08,0.74,118,87.32,1
75_BARNCOMBE_4103,75,4103,Capt Morgan White,750mL,3960,DIAGEO NORTH AMERICA INC   ,12149,2024-09-18,2024-09-27,2024-10-08,2024-11-07,11.19,12,134.28,1
76_DONCASTER_5105,76,5105,Dr McGillicuddy's Mentholmnt,1.75L,8004,SAZERAC CO INC             ,11452,2024-08-01,2024-08-08,2024-08-16,2024-09-20,14.81,4,59.24,1
61_AETHELNEY_4787,61,4787,Appleton Special Gold Rum,1.75L,11567,CAMPARI AMERICA            ,8269,2023-12-31,2024-01-06,2024-01-19,2024-02-19,15.03,6,90.18,1
59_CLAETHORPES_38179,59,38179,Rex Goliath Chard,750mL,1392,CONSTELLATION BRANDS INC   ,10098,2024-05-06,2024-05-11,2024-05-21,2024-07-02,4.13,12,49.56,2
32_MOUNTMEND_5490,32,5490,DeKuyper Hot Damn Cinnamon,50mL,12546,JIM BEAM BRANDS COMPANY    ,8503,2024-01-17,2024-01-29,2024-02-02,2024-03-08,0.76,4,3.04,1
17_OLDHAM_6281,17,6281,Franzia Sunset Blush Tap,5L,9815,WINE GROUP INC             ,10256,2024-05-16,2024-05-24,2024-06-05,2024-07-12,8.96,7,62.72,2
49_GARIGILL_43450,49,43450,Fish Eye Pnt Grigio,3L,9815,WINE GROUP INC             ,11339,2024-07-24,2024-08-02,2024-08-15,2024-09-25,11.33,2,22.66,2
66_EANVERNESS_4153,66,4153,Jenkins Rum,1.75L,9552,M S WALKER INC             ,10769,2024-06-21,2024-06-28,2024-07-04,2024-08-14,9.59,6,57.54,1
76_DONCASTER_3636,76,3636,Dr McGillicuddy's Mentholmnt,375mL,8004,SAZERAC CO INC             ,9365,2024-03-16,2024-03-21,2024-03-29,2024-05-10,5.03,24,120.72,1
35_HALIVAARA_3534,35,3534,Milagro Silver Tequila,750mL,3664,WILLIAM GRANT & SONS INC   ,12178,2024-09-19,2024-09-27,2024-10-11,2024-11-10,18.17,6,109.02,1
51_ABERDEEN_8082,51,8082,Baileys Irish Cream,1.75L,3960,DIAGEO NORTH AMERICA INC   ,13226,2024-11-25,2024-11-30,2024-12-05,2025-01-10,21.73,33,717.09,1
66_EANVERNESS_1346,66,1346,Knob Creek Bourbon,750mL,12546,JIM BEAM BRANDS COMPANY    ,8659,2024-01-27,2024-02-03,2024-02-14,2024-03-19,22.55,5,112.75,1
73_DONCASTER_46201,73,46201,Petite Petit Phillips Lodi,750mL,4425,MARTIGNETTI COMPANIES,9309,2024-03-11,2024-03-15,2024-03-22,2024-04-25,11.25,12,135.0,2
62_KILMARNOCK_5445,62,5445,Jagermeister Liqueur,750mL,3089,SIDNEY FRANK IMPORTING CO  ,13405,2024-12-07,2024-12-14,2024-12-22,2025-02-02,11.76,10,117.6,1
24_PALPERROTH_3409,24,3409,Crystal Head Vodka,750mL,9165,ULTRA BEVERAGE COMPANY LLP ,9148,2024-02-29,2024-03-10,2024-03-16,2024-04-25,32.14,6,192.84,1
52_GRAYCOTT_7159,52,7159,Ruffino Chianti,750mL,1392,CONSTELLATION BRANDS INC   ,9749,2024-04-12,2024-04-22,2024-04-28,2024-05-26,4.72,24,113.28,2
19_WINTERVALE_3826,19,3826,Skyy Vodka,1.75L,11567,CAMPARI AMERICA            ,12502,2024-10-07,2024-10-11,2024-10-22,2024-11-21,15.74,2,31.48,1
10_HORNSEY_903,10,903,Bombay Sapphire Gin,Liter,480,BACARDI USA INC            ,11606,2024-08-11,2024-08-17,2024-08-28,2024-10-01,18.79,12,225.48,1
53_HILLFAR_6938,53,6938,Vendange Chard,1.5L,1392,CONSTELLATION BRANDS INC   ,11071,2024-07-05,2024-07-13,2024-07-18,2024-09-03,4.69,6,28.14,2
1_HARDERSFIELD_5135,1,5135,Ancho Reyes Chile Liqueur,750mL,3664,WILLIAM GRANT & SONS INC   ,8136,2023-12-21,2024-01-01,2024-01-11,2024-02-14,17.26,3,51.78,1
76_DONCASTER_26091,76,26091,Pacific Rim Rsl,750mL,9165,ULTRA BEVERAGE COMPANY LLP ,11044,2024-07-03,2024-07-11,2024-07-25,2024-08-22,6.2,12,74.4,2
38_GOULCREST_3625,38,3625,Absolut 80 Proof,750mL,17035,PERNOD RICARD USA          ,12203,2024-09-21,2024-09-28,2024-10-03,2024-11-03,12.59,6,75.54,1
67_EANVERNESS_40337,67,40337,Da Vinci Chianti Tuscany,750mL,3252,E & J GALLO WINERY         ,11431,2024-07-31,2024-08-11,2024-08-21,2024-10-01,6.57,12,78.84,2
56_BEGGAR'S HOLE_1383,56,1383,Smirnoff Red White & Berry,750mL,3960,DIAGEO NORTH AMERICA INC   ,10754,2024-06-20,2024-06-29,2024-07-10,2024-08-20,8.02,11,88.22,1
81_PEMBROKE_32648,81,32648,Beringer Classic Wh Znfdl,1.5L,9819,TREASURY WINE ESTATES      ,11830,2024-08-26,2024-09-01,2024-09-05,2024-10-23,5.3,6,31.8,2
9_BLACKPOOL_31186,9,31186,Almaden Merlot Cal B/B,5L,9815,WINE GROUP INC             ,13353,2024-12-04,2024-12-12,2024-12-23,2025-01-21,10.8,2,21.6,2
25_CAERSHIRE_8386,25,8386,Dry Sack Sherry,750mL,6785,PALM BAY INTERNATIONAL INC ,11450,2024-08-01,2024-08-12,2024-08-23,2024-09-29,9.85,12,118.2,1
66_EANVERNESS_25716,66,25716,Grgich Hills Chard Napa,750mL,4425,MARTIGNETTI COMPANIES,10438,2024-05-29,2024-06-10,2024-06-17,2024-07-31,25.8,8,206.4,2
60_IRRAGIN_3857,60,3857,Grey Goose Vodka,1.75L,480,BACARDI USA INC            ,9533,2024-03-28,2024-04-07,2024-04-16,2024-05-12,38.27,11,420.97,1
58_HARTLEPOOL_6876,58,6876,Sutter Home Clsc Chard,187mL 4 Pk,8892,TRINCHERO FAMILY ESTATES   ,13130,2024-11-18,2024-11-22,2024-12-05,2025-01-12,3.97,6,23.82,2
56_BEGGAR'S HOLE_6574,56,6574,Franzia Tap Wh Znfdl Cal,5L,9815,WINE GROUP INC             ,11474,2024-08-02,2024-08-10,2024-08-16,2024-09-21,9.99,3,29.97,2
11_CARDEND_37387,11,37387,Truchard Carneros Cab Svgn,750mL,10754,PERFECTA WINES             ,8408,2024-01-10,2024-01-19,2024-02-01,2024-03-06,21.37,12,256.44,2
1_HARDERSFIELD_26948,1,26948,Ferrari-Carano Chard,750mL,2000,SOUTHERN WINE & SPIRITS NE ,9441,2024-03-21,2024-04-01,2024-04-05,2024-05-07,11.53,48,553.44,2
18_FURNESS_3545,18,3545,Ketel One Vodka,1.75L,3960,DIAGEO NORTH AMERICA INC   ,12044,2024-09-11,2024-09-23,2024-09-29,2024-11-13,21.89,3,65.67,1
33_HORNSEY_3859,33,3859,Smirnoff 80 Proof,375mL,3960,DIAGEO NORTH AMERICA INC   ,8310,2024-01-03,2024-01-12,2024-01-19,2024-02-23,6.81,24,163.44,1
67_EANVERNESS_6535,67,6535,Sandeman Tawny Port,750mL,17035,PERNOD RICARD USA          ,12475,2024-10-05,2024-10-12,2024-10-25,2024-11-22,7.14,12,85.68,2
79_BALLYMENA_24592,79,24592,Vendange Cab Svgn,1.5L,1392,CONSTELLATION BRANDS INC   ,13645,2024-12-23,2024-12-31,2025-01-10,2025-02-02,4.69,6,28.14,2
60_IRRAGIN_25808,60,25808,Edna Valley Chard,750mL,3252,E & J GALLO WINERY         ,12586,2024-10-13,2024-10-21,2024-10-31,2024-12-02,7.84,32,250.88,2
15_WANBORNE_3840,15,3840,Smirnoff Raspberry Vodka,1.75L,3960,DIAGEO NORTH AMERICA INC   ,11996,2024-09-07,2024-09-16,2024-09-21,2024-10-25,14.39,4,57.56,1
33_HORNSEY_13723,33,13723,Big House Red,3L,9815,WINE GROUP INC             ,12551,2024-10-10,2024-10-20,2024-10-28,2024-12-05,11.56,6,69.36,2
67_EANVERNESS_1376,67,1376,Jim Beam,1.75L,12546,JIM BEAM BRANDS COMPANY    ,10007,2024-04-29,2024-05-03,2024-05-12,2024-06-22,16.29,11,179.19,1
32_MOUNTMEND_44041,32,44041,Bella Sera Pinot Noir Delle,1.5L,3252,E & J GALLO WINERY         ,12016,2024-09-08,2024-09-12,2024-09-26,2024-11-01,7.61,6,45.66,2
59_CLAETHORPES_34904,59,34904,Smoking Loon Chard,750mL,9552,M S WALKER INC             ,9218,2024-03-06,2024-03-16,2024-03-24,2024-05-05,4.68,10,46.8,2
68_SOLARIS_19946,68,19946,Dolin Sweet White Vermouth,750mL,653,STATE WINE & SPIRITS   ,10197,2024-05-12,2024-05-20,2024-05-25,2024-06-28,9.73,12,116.76,2
68_SOLARIS_46201,68,46201,Petite Petit Phillips Lodi,750mL,4425,MARTIGNETTI COMPANIES,8529,2024-01-18,2024-01-25,2024-02-09,2024-03-05,11.25,12,135.0,2
49_GARIGILL_18066,49,18066,Sutter Home Pnt Grigio,187mL,8892,TRINCHERO FAMILY ESTATES   ,9444,2024-03-21,2024-03-29,2024-04-04,2024-05-11,0.99,48,47.52,2
1_HARDERSFIELD_3326,1,3326,Jenkins Gin,1.75L,9552,M S WALKER INC             ,12697,2024-10-20,2024-10-27,2024-11-01,2024-12-05,7.36,6,44.16,1
20_BREDWARDINE_24188,20,24188,St Francis Cab Svgn Sonoma,750mL,4692,KOBRAND CORPORATION        ,8951,2024-02-16,2024-02-24,2024-03-08,2024-04-12,8.55,12,102.6,2
76_DONCASTER_25290,76,25290,Notre Dame Cousignac CdR 13,750mL,9165,ULTRA BEVERAGE COMPANY LLP ,11044,2024-07-03,2024-07-15,2024-07-25,2024-08-22,6.89,23,158.47,2
71_CLARCTON_3246,71,3246,Bentley's Vodka,1.75L,8004,SAZERAC CO INC             ,10946,2024-06-27,2024-07-07,2024-07-11,2024-08-13,6.71,3,20.13,1
52_GRAYCOTT_33039,52,33039,Beringer Fndrs Est Merlot,1.5L,9819,TREASURY WINE ESTATES      ,12800,2024-10-27,2024-11-04,2024-11-07,2024-12-12,10.32,6,61.92,2
23_ARBINGTON_834,23,834,Bols Brown Creme de Cacao,Liter,6213,MHW LTD                    ,12963,2024-11-07,2024-11-18,2024-11-22,2025-01-03,7.68,1,7.68,1
69_MOUNTMEND_6565,69,6565,Clos du Bois Cab Svgn N Cst,750mL,1392,CONSTELLATION BRANDS INC   ,13163,2024-11-22,2024-12-01,2024-12-13,2025-01-08,5.99,44,263.56,2
30_CULCHETH_4804,30,4804,Rhum Barbancourt RSV Special,750mL,6213,MHW LTD                    ,9608,2024-04-01,2024-04-04,2024-04-11,2024-05-28,12.14,12,145.68,1
68_SOLARIS_3672,68,3672,Shady Fruit Real Ruby Red Gr,750mL,3960,DIAGEO NORTH AMERICA INC   ,8310,2024-01-03,2024-01-13,2024-01-19,2024-02-23,8.26,12,99.12,1
69_MOUNTMEND_8921,69,8921,Sterling Cab Svgn,750mL,1590,DIAGEO CHATEAU ESTATE WINES,10313,2024-05-20,2024-05-26,2024-05-31,2024-06-30,11.45,36,412.2,2
74_PAENTMARWY_5342,74,5342,Grand Marnier,750mL,8112,MOET HENNESSY USA INC      ,9810,2024-04-15,2024-04-20,2024-04-29,2024-05-29,19.85,12,238.2,1
56_BEGGAR'S HOLE_38179,56,38179,Rex Goliath Chard,750mL,1392,CONSTELLATION BRANDS INC   ,10986,2024-06-30,2024-07-05,2024-07-17,2024-08-27,4.13,12,49.56,2
40_BULLMAR_11827,40,11827,Cupcake Merlot,750mL,9815,WINE GROUP INC             ,9045,2024-02-22,2024-03-01,2024-03-13,2024-04-08,4.76,11,52.36,2
23_ARBINGTON_3594,23,3594,Pinnacle Tropical Punch,50mL,12546,JIM BEAM BRANDS COMPANY    ,12523,2024-10-09,2024-10-20,2024-10-30,2024-12-06,0.77,119,91.63,1
30_CULCHETH_2017,30,2017,Redbreast Irish Whiskey,750mL,17035,PERNOD RICARD USA          ,10672,2024-06-14,2024-06-20,2024-06-27,2024-08-10,44.77,3,134.31,1
34_PITMERDEN_17914,34,17914,Thorny Rose Red,750mL,1392,CONSTELLATION BRANDS INC   ,11246,2024-07-18,2024-07-28,2024-08-08,2024-09-09,6.2,12,74.4,2
50_MOUNTMEND_14410,50,14410,Liberty Crk Vyd Pnt Grigio,1.5L,3252,E & J GALLO WINERY         ,13321,2024-12-02,2024-12-08,2024-12-19,2025-01-27,5.26,12,63.12,2
19_WINTERVALE_5708,19,5708,Dr McGillicuddy's Root Beer,50mL,8004,SAZERAC CO INC             ,8732,2024-02-01,2024-02-11,2024-02-17,2024-03-20,0.38,59,22.42,1
2_ASHBORNE_7977,2,7977,M & R X Dry Vermouth,1.5L,480,BACARDI USA INC            ,11606,2024-08-11,2024-08-18,2024-08-28,2024-10-01,7.49,5,37.45,1
79_BALLYMENA_2890,79,2890,Four Roses Bourbon,750mL,9552,M S WALKER INC             ,9119,2024-02-28,2024-03-09,2024-03-16,2024-04-21,21.25,6,127.5,1
7_STANMORE_3243,7,3243,Burnetts Vodka,1.75L,3924,HEAVEN HILL DISTILLERIES   ,10006,2024-04-29,2024-05-03,2024-05-13,2024-06-12,8.26,9,74.34,1
69_MOUNTMEND_24798,69,24798,The Pinot Project Pnt Nr,750mL,10754,PERFECTA WINES             ,12069,2024-09-12,2024-09-19,2024-09-26,2024-10-29,8.38,2,16.76,2
22_SHARNWICK_5801,22,5801,Dr McGillicuddy's Peppermint,50mL,8004,SAZERAC CO INC             ,11827,2024-08-26,2024-09-01,2024-09-12,2024-10-15,0.73,120,87.6,1
9_BLACKPOOL_1189,9,1189,Mad River 3 Pack Revolution,200mL 3 Pk,9552,M S WALKER INC             ,12697,2024-10-20,2024-10-26,2024-11-01,2024-12-05,39.36,10,393.6,1
9_BLACKPOOL_3625,9,3625,Absolut 80 Proof,750mL,17035,PERNOD RICARD USA          ,9811,2024-04-15,2024-04-18,2024-05-01,2024-05-28,12.59,12,151.08,1
70_KELD_26456,70,26456,Ravenswood Vntnrs Blnd Chard,750mL,1392,CONSTELLATION BRANDS INC   ,12077,2024-09-13,2024-09-20,2024-10-01,2024-10-27,4.5,24,108.0,2
31_HORNSEY_14439,31,14439,Barefoot Sweet Red,750mL,3252,E & J GALLO WINERY         ,9169,2024-03-02,2024-03-10,2024-03-18,2024-04-26,3.42,12,41.04,2
66_EANVERNESS_3876,66,3876,Smirnoff 80 Proof,1.75L,3960,DIAGEO NORTH AMERICA INC   ,12585,2024-10-13,2024-10-17,2024-10-31,2024-11-29,13.95,4,55.8,1
66_EANVERNESS_19566,66,19566,Contratto 08 Milesimato Brut,750mL,9552,M S WALKER INC             ,8865,2024-02-10,2024-02-15,2024-02-26,2024-04-01,14.14,14,197.96,2
11_CARDEND_178,11,178,Wild Turkey Russell's RSV,750mL,11567,CAMPARI AMERICA            ,12621,2024-10-16,2024-10-28,2024-11-03,2024-12-07,20.76,5,103.8,1
37_PAETHSMOUTH_5337,37,5337,Drambuie,750mL,3664,WILLIAM GRANT & SONS INC   ,12439,2024-10-02,2024-10-10,2024-10-20,2024-11-23,20.6,12,247.2,1
23_ARBINGTON_3227,23,3227,Taaka Gin,1.75L,8004,SAZERAC CO INC             ,9312,2024-03-11,2024-03-17,2024-03-29,2024-04-28,6.86,6,41.16,1
45_VERITAS_6349,45,6349,Glen Ellen Chard RSV,1.5L,9815,WINE GROUP INC             ,8285,2023-12-31,2024-01-06,2024-01-18,2024-02-23,4.63,4,18.52,2
15_WANBORNE_35103,15,35103,Ruffino Chianti Superiore,750mL,1392,CONSTELLATION BRANDS INC   ,12182,2024-09-20,2024-09-28,2024-10-09,2024-11-18,6.7,12,80.4,2
44_PORTHCRAWL_40098,44,40098,Black Box Merlot Cal,3L,1392,CONSTELLATION BRANDS INC   ,10448,2024-05-30,2024-06-09,2024-06-13,2024-07-27,10.38,4,41.52,2
50_MOUNTMEND_33960,50,33960,Allegrini Valpolicella Clsc,750mL,3252,E & J GALLO WINERY         ,11528,2024-08-07,2024-08-17,2024-08-26,2024-10-09,9.8,24,235.2,2
7_STANMORE_3696,7,3696,Gilbeys Vodka,1.75L,12546,JIM BEAM BRANDS COMPANY    ,11705,2024-08-18,2024-08-26,2024-09-04,2024-10-16,7.6,5,38.0,1
72_HARDERSFIELD_6420,72,6420,R M Woodbridge Chard Cal,750mL,1392,CONSTELLATION BRANDS INC   ,13486,2024-12-13,2024-12-23,2024-12-28,2025-02-12,3.18,11,34.98,2
74_PAENTMARWY_11488,74,11488,C K Mondavi Cab Svgn,1.5L,2000,SOUTHERN WINE & SPIRITS NE ,9993,2024-04-28,2024-05-04,2024-05-09,2024-06-25,7.53,6,45.18,2
13_TARMSWORTH_4262,13,4262,Capt Morgan Spiced Rum,750mL,3960,DIAGEO NORTH AMERICA INC   ,10468,2024-05-31,2024-06-08,2024-06-15,2024-07-24,11.19,21,234.99,1
9_BLACKPOOL_14551,9,14551,Cava Mistinguett Brut,750mL,10754,PERFECTA WINES             ,8628,2024-01-25,2024-02-01,2024-02-16,2024-03-16,5.29,9,47.61,2
52_GRAYCOTT_2531,52,2531,WhistlePig 10 Yr Old Rye,750mL,10754,PERFECTA WINES             ,11597,2024-08-10,2024-08-19,2024-08-24,2024-09-27,46.37,6,278.22,1
49_GARIGILL_3510,49,3510,Smirnoff Light Lemon Sorbet,750mL,3960,DIAGEO NORTH AMERICA INC   ,8575,2024-01-21,2024-01-26,2024-02-03,2024-03-06,8.65,12,103.8,1
2_ASHBORNE_2586,2,2586,Jameson Irish Whiskey,50mL,17035,PERNOD RICARD USA          ,10672,2024-06-14,2024-06-23,2024-06-27,2024-08-10,2.21,12,26.52,1
27_MOUNTMEND_8068,27,8068,Absolut 80 Proof,1.75L,17035,PERNOD RICARD USA          ,10606,2024-06-09,2024-06-14,2024-06-24,2024-07-31,18.24,54,984.96,1
39_EASTHALLOW_3253,39,3253,Gilbeys London Dry,1.75L,12546,JIM BEAM BRANDS COMPANY    ,13421,2024-12-08,2024-12-12,2024-12-24,2025-01-21,9.08,6,54.48,1
61_AETHELNEY_6937,61,6937,Cavit Pinot Grigio,1.5L,6785,PALM BAY INTERNATIONAL INC ,13073,2024-11-15,2024-11-21,2024-12-01,2025-01-02,6.75,3,20.25,2
1_HARDERSFIELD_11152,1,11152,Stemmari Pt Nr,750mL,9165,ULTRA BEVERAGE COMPANY LLP ,8371,2024-01-06,2024-01-14,2024-01-19,2024-02-24,5.26,12,63.12,2
44_PORTHCRAWL_5694,44,5694,Ice Box Mudslide,1.75L,8004,SAZERAC CO INC             ,11982,2024-09-06,2024-09-12,2024-09-23,2024-10-26,7.74,6,46.44,1
76_DONCASTER_19224,76,19224,Miraval Cotes de Prvnce Rose,750mL,1587,VINEYARD BRANDS INC        ,11562,2024-08-08,2024-08-18,2024-08-30,2024-09-26,12.74,22,280.28,2
38_GOULCREST_3660,38,3660,Deep Eddy Ruby Red Vodka,1.75L,3924,HEAVEN HILL DISTILLERIES   ,11349,2024-07-25,2024-08-04,2024-08-16,2024-09-11,21.05,1,21.05,1
31_HORNSEY_5111,31,5111,Dr McGillicuddy's Mentholmnt,50mL,8004,SAZERAC CO INC             ,9859,2024-04-19,2024-04-28,2024-05-05,2024-06-08,0.72,114,82.08,1
10_HORNSEY_5111,10,5111,Dr McGillicuddy's Mentholmnt,50mL,8004,SAZERAC CO INC             ,12763,2024-10-25,2024-11-03,2024-11-15,2024-12-17,0.72,98,70.56,1
73_DONCASTER_3246,73,3246,Bentley's Vodka,1.75L,8004,SAZERAC CO INC             ,12547,2024-10-10,2024-10-20,2024-10-24,2024-12-11,6.71,15,100.65,1
34_PITMERDEN_3220,34,3220,Svedka Clementine Vodka,1.75L,1392,CONSTELLATION BRANDS INC   ,11526,2024-08-07,2024-08-15,2024-08-26,2024-09-24,14.72,6,88.32,1
68_SOLARIS_3656,68,3656,Stolichnaya Vanil,1.75L,8664,"STOLI GROUP,(USA) LLC      ",12944,2024-11-06,2024-11-16,2024-11-21,2025-01-05,19.99,4,79.96,1
23_ARBINGTON_2035,23,2035,Glen Moray Classic Scotch,750mL,7153,PINE STATE TRADING CO      ,9591,2024-03-31,2024-04-07,2024-04-18,2024-05-29,14.28,6,85.68,1
77_TAMWORTH_5111,77,5111,Dr McGillicuddy's Mentholmnt,50mL,8004,SAZERAC CO INC             ,12246,2024-09-23,2024-09-27,2024-10-05,2024-11-15,0.72,117,84.24,1
2_ASHBORNE_4066,2,4066,Bacardi Oakheart Spiced Rum,1.75L,480,BACARDI USA INC            ,11491,2024-08-04,2024-08-08,2024-08-17,2024-09-20,12.85,6,77.1,1
66_EANVERNESS_1373,66,1373,Jim Beam Honey,750mL,12546,JIM BEAM BRANDS COMPANY    ,11416,2024-07-29,2024-08-03,2024-08-16,2024-09-10,10.36,11,113.96,1
75_BARNCOMBE_6854,75,6854,Carlo Rossi Burgundy Calif,4L,3252,E & J GALLO WINERY         ,9169,2024-03-02,2024-03-12,2024-03-18,2024-04-26,9.86,5,49.3,2
31_HORNSEY_15355,31,15355,Decoy Duckhorn Chard Sonoma,750mL,4425,MARTIGNETTI COMPANIES,13652,2024-12-23,2024-12-30,2025-01-09,2025-02-18,9.12,12,109.44,2
11_CARDEND_2114,11,2114,Black Velvet Canadian Whisky,1.75L,1392,CONSTELLATION BRANDS INC   ,9623,2024-04-03,2024-04-15,2024-04-23,2024-05-24,9.41,13,122.33,1
10_HORNSEY_2646,10,2646,Chivas Regal,1.75L,17035,PERNOD RICARD USA          ,10248,2024-05-16,2024-05-25,2024-06-06,2024-07-02,43.3,24,1039.2,1
23_ARBINGTON_19260,23,19260,The Beach House Pinot Grigio,750mL,653,STATE WINE & SPIRITS   ,9703,2024-04-07,2024-04-12,2024-04-20,2024-05-31,6.45,12,77.4,2
14_BROMWICH_2079,14,2079,Jack Daniels Sngl Barrel Rye,750mL,1128,BROWN-FORMAN CORP          ,10480,2024-06-01,2024-06-06,2024-06-18,2024-07-28,39.99,6,239.94,1
12_LEESIDE_3237,12,3237,Firefly Sweet Tea Vodka,1.75L,8004,SAZERAC CO INC             ,11320,2024-07-22,2024-07-28,2024-08-03,2024-09-03,18.17,6,109.02,1
49_GARIGILL_30735,49,30735,Sonoma-Cutrer Cutrer V Chard,750mL,1128,BROWN-FORMAN CORP          ,13224,2024-11-25,2024-11-29,2024-12-08,2025-01-15,19.07,6,114.42,2
54_GUTHRAM_38370,54,38370,Oyster Bay Svgn Bl Marlboro,750mL,4425,MARTIGNETTI COMPANIES,12730,2024-10-23,2024-11-01,2024-11-11,2024-12-18,6.59,12,79.08,2
2_ASHBORNE_6264,2,6264,Cooks Extra Dry,750mL,1392,CONSTELLATION BRANDS INC   ,12953,2024-11-07,2024-11-17,2024-11-21,2024-12-22,4.79,12,57.48,2
68_SOLARIS_8288,68,8288,Korbel Brut,750mL,1128,BROWN-FORMAN CORP          ,13068,2024-11-15,2024-11-23,2024-12-01,2025-01-12,7.94,14,111.16,2
22_SHARNWICK_42099,22,42099,Bota Box Pnt Grigio Cal,3L,2242,DELICATO VINEYARDS INC     ,12415,2024-10-02,2024-10-10,2024-10-24,2024-11-30,11.4,3,34.2,2
2_ASHBORNE_3456,2,3456,Tanqueray Sterling Vodka,1.75L,3960,DIAGEO NORTH AMERICA INC   ,11300,2024-07-21,2024-07-30,2024-08-03,2024-09-14,13.27,35,464.45,1
57_LANTEGLOS_15428,57,15428,Ruffino Prosecco Sparkling,750mL,1392,CONSTELLATION BRANDS INC   ,11327,2024-07-24,2024-08-04,2024-08-09,2024-09-17,7.94,12,95.28,2
39_EASTHALLOW_25992,39,25992,Murphy-Goode Cab Svgn Cal,750mL,9552,M S WALKER INC             ,9877,2024-04-20,2024-04-28,2024-05-10,2024-06-07,7.43,12,89.16,2
9_BLACKPOOL_8189,9,8189,Camarena Silver Tequila,1.75L,3252,E & J GALLO WINERY         ,9644,2024-04-04,2024-04-13,2024-04-23,2024-05-31,25.59,6,153.54,1
10_HORNSEY_3352,10,3352,Ciroc Coconut Vodka,750mL,3960,DIAGEO NORTH AMERICA INC   ,11907,2024-09-01,2024-09-06,2024-09-13,2024-10-19,18.79,11,206.69,1
52_GRAYCOTT_21019,52,21019,Black Box Pnt Nr,3L,1392,CONSTELLATION BRANDS INC   ,12655,2024-10-18,2024-10-28,2024-11-03,2024-12-13,10.66,5,53.3,2
21_BALERNO_16484,21,16484,Layer Cake Centrl Cst Pnt Nr,750mL,4425,MARTIGNETTI COMPANIES,10720,2024-06-17,2024-06-23,2024-07-01,2024-07-30,10.52,12,126.24,2
72_HARDERSFIELD_43809,72,43809,R M Woodbridge Pnt Nr,1.5L,1392,CONSTELLATION BRANDS INC   ,13163,2024-11-22,2024-11-28,2024-12-13,2025-01-08,5.84,3,17.52,2
59_CLAETHORPES_6649,59,6649,Wente Morning Fog Chard,750mL,2000,SOUTHERN WINE & SPIRITS NE ,9078,2024-02-24,2024-02-29,2024-03-07,2024-04-24,7.87,12,94.44,2
69_MOUNTMEND_4345,69,4345,Capt Morgan Tattoo Rum,750mL,3960,DIAGEO NORTH AMERICA INC   ,10700,2024-06-16,2024-06-22,2024-06-29,2024-08-09,15.62,12,187.44,1
7_STANMORE_3684,7,3684,Fleischmanns Royal Vodka,1.75L,660,SAZERAC NORTH AMERICA INC. ,8665,2024-01-27,2024-02-02,2024-02-11,2024-03-13,7.68,10,76.8,1
68_SOLARIS_3840,68,3840,Smirnoff Raspberry Vodka,1.75L,3960,DIAGEO NORTH AMERICA INC   ,10936,2024-06-27,2024-07-08,2024-07-16,2024-08-13,14.39,5,71.95,1
41_LARNWICK_5891,41,5891,Ryans Irish Cream,1.75L,8004,SAZERAC CO INC             ,10442,2024-05-29,2024-06-08,2024-06-20,2024-07-26,11.84,21,248.64,1
76_DONCASTER_24579,76,24579,Mt Beautiful Svgn Bl,750mL,10754,PERFECTA WINES             ,11707,2024-08-18,2024-08-26,2024-08-29,2024-10-15,10.27,11,112.97,2
38_GOULCREST_4478,38,4478,Myers Original Dark Rum,750mL,3960,DIAGEO NORTH AMERICA INC   ,10126,2024-05-09,2024-05-18,2024-05-31,2024-07-04,13.53,11,148.83,1
38_GOULCREST_19848,38,19848,Carnivor Cab Svgn,750mL,3252,E & J GALLO WINERY         ,10396,2024-05-26,2024-05-31,2024-06-10,2024-07-10,5.33,8,42.64,2
8_ALNERWICK_3769,8,3769,Jenkins Vodka,1.75L,9552,M S WALKER INC             ,12560,2024-10-11,2024-10-20,2024-10-25,2024-12-07,7.02,11,77.22,1
42_BLACK HOLLOW_3329,42,3329,Seagrams Extra Smooth Vodka,1.75L,9165,ULTRA BEVERAGE COMPANY LLP ,11442,2024-07-31,2024-08-14,2024-08-22,2024-10-02,10.84,3,32.52,1
71_CLARCTON_4478,71,4478,Myers Original Dark Rum,750mL,3960,DIAGEO NORTH AMERICA INC   ,12841,2024-10-31,2024-11-10,2024-11-14,2024-12-27,13.53,12,162.36,1
73_DONCASTER_1798,73,1798,Talisker Distillers Edition,750mL,3960,DIAGEO NORTH AMERICA INC   ,9904,2024-04-22,2024-04-29,2024-05-07,2024-06-14,51.09,6,306.54,1
66_EANVERNESS_3668,66,3668,Belvedere Polish Vodka,1.75L,8112,MOET HENNESSY USA INC      ,8348,2024-01-05,2024-01-12,2024-01-21,2024-03-01,34.12,4,136.48,1
67_EANVERNESS_3278,67,3278,Gordons London Dry,750mL,3960,DIAGEO NORTH AMERICA INC   ,13320,2024-12-02,2024-12-09,2024-12-19,2025-01-13,5.79,12,69.48,1
53_HILLFAR_45822,53,45822,Masciarelli Montepulciano,750mL,10754,PERFECTA WINES             ,11451,2024-08-01,2024-08-12,2024-08-18,2024-09-19,5.37,12,64.44,2
64_CESTERFIELD_184,64,184,Hornitos Plata VAP,750mL,12546,JIM BEAM BRANDS COMPANY    ,9907,2024-04-22,2024-04-25,2024-05-04,2024-06-17,13.04,6,78.24,1
12_LEESIDE_3422,12,3422,Beefeater,750mL,17035,PERNOD RICARD USA          ,10885,2024-06-25,2024-07-01,2024-07-08,2024-08-11,15.99,12,191.88,1
33_HORNSEY_8506,33,8506,Myers Original Dark Rum,1.75L,3960,DIAGEO NORTH AMERICA INC   ,10851,2024-06-25,2024-07-01,2024-07-12,2024-08-16,21.42,4,85.68,1
41_LARNWICK_7977,41,7977,M & R X Dry Vermouth,1.5L,480,BACARDI USA INC            ,8548,2024-01-20,2024-01-26,2024-02-02,2024-03-19,7.49,5,37.45,1
21_BALERNO_41159,21,41159,Phillips Earthquake Ld Znfdl,750mL,4425,MARTIGNETTI COMPANIES,11928,2024-09-02,2024-09-08,2024-09-14,2024-10-24,16.1,36,579.6,2
42_BLACK HOLLOW_1232,42,1232,Jack Daniels No 7 Black,750mL,1128,BROWN-FORMAN CORP          ,12393,2024-09-30,2024-10-05,2024-10-12,2024-11-18,15.93,24,382.32,1
32_MOUNTMEND_46381,32,46381,Ghost Pines Merlot L Martini,750mL,3252,E & J GALLO WINERY         ,8999,2024-02-19,2024-02-22,2024-02-29,2024-04-10,9.14,12,109.68,2
79_BALLYMENA_27474,79,27474,BiancaVigna Prosecco Brut,750mL,9552,M S WALKER INC             ,12756,2024-10-25,2024-10-31,2024-11-07,2024-12-25,9.86,12,118.32,2
73_DONCASTER_1180,73,1180,Evan Williams Black Label B,1.75L,3924,HEAVEN HILL DISTILLERIES   ,8985,2024-02-18,2024-02-22,2024-03-08,2024-04-05,13.07,11,143.77,1
79_BALLYMENA_5694,79,5694,Ice Box Mudslide,1.75L,8004,SAZERAC CO INC             ,12246,2024-09-23,2024-09-30,2024-10-05,2024-11-15,7.74,6,46.44,1
69_MOUNTMEND_6595,69,6595,Bogle Merlot,750mL,4425,MARTIGNETTI COMPANIES,11053,2024-07-04,2024-07-14,2024-07-25,2024-08-22,4.48,12,53.76,2
76_DONCASTER_36558,76,36558,Cruz Garcia Real Sangria Re,1.5L,8320,SHAW ROSS INT L IMP LTD    ,11501,2024-08-04,2024-08-12,2024-08-23,2024-09-26,6.66,4,26.64,2
53_HILLFAR_3594,53,3594,Pinnacle Tropical Punch,50mL,12546,JIM BEAM BRANDS COMPANY    ,11755,2024-08-22,2024-08-29,2024-09-10,2024-10-13,0.77,117,90.09,1
66_EANVERNESS_46424,66,46424,Hob Nob Pnt Nr VDP D'Oc,750mL,4425,MARTIGNETTI COMPANIES,13652,2024-12-23,2024-12-28,2025-01-09,2025-02-18,6.62,11,72.82,2
41_LARNWICK_3521,41,3521,Effen Vodka,750mL,12546,JIM BEAM BRANDS COMPANY    ,13152,2024-11-21,2024-12-02,2024-12-11,2025-01-08,18.65,6,111.9,1
8_ALNERWICK_36770,8,36770,Yellow Tail Cab Svgn Ausl,1.5L,4425,MARTIGNETTI COMPANIES,13091,2024-11-16,2024-11-25,2024-12-05,2025-01-11,6.13,4,24.52,2
36_LEWES_4945,36,4945,Jacquin Ginger Brandy,750mL,4380,CHARLES JACQUIN ET CIE INC ,8621,2024-01-25,2024-02-04,2024-02-12,2024-03-16,7.47,11,82.17,1
72_HARDERSFIELD_3512,72,3512,Pinnacle Vodka,1.75L,12546,JIM BEAM BRANDS COMPANY    ,12523,2024-10-09,2024-10-21,2024-10-30,2024-12-06,11.76,5,58.8,1
51_ABERDEEN_40337,51,40337,Da Vinci Chianti Tuscany,750mL,3252,E & J GALLO WINERY         ,9035,2024-02-22,2024-03-04,2024-03-07,2024-04-15,6.57,9,59.13,2
61_AETHELNEY_3512,61,3512,Pinnacle Vodka,1.75L,12546,JIM BEAM BRANDS COMPANY    ,10007,2024-04-29,2024-05-06,2024-05-12,2024-06-22,11.76,10,117.6,1
11_CARDEND_1982,11,1982,Herradura Silver Tequila,375mL,1128,BROWN-FORMAN CORP          ,12192,2024-09-21,2024-09-29,2024-10-10,2024-11-11,15.82,12,189.84,1
20_BREDWARDINE_38899,20,38899,L Martini Cab Svgn Sonoma,750mL,3252,E & J GALLO WINERY         ,13187,2024-11-23,2024-11-30,2024-12-13,2025-01-19,7.28,36,262.08,2
15_WANBORNE_46447,15,46447,Gascon Malbec Mendoza,750mL,3252,E & J GALLO WINERY         ,8879,2024-02-11,2024-02-18,2024-02-25,2024-04-06,6.12,23,140.76,2
61_AETHELNEY_5502,61,5502,RumChata Liqueur,50mL,6213,MHW LTD                    ,8802,2024-02-05,2024-02-08,2024-02-16,2024-03-21,0.77,117,90.09,1
62_KILMARNOCK_3728,62,3728,Absolut Citron,1.75L,17035,PERNOD RICARD USA          ,11103,2024-07-07,2024-07-13,2024-07-22,2024-08-27,18.93,5,94.65,1
60_IRRAGIN_4218,60,4218,Sailor Jerry Spiced Navy Rum,750mL,3664,WILLIAM GRANT & SONS INC   ,10375,2024-05-24,2024-05-30,2024-06-14,2024-07-24,12.31,23,283.13,1
33_HORNSEY_8288,33,8288,Korbel Brut,750mL,1128,BROWN-FORMAN CORP          ,10035,2024-05-02,2024-05-12,2024-05-22,2024-07-03,7.94,15,119.1,2
75_BARNCOMBE_2834,75,2834,Old Smuggler P E T,1.75L,8320,SHAW ROSS INT L IMP LTD    ,9556,2024-03-29,2024-04-07,2024-04-19,2024-05-13,12.3,6,73.8,1
10_HORNSEY_39335,10,39335,Phillips Seven Deadly Znfdl,750mL,4425,MARTIGNETTI COMPANIES,8917,2024-02-14,2024-02-25,2024-02-29,2024-04-15,8.75,11,96.25,2
34_PITMERDEN_8513,34,8513,Baileys Irish Cream Mini's 4,100mL 4 Pk,3960,DIAGEO NORTH AMERICA INC   ,13487,2024-12-13,2024-12-22,2024-12-29,2025-02-06,6.56,313,2053.28,1
14_BROMWICH_3246,14,3246,Bentley's Vodka,1.75L,8004,SAZERAC CO INC             ,8937,2024-02-15,2024-02-24,2024-03-03,2024-04-05,6.71,14,93.94,1
55_DRY GULCH_4662,55,4662,Capt Morgan White PET,1.75L,3960,DIAGEO NORTH AMERICA INC   ,10936,2024-06-27,2024-07-06,2024-07-16,2024-08-13,15.38,6,92.28,1
73_DONCASTER_8838,73,8838,Ch Ste Michelle Cab Svgn Col,750mL,8673,STE MICHELLE WINE ESTATES  ,10340,2024-05-22,2024-06-03,2024-06-13,2024-07-10,7.71,58,447.18,2
1_HARDERSFIELD_18449,1,18449,R Mondavi Heritage Red,750mL,1392,CONSTELLATION BRANDS INC   ,8419,2024-01-11,2024-01-22,2024-01-30,2024-03-01,4.53,24,108.72,2
33_HORNSEY_8323,33,8323,Jose Cuervo Gold w/Marg Mix,750mL,7245,PROXIMO SPIRITS INC.       ,8396,2024-01-08,2024-01-12,2024-01-22,2024-03-04,11.9,5,59.5,1
67_EANVERNESS_22019,67,22019,Mumm Napa Brut Rose,750mL,17035,PERNOD RICARD USA          ,10248,2024-05-16,2024-05-24,2024-06-06,2024-07-02,9.73,12,116.76,2
67_EANVERNESS_45848,67,45848,Kendall Jackson Summation Re,750mL,10000,MAJESTIC FINE WINES        ,10058,2024-05-03,2024-05-12,2024-05-20,2024-07-02,6.63,12,79.56,2
14_BROMWICH_18642,14,18642,Yellow Tail Pink Moscato,1.5L,4425,MARTIGNETTI COMPANIES,11693,2024-08-17,2024-08-24,2024-08-31,2024-10-15,5.81,6,34.86,2
57_LANTEGLOS_3364,57,3364,Absolut Ruby Red,1.75L,17035,PERNOD RICARD USA          ,8805,2024-02-05,2024-02-11,2024-02-17,2024-03-22,17.85,6,107.1,1
58_HARTLEPOOL_4268,58,4268,Capt Morgan Private Stock,750mL,3960,DIAGEO NORTH AMERICA INC   ,10936,2024-06-27,2024-07-07,2024-07-16,2024-08-13,18.25,12,219.0,1
6_GOULCREST_18641,6,18641,Yellow Tail Big Bold Red,1.5L,4425,MARTIGNETTI COMPANIES,9104,2024-02-26,2024-03-04,2024-03-13,2024-04-13,6.01,5,30.05,2
34_PITMERDEN_27831,34,27831,Wild Horse CC Chard,750mL,1392,CONSTELLATION BRANDS INC   ,9523,2024-03-27,2024-04-05,2024-04-17,2024-05-18,6.84,48,328.32,2
76_DONCASTER_1869,76,1869,Oban 14-Yr Single Malt,750mL,3960,DIAGEO NORTH AMERICA INC   ,11589,2024-08-10,2024-08-17,2024-08-30,2024-10-05,40.14,9,361.26,1
77_TAMWORTH_2443,77,2443,Seagrams VO,1.75L,3960,DIAGEO NORTH AMERICA INC   ,10700,2024-06-16,2024-06-23,2024-06-29,2024-08-09,13.48,4,53.92,1
48_NORFOLK_115,48,115,Belvedere Vodka,Liter,8112,MOET HENNESSY USA INC      ,9252,2024-03-08,2024-03-17,2024-03-23,2024-04-27,21.37,6,128.22,1
32_MOUNTMEND_4226,32,4226,Bacardi Superior Rum Trav,750mL,480,BACARDI USA INC            ,9533,2024-03-28,2024-04-05,2024-04-16,2024-05-12,7.68,11,84.48,1
60_IRRAGIN_903,60,903,Bombay Sapphire Gin,Liter,480,BACARDI USA INC            ,9062,2024-02-24,2024-03-03,2024-03-15,2024-04-24,18.79,12,225.48,1
9_BLACKPOOL_23229,9,23229,Ch St Jean Belle Terre Chard,750mL,9819,TREASURY WINE ESTATES      ,9009,2024-02-19,2024-02-22,2024-03-01,2024-04-16,10.34,6,62.04,2
37_PAETHSMOUTH_5014,37,5014,Penn Dutch Pumpkin Cr Liquer,750mL,4380,CHARLES JACQUIN ET CIE INC ,12110,2024-09-15,2024-09-23,2024-09-29,2024-10-30,3.96,12,47.52,1
5_SUTTON_2520,5,2520,The Macallan 12 Yr Old,750mL,2561,EDRINGTON AMERICAS         ,11862,2024-08-30,2024-09-09,2024-09-15,2024-10-26,42.21,3,126.63,1
28_LARNWICK_8288,28,8288,Korbel Brut,750mL,1128,BROWN-FORMAN CORP          ,12192,2024-09-21,2024-09-28,2024-10-10,2024-11-11,7.94,15,119.1,2
34_PITMERDEN_8189,34,8189,Camarena Silver Tequila,1.75L,3252,E & J GALLO WINERY         ,11128,2024-07-10,2024-07-20,2024-07-31,2024-08-29,25.59,5,127.95,1
21_BALERNO_4198,21,4198,Sailor Jerry Spiced Navy Rum,1.75L,3664,WILLIAM GRANT & SONS INC   ,12801,2024-10-27,2024-11-03,2024-11-12,2024-12-22,17.51,5,87.55,1
21_BALERNO_6356,21,6356,Taylor Cream Sherry,1.5L,1392,CONSTELLATION BRANDS INC   ,13645,2024-12-23,2024-12-29,2025-01-10,2025-02-02,5.16,6,30.96,2
44_PORTHCRAWL_1346,44,1346,Knob Creek Bourbon,750mL,12546,JIM BEAM BRANDS COMPANY    ,10654,2024-06-13,2024-06-23,2024-07-04,2024-08-04,22.55,5,112.75,1
76_DONCASTER_33874,76,33874,Bella Sera Pinot Grigio Del,1.5L,3252,E & J GALLO WINERY         ,11528,2024-08-07,2024-08-17,2024-08-26,2024-10-09,6.62,12,79.44,2
25_CAERSHIRE_1886,25,1886,Seagrams 7 Crown,750mL,3960,DIAGEO NORTH AMERICA INC   ,11300,2024-07-21,2024-07-26,2024-08-03,2024-09-14,7.96,12,95.52,1
38_GOULCREST_10421,38,10421,Barefoot Moscato Cal,1.5L,3252,E & J GALLO WINERY         ,11796,2024-08-24,2024-08-30,2024-09-08,2024-10-07,5.9,6,35.4,2
10_HORNSEY_8155,10,8155,Black Velvet Plastic,375mL,1392,CONSTELLATION BRANDS INC   ,11246,2024-07-18,2024-07-27,2024-08-08,2024-09-09,3.28,21,68.88,1
77_TAMWORTH_5148,77,5148,St Brendans Irish Cream,1.75L,8352,LUXCO INC                  ,13435,2024-12-09,2024-12-13,2024-12-26,2025-01-30,14.17,23,325.91,1
6_GOULCREST_34460,6,34460,Dr Loosen Rsl 'Dr L' M,750mL,4425,MARTIGNETTI COMPANIES,10943,2024-06-27,2024-07-08,2024-07-13,2024-08-28,7.23,11,79.53,2
53_HILLFAR_6281,53,6281,Franzia Sunset Blush Tap,5L,9815,WINE GROUP INC             ,11474,2024-08-02,2024-08-12,2024-08-16,2024-09-21,8.96,2,17.92,2
31_HORNSEY_3768,31,3768,Jenkins Vodka,750mL,9552,M S WALKER INC             ,12115,2024-09-15,2024-09-22,2024-09-26,2024-11-06,3.62,11,39.82,1
33_HORNSEY_2520,33,2520,The Macallan 12 Yr Old,750mL,2561,EDRINGTON AMERICAS         ,8900,2024-02-12,2024-02-16,2024-02-29,2024-03-31,42.21,12,506.52,1
2_ASHBORNE_28579,2,28579,R M Woodbridge Merlot Cal,750mL,1392,CONSTELLATION BRANDS INC   ,11071,2024-07-05,2024-07-14,2024-07-18,2024-09-03,3.24,12,38.88,2
79_BALLYMENA_9145,79,9145,Smirnoff Kissed Caramel,50mL,3960,DIAGEO NORTH AMERICA INC   ,8575,2024-01-21,2024-01-28,2024-02-03,2024-03-06,0.75,113,84.75,1
76_DONCASTER_32648,76,32648,Beringer Classic Wh Znfdl,1.5L,9819,TREASURY WINE ESTATES      ,11183,2024-07-13,2024-07-19,2024-07-27,2024-08-27,5.3,34,180.2,2
38_GOULCREST_16749,38,16749,Ninety+Cellars Lot 50 Prosco,750mL,4950,LATITUDE BEVERAGE COMPANY  ,13509,2024-12-14,2024-12-19,2025-01-03,2025-02-03,7.53,11,82.83,2
34_PITMERDEN_4939,34,4939,Kapali Coffee,1.75L,8004,SAZERAC CO INC             ,9157,2024-03-01,2024-03-07,2024-03-20,2024-04-22,11.59,6,69.54,1
38_GOULCREST_4662,38,4662,Capt Morgan White PET,1.75L,3960,DIAGEO NORTH AMERICA INC   ,10936,2024-06-27,2024-07-06,2024-07-16,2024-08-13,15.38,3,46.14,1
76_DONCASTER_25554,76,25554,Brotte Espirit CdR,750mL,9165,ULTRA BEVERAGE COMPANY LLP ,12142,2024-09-16,2024-09-22,2024-09-27,2024-10-28,9.14,2,18.28,2
72_HARDERSFIELD_14393,72,14393,Ch Montaud Cotes de Prov Rse,750mL,7153,PINE STATE TRADING CO      ,11694,2024-08-17,2024-08-23,2024-09-02,2024-10-13,6.5,12,78.0,2
50_MOUNTMEND_33210,50,33210,Sycamore Lane Cab Svgn Cal,1.5L,8892,TRINCHERO FAMILY ESTATES   ,12024,2024-09-08,2024-09-16,2024-09-24,2024-10-24,5.74,6,34.44,2
8_ALNERWICK_1278,8,1278,Jim Beam Black,1.75L,12546,JIM BEAM BRANDS COMPANY    ,10451,2024-05-30,2024-06-07,2024-06-20,2024-07-14,26.71,6,160.26,1
67_EANVERNESS_17177,67,17177,Beringer Classic Merlot,1.5L,9819,TREASURY WINE ESTATES      ,10408,2024-05-26,2024-06-03,2024-06-08,2024-07-17,5.45,4,21.8,2
19_WINTERVALE_10451,19,10451,Line 39 Cab Svgn Lake Cnty,750mL,7153,PINE STATE TRADING CO      ,10788,2024-06-22,2024-06-30,2024-07-04,2024-08-16,5.29,10,52.9,2
10_HORNSEY_33214,10,33214,Sycamore Lane Merlot Cal,1.5L,8892,TRINCHERO FAMILY ESTATES   ,12024,2024-09-08,2024-09-13,2024-09-24,2024-10-24,5.82,6,34.92,2
33_HORNSEY_24086,33,24086,Hess Select Chard,750mL,4425,MARTIGNETTI COMPANIES,12711,2024-10-21,2024-10-28,2024-11-06,2024-12-08,7.14,72,514.08,2
75_BARNCOMBE_12771,75,12771,Joel Gott Cab Svgn 815,750mL,8892,TRINCHERO FAMILY ESTATES   ,10493,2024-06-01,2024-06-09,2024-06-14,2024-07-14,8.44,12,101.28,2
10_HORNSEY_3607,10,3607,Smirnoff Citrus Vodka,50mL,3960,DIAGEO NORTH AMERICA INC   ,12044,2024-09-11,2024-09-20,2024-09-29,2024-11-13,0.72,118,84.96,1
60_IRRAGIN_45246,60,45246,Shoofly Shiraz,750mL,4425,MARTIGNETTI COMPANIES,11614,2024-08-11,2024-08-18,2024-08-22,2024-09-22,7.23,7,50.61,2
74_PAENTMARWY_35414,74,35414,Yellow Tail Shiraz Ausl,1.5L,4425,MARTIGNETTI COMPANIES,11053,2024-07-04,2024-07-15,2024-07-25,2024-08-22,6.13,2,12.26,2
35_HALIVAARA_27351,35,27351,Almaden Chard Cal B/B,5L,9815,WINE GROUP INC             ,13132,2024-11-18,2024-11-25,2024-12-06,2025-01-15,10.38,3,31.14,2
67_EANVERNESS_5111,67,5111,Dr McGillicuddy's Mentholmnt,50mL,8004,SAZERAC CO INC             ,12763,2024-10-25,2024-10-31,2024-11-15,2024-12-17,0.72,120,86.4,1
1_HARDERSFIELD_11970,1,11970,Zaccagnini Montepulciano Rsv,750mL,2000,SOUTHERN WINE & SPIRITS NE ,13586,2024-12-19,2024-12-28,2025-01-03,2025-02-17,7.71,12,92.52,2
20_BREDWARDINE_3243,20,3243,Burnetts Vodka,1.75L,3924,HEAVEN HILL DISTILLERIES   ,9890,2024-04-21,2024-04-25,2024-05-10,2024-06-16,8.26,5,41.3,1
54_GUTHRAM_26399,54,26399,Trapiche Malbec Mendoza Oak,750mL,9815,WINE GROUP INC             ,8190,2023-12-24,2024-01-02,2024-01-06,2024-02-08,3.94,7,27.58,2
19_WINTERVALE_3362,19,3362,Poland Spring Gin,Liter,9552,M S WALKER INC             ,10686,2024-06-15,2024-06-23,2024-06-30,2024-08-13,4.47,12,53.64,1
11_CARDEND_3802,11,3802,Three Olives Vodka,1.75L,7245,PROXIMO SPIRITS INC.       ,10213,2024-05-13,2024-05-19,2024-05-24,2024-07-06,13.43,5,67.15,1
9_BLACKPOOL_41034,9,41034,Menage a Trois Red,750mL,8892,TRINCHERO FAMILY ESTATES   ,8399,2024-01-08,2024-01-13,2024-01-22,2024-03-05,5.26,12,63.12,2
23_ARBINGTON_1269,23,1269,Jeffersons Bourbon,750mL,1485,CASTLE BRANDS CORP.        ,11047,2024-07-04,2024-07-14,2024-07-24,2024-09-03,19.11,6,114.66,1
71_CLARCTON_1964,71,1964,Jim Beam Single Barrel,750mL,12546,JIM BEAM BRANDS COMPANY    ,11099,2024-07-07,2024-07-12,2024-07-19,2024-08-31,23.07,6,138.42,1
38_GOULCREST_43685,38,43685,Babich Svgn Bl Marlboro,750mL,4425,MARTIGNETTI COMPANIES,11781,2024-08-23,2024-08-31,2024-09-07,2024-10-16,9.58,12,114.96,2
38_GOULCREST_2625,38,2625,Nikka Coffey Grain Whisky,750mL,9165,ULTRA BEVERAGE COMPANY LLP ,11788,2024-08-23,2024-09-01,2024-09-10,2024-10-20,43.16,6,258.96,1
66_EANVERNESS_5833,66,5833,Patron Roca Silver Tequila,750mL,9165,ULTRA BEVERAGE COMPANY LLP ,8824,2024-02-07,2024-02-19,2024-02-28,2024-03-30,50.77,6,304.62,1
78_EASTHAVEN_5952,78,5952,Jagermeister Liqueur,50mL,3089,SIDNEY FRANK IMPORTING CO  ,9595,2024-03-31,2024-04-07,2024-04-11,2024-05-20,1.42,115,163.3,1
74_PAENTMARWY_4260,74,4260,Capt Morgan Original Barrel,1.75L,3960,DIAGEO NORTH AMERICA INC   ,11329,2024-07-24,2024-08-05,2024-08-16,2024-09-14,16.66,8,133.28,1
67_EANVERNESS_43308,67,43308,Penfolds Koonunga Hil Shiraz,750mL,4425,MARTIGNETTI COMPANIES,11928,2024-09-02,2024-09-06,2024-09-14,2024-10-24,6.89,11,75.79,2
9_BLACKPOOL_3769,9,3769,Jenkins Vodka,1.75L,9552,M S WALKER INC             ,13059,2024-11-14,2024-11-23,2024-11-29,2025-01-05,7.02,22,154.44,1
34_PITMERDEN_5708,34,5708,Dr McGillicuddy's Root Beer,50mL,8004,SAZERAC CO INC             ,9859,2024-04-19,2024-04-28,2024-05-05,2024-06-08,0.38,111,42.18,1
17_OLDHAM_4267,17,4267,Bacardi Limon Rum,1.75L,480,BACARDI USA INC            ,10778,2024-06-22,2024-06-28,2024-07-09,2024-08-04,15.62,6,93.72,1
45_VERITAS_5170,45,5170,Dr McGillicuddy's Apple Pie,750mL,8004,SAZERAC CO INC             ,10109,2024-05-06,2024-05-11,2024-05-23,2024-06-25,9.99,10,99.9,1
76_DONCASTER_38546,76,38546,Mark West Pnt Nr Sonoma,750mL,1392,CONSTELLATION BRANDS INC   ,9623,2024-04-03,2024-04-14,2024-04-23,2024-05-24,5.06,5,25.3,2
10_HORNSEY_284,10,284,Milagro Tequila Anejo SBR,750mL,3664,WILLIAM GRANT & SONS INC   ,9448,2024-03-21,2024-04-02,2024-04-04,2024-05-18,53.43,3,160.29,1
23_ARBINGTON_43809,23,43809,R M Woodbridge Pnt Nr,1.5L,1392,CONSTELLATION BRANDS INC   ,8897,2024-02-12,2024-02-18,2024-02-23,2024-04-10,5.84,7,40.88,2
64_CESTERFIELD_41612,64,41612,Ridge Geyserville Znfdl,750mL,4425,MARTIGNETTI COMPANIES,11166,2024-07-12,2024-07-19,2024-07-29,2024-09-10,24.18,12,290.16,2
7_STANMORE_1348,7,1348,Knob Creek Bourbon,375mL,12546,JIM BEAM BRANDS COMPANY    ,9398,2024-03-18,2024-03-25,2024-03-29,2024-04-29,11.84,12,142.08,1
47_PELLA'S WISH_5364,47,5364,Kahlua,1.75L,17035,PERNOD RICARD USA          ,11679,2024-08-16,2024-08-23,2024-08-29,2024-10-13,23.07,6,138.42,1
50_MOUNTMEND_3726,50,3726,Gilbeys Vodka Traveler,750mL,12546,JIM BEAM BRANDS COMPANY    ,10087,2024-05-05,2024-05-12,2024-05-19,2024-06-21,3.78,19,71.82,1
69_MOUNTMEND_37735,69,37735,Walnut Crest Vnto Pnt Grigio,1.5L,516,BANFI PRODUCTS CORP        ,11000,2024-07-01,2024-07-05,2024-07-13,2024-08-23,7.58,6,45.48,2
73_DONCASTER_5255,73,5255,TGI Fridays Ultimte Mudslide,1.75L,4466,AMERICAN VINTAGE BEVERAGE  ,13389,2024-12-07,2024-12-13,2024-12-26,2025-02-04,9.35,6,56.1,1
10_HORNSEY_45525,10,45525,Natura Colchagua Carmenere,750mL,516,BANFI PRODUCTS CORP        ,9316,2024-03-13,2024-03-23,2024-04-03,2024-05-14,5.91,12,70.92,2
73_DONCASTER_6460,73,6460,Columbia Crest Two Vns Chard,750mL,8673,STE MICHELLE WINE ESTATES  ,12088,2024-09-13,2024-09-21,2024-09-28,2024-11-12,4.76,12,57.12,2
38_GOULCREST_7878,38,7878,Allens Coffee Brandy,1.75L,9552,M S WALKER INC             ,8865,2024-02-10,2024-02-18,2024-02-26,2024-04-01,9.99,12,119.88,1
47_PELLA'S WISH_5734,47,5734,Malibu Rum,1.75L,17035,PERNOD RICARD USA          ,9291,2024-03-10,2024-03-18,2024-03-22,2024-05-08,15.82,1,15.82,1
73_DONCASTER_2760,73,2760,Jack Daniels Tennessee Honey,1.75L,1128,BROWN-FORMAN CORP          ,8210,2023-12-27,2024-01-07,2024-01-15,2024-02-25,28.02,11,308.22,1
64_CESTERFIELD_39593,64,39593,Redwood Creek Pnt Nr Cal,1.5L,3252,E & J GALLO WINERY         ,10084,2024-05-05,2024-05-12,2024-05-16,2024-06-29,6.33,6,37.98,2
66_EANVERNESS_17146,66,17146,Honeymaker Dry Mead,750mL,9165,ULTRA BEVERAGE COMPANY LLP ,11442,2024-07-31,2024-08-10,2024-08-22,2024-10-02,9.08,12,108.96,2
2_ASHBORNE_23974,2,23974,Catena RSV Chard,750mL,9552,M S WALKER INC             ,8626,2024-01-25,2024-02-04,2024-02-12,2024-03-19,11.25,12,135.0,2
66_EANVERNESS_40337,66,40337,Da Vinci Chianti Tuscany,750mL,3252,E & J GALLO WINERY         ,8999,2024-02-19,2024-02-22,2024-02-29,2024-04-10,6.57,12,78.84,2
55_DRY GULCH_44145,55,44145,Red Rock Merlot Cal,750mL,3252,E & J GALLO WINERY         ,9958,2024-04-26,2024-05-05,2024-05-12,2024-06-20,5.8,12,69.6,2
37_PAETHSMOUTH_8512,37,8512,Baileys Irish Cream,750mL,3960,DIAGEO NORTH AMERICA INC   ,11907,2024-09-01,2024-09-09,2024-09-13,2024-10-19,14.72,12,176.64,1
11_CARDEND_8097,11,8097,Patron Citronge Orange,375mL,9165,ULTRA BEVERAGE COMPANY LLP ,11442,2024-07-31,2024-08-11,2024-08-22,2024-10-02,9.44,11,103.84,1
19_WINTERVALE_40096,19,40096,Black Box Cab Svgn,3L,1392,CONSTELLATION BRANDS INC   ,12077,2024-09-13,2024-09-20,2024-10-01,2024-10-27,10.52,6,63.12,2
73_DONCASTER_8068,73,8068,Absolut 80 Proof,1.75L,17035,PERNOD RICARD USA          ,10059,2024-05-03,2024-05-09,2024-05-20,2024-07-02,18.24,44,802.56,1
23_ARBINGTON_19036,23,19036,Nicholson Ranch Est Chard,750mL,4425,MARTIGNETTI COMPANIES,9104,2024-02-26,2024-03-03,2024-03-13,2024-04-13,9.67,12,116.04,2
54_GUTHRAM_32907,54,32907,Sterling Vintners Cltn Chard,750mL,1590,DIAGEO CHATEAU ESTATE WINES,12194,2024-09-21,2024-09-30,2024-10-06,2024-11-19,5.37,72,386.64,2
69_MOUNTMEND_4767,69,4767,El Jimador Reposado Tequila,1.75L,1128,BROWN-FORMAN CORP          ,13288,2024-11-30,2024-12-09,2024-12-19,2025-01-29,19.28,6,115.68,1
34_PITMERDEN_3800,34,3800,Don Julio Anejo Tequila,750mL,3960,DIAGEO NORTH AMERICA INC   ,12441,2024-10-03,2024-10-10,2024-10-25,2024-11-24,42.85,6,257.1,1
54_GUTHRAM_3787,54,3787,Jose Cuervo Especial Silver,750mL,7245,PROXIMO SPIRITS INC.       ,12374,2024-09-28,2024-10-07,2024-10-17,2024-11-26,11.8,12,141.6,1
19_WINTERVALE_32649,19,32649,Beringer Classic Wh Merlot,1.5L,9819,TREASURY WINE ESTATES      ,10678,2024-06-14,2024-06-23,2024-06-29,2024-08-14,5.13,18,92.34,2
38_GOULCREST_4416,38,4416,Cruzan Coconut Flavored Rum,750mL,12546,JIM BEAM BRANDS COMPANY    ,13557,2024-12-18,2024-12-27,2025-01-04,2025-02-17,7.68,12,92.16,1
7_STANMORE_29169,7,29169,Franzia Tap Merlot,5L,9815,WINE GROUP INC             ,12551,2024-10-10,2024-10-21,2024-10-28,2024-12-05,10.88,3,32.64,2
76_DONCASTER_5292,76,5292,Rumpleminze,750mL,3960,DIAGEO NORTH AMERICA INC   ,12585,2024-10-13,2024-10-18,2024-10-31,2024-11-29,13.13,24,315.12,1
20_BREDWARDINE_6854,20,6854,Carlo Rossi Burgundy Calif,4L,3252,E & J GALLO WINERY         ,10953,2024-06-28,2024-07-06,2024-07-13,2024-08-14,9.86,4,39.44,2
64_CESTERFIELD_2645,64,2645,Chivas Regal,750mL,17035,PERNOD RICARD USA          ,11783,2024-08-23,2024-08-30,2024-09-08,2024-10-16,21.89,48,1050.72,1
51_ABERDEEN_5750,51,5750,Malibu Rum Traveler,750mL,17035,PERNOD RICARD USA          ,11679,2024-08-16,2024-08-24,2024-08-29,2024-10-13,8.69,12,104.28,1
70_KELD_3405,70,3405,Tito's Handmade Vodka,1.75L,4425,MARTIGNETTI COMPANIES,11368,2024-07-26,2024-08-02,2024-08-16,2024-09-10,23.19,34,788.46,1
79_BALLYMENA_8018,79,8018,La Vieille Ferme Red Ventoux,750mL,1587,VINEYARD BRANDS INC        ,8322,2024-01-03,2024-01-15,2024-01-18,2024-02-27,4.6,12,55.2,2
6_GOULCREST_8623,6,8623,Casamigos Anejo Tequila,50mL,6213,MHW LTD                    ,8555,2024-01-20,2024-01-29,2024-02-05,2024-03-12,2.34,1,2.34,1
64_CESTERFIELD_2957,64,2957,Glenfarclas 12-Yr Scotch,750mL,8004,SAZERAC CO INC             ,11320,2024-07-22,2024-07-28,2024-08-03,2024-09-03,25.89,6,155.34,1
49_GARIGILL_8339,49,8339,The Glenlivet 12 Yr Single,750mL,17035,PERNOD RICARD USA          ,11679,2024-08-16,2024-08-24,2024-08-29,2024-10-13,30.21,23,694.83,1
49_GARIGILL_27802,49,27802,Moet & Chandon Imperial,375mL,8112,MOET HENNESSY USA INC      ,12577,2024-10-12,2024-10-17,2024-10-31,2024-12-10,16.33,11,179.63,2
76_DONCASTER_15356,76,15356,Seaglass Pnt Nr,750mL,8892,TRINCHERO FAMILY ESTATES   ,12249,2024-09-23,2024-09-28,2024-10-10,2024-11-04,6.45,12,77.4,2
76_DONCASTER_7993,76,7993,Stock Italian X Dry Vermouth,750mL,8352,LUXCO INC                  ,12198,2024-09-21,2024-09-29,2024-10-08,2024-11-16,4.88,24,117.12,1
42_BLACK HOLLOW_8498,42,8498,R M Woodbridge Svgn Bl Cal,1.5L,1392,CONSTELLATION BRANDS INC   ,13375,2024-12-06,2024-12-13,2024-12-20,2025-01-28,5.84,5,29.2,2
14_BROMWICH_408,14,408,Wild Turkey American Honey,750mL,11567,CAMPARI AMERICA            ,10153,2024-05-10,2024-05-18,2024-05-29,2024-06-24,12.97,9,116.73,1
73_DONCASTER_3858,73,3858,Grey Goose Vodka,750mL,480,BACARDI USA INC            ,10550,2024-06-06,2024-06-14,2024-06-27,2024-08-05,17.77,23,408.71,1
1_HARDERSFIELD_8680,1,8680,Crown Royal,1.75L,3960,DIAGEO NORTH AMERICA INC   ,12841,2024-10-31,2024-11-09,2024-11-14,2024-12-27,28.88,5,144.4,1
38_GOULCREST_5311,38,5311,Amaretto DiSaronno,1.75L,2555,DISARONNO INTERNATIONAL LLC,10037,2024-05-02,2024-05-10,2024-05-16,2024-06-22,23.7,6,142.2,1
73_DONCASTER_20357,73,20357,Apothic Dark,750mL,3252,E & J GALLO WINERY         ,10118,2024-05-08,2024-05-17,2024-05-26,2024-06-28,5.19,5,25.95,2
23_ARBINGTON_3913,23,3913,Svedka Vodka,1.75L,1392,CONSTELLATION BRANDS INC   ,10098,2024-05-06,2024-05-10,2024-05-21,2024-07-02,14.28,9,128.52,1
30_CULCHETH_5315,30,5315,B & B Liqueur Dom,750mL,480,BACARDI USA INC            ,9929,2024-04-25,2024-05-05,2024-05-16,2024-06-20,19.22,12,230.64,1
49_GARIGILL_1961,49,1961,Everclear 151,1.75L,8352,LUXCO INC                  ,8639,2024-01-26,2024-02-06,2024-02-10,2024-03-25,23.91,6,143.46,1
15_WANBORNE_25537,15,25537,R Stemmler 13 Pnt Nr,750mL,17037,Dunn Wine Brokers          ,11923,2024-09-02,2024-09-08,2024-09-12,2024-10-22,11.4,12,136.8,2
50_MOUNTMEND_13576,50,13576,Columbia Winery Chard,750mL,3252,E & J GALLO WINERY         ,13033,2024-11-13,2024-11-26,2024-12-03,2024-12-31,3.89,267,1038.63,2
38_GOULCREST_31618,38,31618,Chartron La Fleur Brdx Whit,750mL,9552,M S WALKER INC             ,8916,2024-02-14,2024-02-22,2024-03-05,2024-04-14,6.57,12,78.84,2
56_BEGGAR'S HOLE_6234,56,6234,C Y Toro Front Cab/Merlot,1.5L,516,BANFI PRODUCTS CORP        ,8570,2024-01-21,2024-01-28,2024-02-06,2024-03-20,4.54,5,22.7,2
35_HALIVAARA_2658,35,2658,Cutty Sark,750mL,2561,EDRINGTON AMERICAS         ,9183,2024-03-03,2024-03-10,2024-03-14,2024-04-23,12.49,12,149.88,1
25_CAERSHIRE_3158,25,3158,Pinnacle Tropical Punch,1.75L,12546,JIM BEAM BRANDS COMPANY    ,13152,2024-11-21,2024-12-02,2024-12-11,2025-01-08,12.77,4,51.08,1
34_PITMERDEN_4689,34,4689,Hennessy Privilege VSOP,750mL,8112,MOET HENNESSY USA INC      ,12981,2024-11-08,2024-11-14,2024-11-29,2025-01-06,33.33,7,233.31,1
8_ALNERWICK_37401,8,37401,Excelsior S Afr Cab Svgn,750mL,9552,M S WALKER INC             ,13059,2024-11-14,2024-11-22,2024-11-29,2025-01-05,5.26,12,63.12,2
60_IRRAGIN_6574,60,6574,Franzia Tap Wh Znfdl Cal,5L,9815,WINE GROUP INC             ,8602,2024-01-22,2024-01-26,2024-02-03,2024-03-10,9.99,3,29.97,2
76_DONCASTER_3583,76,3583,Smirnoff Orange Vodka,1.75L,3960,DIAGEO NORTH AMERICA INC   ,10468,2024-05-31,2024-06-08,2024-06-15,2024-07-24,13.23,6,79.38,1
32_MOUNTMEND_3921,32,3921,Espolon Reposado Tequila,750mL,11567,CAMPARI AMERICA            ,12584,2024-10-13,2024-10-19,2024-10-26,2024-12-11,17.9,6,107.4,1
53_HILLFAR_41252,53,41252,Beringer Classic Pnt Grigio,1.5L,9819,TREASURY WINE ESTATES      ,11118,2024-07-08,2024-07-15,2024-07-22,2024-08-22,5.13,5,25.65,2
73_DONCASTER_5187,73,5187,Arrow White Creme de Cacao,750mL,8352,LUXCO INC                  ,9680,2024-04-06,2024-04-11,2024-04-25,2024-05-24,6.1,12,73.2,1
6_GOULCREST_8346,6,8346,Marques de Riscal Rioja Red,750mL,8320,SHAW ROSS INT L IMP LTD    ,12478,2024-10-05,2024-10-12,2024-10-24,2024-11-25,9.93,11,109.23,2
54_GUTHRAM_597,54,597,Baileys Irish Cream,Liter,3960,DIAGEO NORTH AMERICA INC   ,8173,2023-12-24,2024-01-02,2024-01-10,2024-02-19,21.53,11,236.83,1
62_KILMARNOCK_2114,62,2114,Black Velvet Canadian Whisky,1.75L,1392,CONSTELLATION BRANDS INC   ,13645,2024-12-23,2024-12-26,2025-01-10,2025-02-02,9.41,4,37.64,1
35_HALIVAARA_3625,35,3625,Absolut 80 Proof,750mL,17035,PERNOD RICARD USA          ,12070,2024-09-12,2024-09-22,2024-09-27,2024-11-13,12.59,11,138.49,1
9_BLACKPOOL_10596,9,10596,Almaden Mt Rhine Calif B/B,5L,9815,WINE GROUP INC             ,12012,2024-09-07,2024-09-14,2024-09-25,2024-10-28,9.86,4,39.44,2
76_DONCASTER_23739,76,23739,Liberty School Cab Svgn,750mL,4425,MARTIGNETTI COMPANIES,12425,2024-10-02,2024-10-12,2024-10-25,2024-12-04,7.25,10,72.5,2
67_EANVERNESS_40175,67,40175,M & R Asti 4 Pak,187mL 4 Pk,480,BACARDI USA INC            ,11859,2024-08-30,2024-09-05,2024-09-20,2024-10-22,8.21,6,49.26,2
1_HARDERSFIELD_23212,1,23212,The Dreaming Tree Pnt Nr CA,750mL,1392,CONSTELLATION BRANDS INC   ,8419,2024-01-11,2024-01-22,2024-01-30,2024-03-01,7.99,24,191.76,2
30_CULCHETH_8504,30,8504,R M Woodbridge Cab Svgn Cal,1.5L,1392,CONSTELLATION BRANDS INC   ,12357,2024-09-27,2024-10-06,2024-10-17,2024-11-19,5.84,20,116.8,2
12_LEESIDE_36770,12,36770,Yellow Tail Cab Svgn Ausl,1.5L,4425,MARTIGNETTI COMPANIES,10720,2024-06-17,2024-06-23,2024-07-01,2024-07-30,6.13,3,18.39,2
69_MOUNTMEND_435,69,435,Il Tramonto Limoncello,750mL,7153,PINE STATE TRADING CO      ,11401,2024-07-28,2024-08-03,2024-08-13,2024-09-09,12.79,6,76.74,1
24_PALPERROTH_3102,24,3102,Smirnoff Traveler,1.75L,3960,DIAGEO NORTH AMERICA INC   ,8966,2024-02-17,2024-02-25,2024-03-07,2024-04-11,12.94,10,129.4,1
78_EASTHAVEN_28260,78,28260,Nathanson Creek Chard,1.5L,1392,CONSTELLATION BRANDS INC   ,9623,2024-04-03,2024-04-14,2024-04-23,2024-05-24,5.19,6,31.14,2
50_MOUNTMEND_28889,50,28889,Peter Vella Chard Cal B/B,5L,3252,E & J GALLO WINERY         ,9958,2024-04-26,2024-05-05,2024-05-12,2024-06-20,10.61,3,31.83,2
69_MOUNTMEND_1465,69,1465,Woodford Rsv Bourbon,375mL,1128,BROWN-FORMAN CORP          ,9017,2024-02-21,2024-03-01,2024-03-07,2024-04-21,11.02,12,132.24,1
50_MOUNTMEND_1734,50,1734,Duggans Dew O Kirkintilloch,1.75L,2496,DUGGANS DISTILLED PRODUCTS ,11777,2024-08-23,2024-09-03,2024-09-09,2024-10-22,17.45,90,1570.5,1
44_PORTHCRAWL_3123,44,3123,Booths London Dry Gin,1.75L,3960,DIAGEO NORTH AMERICA INC   ,11493,2024-08-04,2024-08-12,2024-08-17,2024-10-02,10.94,6,65.64,1
60_IRRAGIN_6995,60,6995,Carlo Rossi Spanada Sangria,1.5L,3252,E & J GALLO WINERY         ,12812,2024-10-28,2024-10-31,2024-11-11,2024-12-17,4.79,5,23.95,2
8_ALNERWICK_14078,8,14078,Bota Box Malbec,3L,2242,DELICATO VINEYARDS INC     ,12043,2024-09-11,2024-09-20,2024-09-30,2024-10-29,11.25,3,33.75,2
27_MOUNTMEND_35918,27,35918,Stone Cellars Pnt Grigio,1.5L,9819,TREASURY WINE ESTATES      ,8282,2023-12-31,2024-01-05,2024-01-16,2024-02-22,6.49,4,25.96,2
69_MOUNTMEND_2156,69,2156,(RI) 1,750mL,12546,JIM BEAM BRANDS COMPANY    ,9305,2024-03-11,2024-03-16,2024-03-23,2024-04-25,26.92,6,161.52,1
11_CARDEND_3790,11,3790,Don Julio Blanco Tequila,750mL,3960,DIAGEO NORTH AMERICA INC   ,9624,2024-04-03,2024-04-15,2024-04-18,2024-05-24,35.65,12,427.8,1
51_ABERDEEN_5219,51,5219,Sambuca Romana Black,750mL,3960,DIAGEO NORTH AMERICA INC   ,13487,2024-12-13,2024-12-19,2024-12-29,2025-02-06,13.23,12,158.76,1
56_BEGGAR'S HOLE_25504,56,25504,Renwood Clarion Red,750mL,4425,MARTIGNETTI COMPANIES,9140,2024-02-29,2024-03-09,2024-03-20,2024-04-16,7.38,47,346.86,2
68_SOLARIS_2585,68,2585,Jameson Irish Whiskey,750mL,17035,PERNOD RICARD USA          ,11372,2024-07-26,2024-08-05,2024-08-12,2024-09-12,16.42,9,147.78,1
55_DRY GULCH_8691,55,8691,Jose Cuervo Especial,750mL,7245,PROXIMO SPIRITS INC.       ,8852,2024-02-09,2024-02-16,2024-02-28,2024-04-04,11.9,11,130.9,1
50_MOUNTMEND_2753,50,2753,Johnnie Walker Black Label,1.75L,3960,DIAGEO NORTH AMERICA INC   ,13392,2024-12-07,2024-12-12,2024-12-22,2025-01-21,44.77,20,895.4,1
33_HORNSEY_3397,33,3397,Ciroc Red Berry Vodka,750mL,3960,DIAGEO NORTH AMERICA INC   ,11329,2024-07-24,2024-08-05,2024-08-16,2024-09-14,18.24,9,164.16,1
23_ARBINGTON_2663,23,2663,Dewars White Label,1.75L,480,BACARDI USA INC            ,12312,2024-09-25,2024-10-07,2024-10-13,2024-11-13,21.42,104,2227.68,1
49_GARIGILL_27203,49,27203,DeLoach Ethans Vyd Znfdl,750mL,4425,MARTIGNETTI COMPANIES,12730,2024-10-23,2024-11-05,2024-11-11,2024-12-18,8.84,11,97.24,2
78_EASTHAVEN_4363,78,4363,Capt Morgan Black Spiced Rum,1.75L,3960,DIAGEO NORTH AMERICA INC   ,8899,2024-02-12,2024-02-18,2024-02-29,2024-03-31,23.73,6,142.38,1
69_MOUNTMEND_24775,69,24775,J Bouchon Canto Sur,750mL,653,STATE WINE & SPIRITS   ,8585,2024-01-21,2024-01-26,2024-02-04,2024-03-19,8.9,36,320.4,2
24_PALPERROTH_523,24,523,Castello Del Poggio Moscato,750mL,4425,MARTIGNETTI COMPANIES,13091,2024-11-16,2024-11-25,2024-12-05,2025-01-11,7.09,12,85.08,2
5_SUTTON_1468,5,1468,Knob Creek Single Barrel Rsv,750mL,12546,JIM BEAM BRANDS COMPANY    ,11227,2024-07-17,2024-07-29,2024-08-01,2024-09-17,31.49,6,188.94,1
66_EANVERNESS_4884,66,4884,Bayou Silver Rum,750mL,8664,"STOLI GROUP,(USA) LLC      ",12736,2024-10-23,2024-11-01,2024-11-13,2024-12-19,15.5,11,170.5,1
4_EANVERNESS_8562,4,8562,DeKuyper Peachtree Trav,1.75L,12546,JIM BEAM BRANDS COMPANY    ,10007,2024-04-29,2024-05-04,2024-05-12,2024-06-22,11.44,6,68.64,1
12_LEESIDE_38178,12,38178,Rex Goliath Cab Svgn,750mL,1392,CONSTELLATION BRANDS INC   ,8522,2024-01-18,2024-01-28,2024-02-03,2024-03-14,4.13,12,49.56,2
26_KNIFE'S EDGE_3612,26,3612,Taaka Vodka,1.75L,8004,SAZERAC CO INC             ,12246,2024-09-23,2024-09-30,2024-10-05,2024-11-15,6.81,6,40.86,1
35_HALIVAARA_35412,35,35412,Yellow Tail Chard Ausl,1.5L,4425,MARTIGNETTI COMPANIES,12730,2024-10-23,2024-11-03,2024-11-11,2024-12-18,5.97,11,65.67,2
69_MOUNTMEND_7715,69,7715,Andre Extra Dry,750mL,3252,E & J GALLO WINERY         ,12859,2024-11-01,2024-11-11,2024-11-16,2024-12-20,3.01,12,36.12,2
47_PELLA'S WISH_126,47,126,Grey Goose Vodka,Liter,480,BACARDI USA INC            ,11341,2024-07-25,2024-08-02,2024-08-11,2024-09-15,20.14,6,120.84,1
54_GUTHRAM_6329,54,6329,R M Woodbridge Wh Znfdl Cal,1.5L,1392,CONSTELLATION BRANDS INC   ,12840,2024-10-31,2024-11-08,2024-11-18,2024-12-23,6.2,6,37.2,2
33_HORNSEY_24325,33,24325,La Crema Chard Sonoma Cst,750mL,10000,MAJESTIC FINE WINES        ,13090,2024-11-16,2024-11-25,2024-12-03,2025-01-01,10.88,24,261.12,2
56_BEGGAR'S HOLE_5058,56,5058,Capt Morgan Long Isl Tea RTD,1.75L,3960,DIAGEO NORTH AMERICA INC   ,12149,2024-09-18,2024-09-27,2024-10-08,2024-11-07,11.93,6,71.58,1
79_BALLYMENA_34427,79,34427,Frei Bros RSV Cab Svgn Alex,750mL,3252,E & J GALLO WINERY         ,12151,2024-09-18,2024-09-28,2024-10-04,2024-11-14,13.81,48,662.88,2
50_MOUNTMEND_1345,50,1345,Basil Hayden Bourbon,750mL,12546,JIM BEAM BRANDS COMPANY    ,10603,2024-06-09,2024-06-17,2024-06-26,2024-08-03,28.45,4,113.8,1
49_GARIGILL_2143,49,2143,Canadian Mist,1.75L,1128,BROWN-FORMAN CORP          ,11109,2024-07-08,2024-07-15,2024-07-22,2024-09-01,10.07,4,40.28,1
23_ARBINGTON_3362,23,3362,Poland Spring Gin,Liter,9552,M S WALKER INC             ,10383,2024-05-25,2024-06-02,2024-06-10,2024-07-16,4.47,12,53.64,1
32_MOUNTMEND_4224,32,4224,Goslings Black Seal Rum 80,750mL,1485,CASTLE BRANDS CORP.        ,9788,2024-04-14,2024-04-18,2024-05-03,2024-06-11,11.44,12,137.28,1
55_DRY GULCH_20950,55,20950,Bouza Merlot Tannat 12,750mL,90017,THE IMPORTED GRAPE LLC     ,13589,2024-12-19,2024-12-27,2025-01-10,2025-02-02,12.58,12,150.96,2
74_PAENTMARWY_15528,74,15528,Cannonball Chard,750mL,4425,MARTIGNETTI COMPANIES,9973,2024-04-27,2024-05-05,2024-05-11,2024-06-24,9.33,48,447.84,2
8_ALNERWICK_1148,8,1148,Old New England Egg Nog,750mL,9552,M S WALKER INC             ,12756,2024-10-25,2024-11-03,2024-11-07,2024-12-25,5.26,11,57.86,1
34_PITMERDEN_25984,34,25984,C Y Toro Casa Diablo Svgn Bl,750mL,516,BANFI PRODUCTS CORP        ,12181,2024-09-20,2024-09-29,2024-10-06,2024-11-10,5.88,1,5.88,2
78_EASTHAVEN_32908,78,32908,Sterling Vintners Cltn Merlo,750mL,1590,DIAGEO CHATEAU ESTATE WINES,12458,2024-10-04,2024-10-13,2024-10-18,2024-11-17,6.55,12,78.6,2
10_HORNSEY_1515,10,1515,Old Overholt,750mL,12546,JIM BEAM BRANDS COMPANY    ,12134,2024-09-16,2024-09-21,2024-09-29,2024-11-07,10.14,12,121.68,1
50_MOUNTMEND_8111,50,8111,Smirnoff 80 Proof,50mL,3960,DIAGEO NORTH AMERICA INC   ,12264,2024-09-23,2024-10-01,2024-10-10,2024-11-17,0.77,70,53.9,1
79_BALLYMENA_3746,79,3746,Gordons Vodka 80 Proof,1.75L,3960,DIAGEO NORTH AMERICA INC   ,9451,2024-03-22,2024-04-03,2024-04-06,2024-05-10,8.52,4,34.08,1
67_EANVERNESS_3522,67,3522,Platinum 7X Distilled Vodka,1.75L,8004,SAZERAC CO INC             ,13518,2024-12-14,2024-12-20,2024-12-26,2025-02-01,9.62,3,28.86,1
67_EANVERNESS_2580,67,2580,Barr Hill Gin,750mL,1273,CALEDONIA SPIRITS INC      ,11363,2024-07-26,2024-08-04,2024-08-11,2024-09-15,29.36,5,146.8,1
34_PITMERDEN_3158,34,3158,Pinnacle Tropical Punch,1.75L,12546,JIM BEAM BRANDS COMPANY    ,12661,2024-10-18,2024-10-26,2024-11-04,2024-12-05,12.77,6,76.62,1
33_HORNSEY_39146,33,39146,Matua Svgn Bl Marlboro,750mL,9819,TREASURY WINE ESTATES      ,12946,2024-11-06,2024-11-14,2024-11-29,2025-01-05,6.53,12,78.36,2
7_STANMORE_42421,7,42421,Firesteed Pnt Gris Ore,750mL,10754,PERFECTA WINES             ,11235,2024-07-17,2024-07-29,2024-08-04,2024-09-09,7.74,12,92.88,2
23_ARBINGTON_13163,23,13163,Barefoot Bubbly Moscato,750mL,3252,E & J GALLO WINERY         ,9260,2024-03-09,2024-03-17,2024-03-21,2024-05-03,5.47,12,65.64,2
23_ARBINGTON_175,23,175,1800 Anejo Tequila,750mL,7245,PROXIMO SPIRITS INC.       ,11680,2024-08-16,2024-08-25,2024-08-30,2024-10-14,26.8,2,53.6,1
74_PAENTMARWY_2906,74,2906,Usquaebach Old Rare Whisky,750mL,9165,ULTRA BEVERAGE COMPANY LLP ,9081,2024-02-24,2024-03-04,2024-03-13,2024-04-10,72.99,6,437.94,1
54_GUTHRAM_38668,54,38668,Mumm Napa Cuvee M Sparkling,750mL,17035,PERNOD RICARD USA          ,13437,2024-12-09,2024-12-16,2024-12-19,2025-01-27,12.98,12,155.76,2
33_HORNSEY_497,33,497,Capt Morgan Spiced Rum,Liter,3960,DIAGEO NORTH AMERICA INC   ,13226,2024-11-25,2024-11-29,2024-12-05,2025-01-10,14.7,12,176.4,1
24_PALPERROTH_46165,24,46165,Barefoot Pnt Grigio Cal,187mL 4 Pk,3252,E & J GALLO WINERY         ,11924,2024-09-02,2024-09-08,2024-09-20,2024-10-20,4.45,6,26.7,2
9_BLACKPOOL_19748,9,19748,Clos du Bois Chard,1.5L,1392,CONSTELLATION BRANDS INC   ,11703,2024-08-18,2024-08-24,2024-09-03,2024-10-01,9.2,12,110.4,2
38_GOULCREST_2443,38,2443,Seagrams VO,1.75L,3960,DIAGEO NORTH AMERICA INC   ,13320,2024-12-02,2024-12-07,2024-12-19,2025-01-13,13.48,11,148.28,1
24_PALPERROTH_8909,24,8909,Carlo Rossi Chablis Calif,1.5L,3252,E & J GALLO WINERY         ,8722,2024-02-01,2024-02-11,2024-02-15,2024-03-26,4.51,6,27.06,2
73_DONCASTER_4245,73,4245,Bacardi Superior Rum,750mL,480,BACARDI USA INC            ,8914,2024-02-14,2024-02-26,2024-03-06,2024-04-04,7.93,9,71.37,1
15_WANBORNE_8562,15,8562,DeKuyper Peachtree Trav,1.75L,12546,JIM BEAM BRANDS COMPANY    ,13421,2024-12-08,2024-12-15,2024-12-24,2025-01-21,11.44,1,11.44,1
71_CLARCTON_8680,71,8680,Crown Royal,1.75L,3960,DIAGEO NORTH AMERICA INC   ,11907,2024-09-01,2024-09-08,2024-09-13,2024-10-19,28.88,69,1992.72,1
73_DONCASTER_4064,73,4064,Calico Jack Pin/Coc Rum,1.75L,12546,JIM BEAM BRANDS COMPANY    ,8443,2024-01-12,2024-01-22,2024-01-28,2024-03-04,9.41,6,56.46,1
28_LARNWICK_5365,28,5365,Kahlua,750mL,17035,PERNOD RICARD USA          ,8315,2024-01-03,2024-01-11,2024-01-25,2024-02-25,14.84,12,178.08,1
23_ARBINGTON_3489,23,3489,Tanqueray,1.75L,3960,DIAGEO NORTH AMERICA INC   ,12585,2024-10-13,2024-10-20,2024-10-31,2024-11-29,20.73,59,1223.07,1
55_DRY GULCH_3878,55,3878,Smirnoff 80 Proof,750mL,3960,DIAGEO NORTH AMERICA INC   ,10126,2024-05-09,2024-05-20,2024-05-31,2024-07-04,7.96,12,95.52,1
38_GOULCREST_2590,38,2590,The Black Grouse Scotch,1.75L,2561,EDRINGTON AMERICAS         ,12776,2024-10-26,2024-11-03,2024-11-14,2024-12-11,28.98,6,173.88,1
55_DRY GULCH_19895,55,19895,Skeleton Malbec,Liter,9165,ULTRA BEVERAGE COMPANY LLP ,8513,2024-01-17,2024-01-26,2024-02-02,2024-03-13,6.45,6,38.7,2
34_PITMERDEN_18096,34,18096,Bolla Amarone Valpolicella,750mL,516,BANFI PRODUCTS CORP        ,10733,2024-06-19,2024-06-28,2024-07-09,2024-08-10,20.94,5,104.7,2
54_GUTHRAM_3790,54,3790,Don Julio Blanco Tequila,750mL,3960,DIAGEO NORTH AMERICA INC   ,11794,2024-08-24,2024-08-30,2024-09-09,2024-10-06,35.65,6,213.9,1
66_EANVERNESS_2198,66,2198,Chivas Regal Extra,750mL,17035,PERNOD RICARD USA          ,10772,2024-06-21,2024-06-29,2024-07-07,2024-08-20,28.67,6,172.02,1
59_CLAETHORPES_2767,59,2767,Johnnie Walker Blue Label,750mL,3960,DIAGEO NORTH AMERICA INC   ,12149,2024-09-18,2024-09-29,2024-10-08,2024-11-07,139.7,12,1676.4,1
58_HARTLEPOOL_3728,58,3728,Absolut Citron,1.75L,17035,PERNOD RICARD USA          ,8489,2024-01-15,2024-01-19,2024-01-30,2024-03-09,18.93,6,113.58,1
67_EANVERNESS_28889,67,28889,Peter Vella Chard Cal B/B,5L,3252,E & J GALLO WINERY         ,9169,2024-03-02,2024-03-07,2024-03-18,2024-04-26,10.61,4,42.44,2
12_LEESIDE_24327,12,24327,La Crema Pnt Nr Sonoma Cst,750mL,10000,MAJESTIC FINE WINES        ,11574,2024-08-09,2024-08-16,2024-08-30,2024-10-02,13.1,12,157.2,2
49_GARIGILL_8730,49,8730,Ruffino Orvieto Clsc,750mL,1392,CONSTELLATION BRANDS INC   ,10986,2024-06-30,2024-07-06,2024-07-17,2024-08-27,5.5,5,27.5,1
56_BEGGAR'S HOLE_5891,56,5891,Ryans Irish Cream,1.75L,8004,SAZERAC CO INC             ,13329,2024-12-02,2024-12-07,2024-12-13,2025-01-23,11.84,3,35.52,1
20_BREDWARDINE_5364,20,5364,Kahlua,1.75L,17035,PERNOD RICARD USA          ,8257,2023-12-30,2024-01-05,2024-01-13,2024-02-25,23.07,5,115.35,1
73_DONCASTER_6918,73,6918,Franzia Tap Cab Svgn,5L,9815,WINE GROUP INC             ,9983,2024-04-27,2024-05-06,2024-05-10,2024-06-20,10.95,3,32.85,2
75_BARNCOMBE_1896,75,1896,The Glenlivet 18 Yr Single,750mL,17035,PERNOD RICARD USA          ,10672,2024-06-14,2024-06-23,2024-06-27,2024-08-10,68.83,3,206.49,1
39_EASTHALLOW_11213,39,11213,Meiomi Pnt Nr,750mL,1392,CONSTELLATION BRANDS INC   ,9819,2024-04-17,2024-04-28,2024-05-09,2024-06-12,12.66,12,151.92,2
46_TYWARDREATH_5333,46,5333,Jenkins Amaretto,1.75L,9552,M S WALKER INC             ,8553,2024-01-20,2024-01-27,2024-02-01,2024-03-13,8.65,5,43.25,1
56_BEGGAR'S HOLE_5103,56,5103,Fireball Cinnamon Whisky,1.75L,8004,SAZERAC CO INC             ,8561,2024-01-20,2024-01-26,2024-02-01,2024-03-15,17.14,6,102.84,1
34_PITMERDEN_6688,34,6688,Ch St Jean Chard California,750mL,9819,TREASURY WINE ESTATES      ,12141,2024-09-16,2024-09-21,2024-09-27,2024-10-27,5.81,12,69.72,2
50_MOUNTMEND_34635,50,34635,Riunite Lambrusco Rose,1.5L,516,BANFI PRODUCTS CORP        ,12500,2024-10-07,2024-10-11,2024-10-17,2024-11-30,5.29,6,31.74,2
55_DRY GULCH_21254,55,21254,Renwood Timberline Znfdl,750mL,4425,MARTIGNETTI COMPANIES,8276,2023-12-31,2024-01-05,2024-01-18,2024-02-28,14.28,12,171.36,2
11_CARDEND_5103,11,5103,Fireball Cinnamon Whisky,1.75L,8004,SAZERAC CO INC             ,10268,2024-05-17,2024-05-23,2024-06-06,2024-07-05,17.14,18,308.52,1
68_SOLARIS_5758,68,5758,1800 Ultimate Margarita RTD,1.75L,7245,PROXIMO SPIRITS INC.       ,11680,2024-08-16,2024-08-22,2024-08-30,2024-10-14,13.33,6,79.98,1
73_DONCASTER_3427,73,3427,Stolichnaya Blueberi,1.75L,8664,"STOLI GROUP,(USA) LLC      ",11084,2024-07-05,2024-07-15,2024-07-20,2024-08-19,17.85,16,285.6,1
76_DONCASTER_5253,76,5253,Kahlua Original Mudslide RTD,1.75L,17035,PERNOD RICARD USA          ,11103,2024-07-07,2024-07-15,2024-07-22,2024-08-27,11.84,3,35.52,1
68_SOLARIS_6682,68,6682,R M Woodbridge Chard Cal,1.5L,1392,CONSTELLATION BRANDS INC   ,9749,2024-04-12,2024-04-19,2024-04-28,2024-05-26,6.03,8,48.24,2
74_PAENTMARWY_15774,74,15774,Paul D Zweigelt Weinland,Liter,90047,CRUSH WINES                ,9956,2024-04-26,2024-05-04,2024-05-09,2024-06-13,7.61,12,91.32,2
34_PITMERDEN_4294,34,4294,Goslings Black Seal 151,750mL,1485,CASTLE BRANDS CORP.        ,11700,2024-08-18,2024-08-25,2024-09-04,2024-10-02,11.71,12,140.52,1
69_MOUNTMEND_34428,69,34428,Frei Bros RSV Chard RRV,750mL,3252,E & J GALLO WINERY         ,10084,2024-05-05,2024-05-13,2024-05-16,2024-06-29,9.55,9,85.95,2
53_HILLFAR_8670,53,8670,Arrow Coffee Brandy,1.75L,8352,LUXCO INC                  ,9263,2024-03-09,2024-03-18,2024-03-27,2024-05-05,7.85,3,23.55,1
78_EASTHAVEN_5735,78,5735,Malibu Rum,750mL,17035,PERNOD RICARD USA          ,10973,2024-06-29,2024-07-07,2024-07-12,2024-08-26,9.29,35,325.15,1
22_SHARNWICK_24094,22,24094,Gallo Copperidge Cab Svgn,1.5L,3252,E & J GALLO WINERY         ,8624,2024-01-25,2024-02-04,2024-02-15,2024-03-25,4.57,12,54.84,2
33_HORNSEY_22569,33,22569,Bota Box Svgn Bl,3L,2242,DELICATO VINEYARDS INC     ,13031,2024-11-13,2024-11-25,2024-12-04,2025-01-04,11.72,3,35.16,2
16_LUNDY_6281,16,6281,Franzia Sunset Blush Tap,5L,9815,WINE GROUP INC             ,9670,2024-04-05,2024-04-15,2024-04-22,2024-05-26,8.96,7,62.72,2
63_SWORDBREAK_2713,63,2713,Inver House Green Plaid 3-Y,1.75L,660,SAZERAC NORTH AMERICA INC. ,9925,2024-04-24,2024-05-03,2024-05-13,2024-06-14,10.93,6,65.58,1
52_GRAYCOTT_10472,52,10472,Clos du Bois Pnt Nr Cal,750mL,1392,CONSTELLATION BRANDS INC   ,11883,2024-08-31,2024-09-09,2024-09-14,2024-10-30,6.07,24,145.68,2
67_EANVERNESS_12343,67,12343,Bota Box Znfdl,3L,2242,DELICATO VINEYARDS INC     ,12877,2024-11-02,2024-11-07,2024-11-15,2024-12-23,11.18,3,33.54,2
38_GOULCREST_21019,38,21019,Black Box Pnt Nr,3L,1392,CONSTELLATION BRANDS INC   ,11071,2024-07-05,2024-07-13,2024-07-18,2024-09-03,10.66,5,53.3,2
9_BLACKPOOL_8370,9,8370,Chi Chi's Margarita,1.75L,660,SAZERAC NORTH AMERICA INC. ,12118,2024-09-15,2024-09-21,2024-09-28,2024-11-07,5.71,5,28.55,1
48_NORFOLK_4845,48,4845,Arrow Cherry Brandy,750mL,8352,LUXCO INC                  ,9153,2024-03-01,2024-03-12,2024-03-21,2024-04-19,6.39,12,76.68,1
9_BLACKPOOL_3606,9,3606,Smirnoff Raspberry Vodka,50mL,3960,DIAGEO NORTH AMERICA INC   ,12748,2024-10-25,2024-11-02,2024-11-09,2024-12-22,0.74,106,78.44,1
62_KILMARNOCK_4201,62,4201,Calico Jack Silver Rum,1.75L,12546,JIM BEAM BRANDS COMPANY    ,10295,2024-05-19,2024-05-25,2024-06-06,2024-07-16,9.55,5,47.75,1
38_GOULCREST_24327,38,24327,La Crema Pnt Nr Sonoma Cst,750mL,10000,MAJESTIC FINE WINES        ,12199,2024-09-21,2024-09-28,2024-10-06,2024-11-18,13.1,11,144.1,2
69_MOUNTMEND_12901,69,12901,Madria Sangria,1.5L,3252,E & J GALLO WINERY         ,9536,2024-03-28,2024-04-06,2024-04-11,2024-05-19,5.19,4,20.76,2
75_BARNCOMBE_3826,75,3826,Skyy Vodka,1.75L,11567,CAMPARI AMERICA            ,12313,2024-09-25,2024-10-04,2024-10-11,2024-11-20,15.74,9,141.66,1
68_SOLARIS_2696,68,2696,McClelland Highland Sgl Malt,1.75L,12546,JIM BEAM BRANDS COMPANY    ,12816,2024-10-28,2024-11-02,2024-11-12,2024-12-10,25.19,6,151.14,1
76_DONCASTER_24778,76,24778,Rocca Delle Macie Chianti C,1.5L,6785,PALM BAY INTERNATIONAL INC ,12681,2024-10-19,2024-10-26,2024-11-02,2024-12-08,14.66,6,87.96,2
56_BEGGAR'S HOLE_46163,56,46163,Barefoot Chard Cal,187mL 4 Pk,3252,E & J GALLO WINERY         ,11656,2024-08-15,2024-08-24,2024-09-03,2024-10-15,4.48,6,26.88,2
56_BEGGAR'S HOLE_32263,56,32263,Lindemans Bin 65 Chard,1.5L,4425,MARTIGNETTI COMPANIES,10193,2024-05-12,2024-05-17,2024-05-29,2024-07-09,6.8,10,68.0,2
73_DONCASTER_171,73,171,Gentleman Jack,1.75L,1128,BROWN-FORMAN CORP          ,13468,2024-12-12,2024-12-22,2024-12-28,2025-02-07,36.76,4,147.04,1
23_ARBINGTON_3452,23,3452,Vanya Light Vodka,1.75L,9552,M S WALKER INC             ,10686,2024-06-15,2024-06-24,2024-06-30,2024-08-13,5.55,4,22.2,1
23_ARBINGTON_7993,23,7993,Stock Italian X Dry Vermouth,750mL,8352,LUXCO INC                  ,11051,2024-07-04,2024-07-15,2024-07-22,2024-08-18,4.88,12,58.56,1
63_SWORDBREAK_6995,63,6995,Carlo Rossi Spanada Sangria,1.5L,3252,E & J GALLO WINERY         ,11796,2024-08-24,2024-08-30,2024-09-08,2024-10-07,4.79,6,28.74,2
28_LARNWICK_4261,28,4261,Capt Morgan Spiced Rum,1.75L,3960,DIAGEO NORTH AMERICA INC   ,13084,2024-11-16,2024-11-21,2024-12-03,2025-01-06,16.17,3,48.51,1
51_ABERDEEN_12147,51,12147,Sterling Vintners CA Meritag,750mL,1590,DIAGEO CHATEAU ESTATE WINES,8289,2024-01-01,2024-01-06,2024-01-12,2024-02-22,5.26,12,63.12,2
37_PAETHSMOUTH_3253,37,3253,Gilbeys London Dry,1.75L,12546,JIM BEAM BRANDS COMPANY    ,12134,2024-09-16,2024-09-23,2024-09-29,2024-11-07,9.08,5,45.4,1
66_EANVERNESS_3549,66,3549,Ketel One Vodka,750mL,3960,DIAGEO NORTH AMERICA INC   ,13392,2024-12-07,2024-12-16,2024-12-22,2025-01-21,17.82,12,213.84,1
9_BLACKPOOL_3246,9,3246,Bentley's Vodka,1.75L,8004,SAZERAC CO INC             ,12246,2024-09-23,2024-09-28,2024-10-05,2024-11-15,6.71,1,6.71,1
59_CLAETHORPES_27351,59,27351,Almaden Chard Cal B/B,5L,9815,WINE GROUP INC             ,12551,2024-10-10,2024-10-17,2024-10-28,2024-12-05,10.38,8,83.04,2
58_HARTLEPOOL_8033,58,8033,Jack Daniels No 7 Black,50mL,1128,BROWN-FORMAN CORP          ,9215,2024-03-06,2024-03-15,2024-03-25,2024-04-24,2.3,115,264.5,1
48_NORFOLK_21985,48,21985,Menage a Trois Midnight,750mL,8892,TRINCHERO FAMILY ESTATES   ,12837,2024-10-30,2024-11-11,2024-11-20,2024-12-25,6.59,12,79.08,2
81_PEMBROKE_31487,81,31487,Barefoot Bubbly Brut Cve,750mL,3252,E & J GALLO WINERY         ,12812,2024-10-28,2024-11-01,2024-11-11,2024-12-17,5.29,12,63.48,2
34_PITMERDEN_4233,34,4233,Castillo Silver Label Rum,1.75L,480,BACARDI USA INC            ,10778,2024-06-22,2024-06-28,2024-07-09,2024-08-04,7.87,2,15.74,1
17_OLDHAM_1178,17,1178,Evan Williams Black Label B,750mL,3924,HEAVEN HILL DISTILLERIES   ,12521,2024-10-09,2024-10-18,2024-10-24,2024-12-03,7.83,12,93.96,1
25_CAERSHIRE_19636,25,19636,Ch St Jean Chard Sonoma Cst,750mL,9819,TREASURY WINE ESTATES      ,12800,2024-10-27,2024-11-04,2024-11-07,2024-12-12,7.99,12,95.88,2
15_WANBORNE_3997,15,3997,Hornitos Plata Tequila,750mL,12546,JIM BEAM BRANDS COMPANY    ,11099,2024-07-07,2024-07-11,2024-07-19,2024-08-31,14.05,12,168.6,1
75_BARNCOMBE_4429,75,4429,Capt Morgan Silver Spicd Rum,1.75L,3960,DIAGEO NORTH AMERICA INC   ,11493,2024-08-04,2024-08-09,2024-08-17,2024-10-02,17.31,6,103.86,1
34_PITMERDEN_3726,34,3726,Gilbeys Vodka Traveler,750mL,12546,JIM BEAM BRANDS COMPANY    ,8659,2024-01-27,2024-02-01,2024-02-14,2024-03-19,3.78,5,18.9,1
19_WINTERVALE_43245,19,43245,Sterling Vntrs Pnt Grigio,750mL,1590,DIAGEO CHATEAU ESTATE WINES,11819,2024-08-26,2024-09-01,2024-09-08,2024-10-11,6.59,12,79.08,2
60_IRRAGIN_3894,60,3894,Zhenka Vodka 100 Proof,1.75L,9552,M S WALKER INC             ,11367,2024-07-26,2024-08-05,2024-08-13,2024-09-19,9.08,1,9.08,1
70_KELD_31186,70,31186,Almaden Merlot Cal B/B,5L,9815,WINE GROUP INC             ,13267,2024-11-28,2024-12-09,2024-12-15,2025-01-20,10.8,3,32.4,2
38_GOULCREST_8264,38,8264,Ch Ste Michelle Rsl,750mL,8673,STE MICHELLE WINE ESTATES  ,9615,2024-04-01,2024-04-08,2024-04-12,2024-05-23,5.37,9,48.33,2
24_PALPERROTH_508,24,508,Bacardi Superior Rum,Liter,480,BACARDI USA INC            ,9658,2024-04-05,2024-04-14,2024-04-20,2024-05-30,9.77,12,117.24,1
9_BLACKPOOL_1897,9,1897,Old Ezra 7Yr Bourbon,750mL,8352,LUXCO INC                  ,13613,2024-12-21,2024-12-28,2025-01-04,2025-02-02,18.24,12,218.88,1
72_HARDERSFIELD_28947,72,28947,R M Woodbridge Merlot Cal,1.5L,1392,CONSTELLATION BRANDS INC   ,12953,2024-11-07,2024-11-15,2024-11-21,2024-12-22,5.91,11,65.01,2
1_HARDERSFIELD_26153,1,26153,Paul Dolan Svgn Bl 14 Potter,750mL,9552,M S WALKER INC             ,12361,2024-09-27,2024-10-07,2024-10-10,2024-11-24,6.66,8,53.28,2
38_GOULCREST_19282,38,19282,Penfolds Bin 8 Cab Svgn/Shir,750mL,4425,MARTIGNETTI COMPANIES,12995,2024-11-09,2024-11-19,2024-11-29,2025-01-03,13.51,6,81.06,2
77_TAMWORTH_6937,77,6937,Cavit Pinot Grigio,1.5L,6785,PALM BAY INTERNATIONAL INC ,11370,2024-07-26,2024-08-04,2024-08-12,2024-09-15,6.75,12,81.0,2
61_AETHELNEY_6937,61,6937,Cavit Pinot Grigio,1.5L,6785,PALM BAY INTERNATIONAL INC ,11271,2024-07-19,2024-07-30,2024-08-03,2024-09-06,6.75,32,216.0,2
11_CARDEND_31494,11,31494,Barefoot Merlot Cal,1.5L,3252,E & J GALLO WINERY         ,12932,2024-11-06,2024-11-17,2024-11-22,2024-12-24,6.02,6,36.12,2
6_GOULCREST_2121,6,2121,Canadian Club Traveler,750mL,12546,JIM BEAM BRANDS COMPANY    ,9708,2024-04-08,2024-04-11,2024-04-20,2024-05-21,7.8,11,85.8,1
2_ASHBORNE_4262,2,4262,Capt Morgan Spiced Rum,750mL,3960,DIAGEO NORTH AMERICA INC   ,8575,2024-01-21,2024-01-25,2024-02-03,2024-03-06,11.19,11,123.09,1
43_WOLFORD_2127,43,2127,Canadian Ltd,1.75L,660,SAZERAC NORTH AMERICA INC. ,8938,2024-02-15,2024-02-24,2024-02-29,2024-04-17,7.19,18,129.42,1
66_EANVERNESS_24310,66,24310,Hi! Prosecco,750mL,10754,PERFECTA WINES             ,11371,2024-07-26,2024-08-05,2024-08-14,2024-09-10,6.53,12,78.36,2
42_BLACK HOLLOW_8838,42,8838,Ch Ste Michelle Cab Svgn Col,750mL,8673,STE MICHELLE WINE ESTATES  ,9366,2024-03-16,2024-03-23,2024-04-03,2024-05-12,7.71,12,92.52,2
69_MOUNTMEND_14436,69,14436,Byron Santa Barbara Chard,750mL,9552,M S WALKER INC             ,13138,2024-11-20,2024-11-28,2024-12-09,2025-01-21,7.87,12,94.44,2
61_AETHELNEY_3405,61,3405,Tito's Handmade Vodka,1.75L,4425,MARTIGNETTI COMPANIES,9682,2024-04-06,2024-04-13,2024-04-21,2024-05-31,23.19,57,1321.83,1
14_BROMWICH_6234,14,6234,C Y Toro Front Cab/Merlot,1.5L,516,BANFI PRODUCTS CORP        ,8570,2024-01-21,2024-01-27,2024-02-06,2024-03-20,4.54,6,27.24,2
13_TARMSWORTH_4089,13,4089,Capt Morgan White,1.75L,3960,DIAGEO NORTH AMERICA INC   ,10936,2024-06-27,2024-07-06,2024-07-16,2024-08-13,14.59,5,72.95,1
73_DONCASTER_40097,73,40097,Black Box Chard,3L,1392,CONSTELLATION BRANDS INC   ,12840,2024-10-31,2024-11-07,2024-11-18,2024-12-23,10.59,3,31.77,2
9_BLACKPOOL_28081,9,28081,Gandia Hoya de Cadenas RSV,750mL,7153,PINE STATE TRADING CO      ,9591,2024-03-31,2024-04-06,2024-04-18,2024-05-29,5.51,12,66.12,2
51_ABERDEEN_44494,51,44494,Smoking Loon Pnt Grigio Cal,750mL,9552,M S WALKER INC             ,11692,2024-08-17,2024-08-24,2024-08-31,2024-10-16,4.5,12,54.0,2
76_DONCASTER_27830,76,27830,Silverado Svgn Bl Napa,750mL,4425,MARTIGNETTI COMPANIES,10193,2024-05-12,2024-05-17,2024-05-29,2024-07-09,10.95,12,131.4,2
60_IRRAGIN_2114,60,2114,Black Velvet Canadian Whisky,1.75L,1392,CONSTELLATION BRANDS INC   ,12840,2024-10-31,2024-11-08,2024-11-18,2024-12-23,9.41,7,65.87,1
21_BALERNO_8498,21,8498,R M Woodbridge Svgn Bl Cal,1.5L,1392,CONSTELLATION BRANDS INC   ,10986,2024-06-30,2024-07-05,2024-07-17,2024-08-27,5.84,8,46.72,2
67_EANVERNESS_8092,67,8092,Johnnie Walker Red Label,50mL,3960,DIAGEO NORTH AMERICA INC   ,11329,2024-07-24,2024-08-01,2024-08-16,2024-09-14,1.7,120,204.0,1
35_HALIVAARA_6873,35,6873,Guigal Cotes du Rhone Red,750mL,4425,MARTIGNETTI COMPANIES,10068,2024-05-04,2024-05-10,2024-05-16,2024-06-16,9.2,12,110.4,2
67_EANVERNESS_2062,67,2062,Woodford Reserve Bourbon,1.75L,1128,BROWN-FORMAN CORP          ,11382,2024-07-27,2024-08-02,2024-08-08,2024-09-23,44.11,1,44.11,1
49_GARIGILL_513,49,513,Ocean Vodka,750mL,9165,ULTRA BEVERAGE COMPANY LLP ,13462,2024-12-11,2024-12-21,2024-12-27,2025-01-28,23.01,6,138.06,1
34_PITMERDEN_10451,34,10451,Line 39 Cab Svgn Lake Cnty,750mL,7153,PINE STATE TRADING CO      ,10180,2024-05-11,2024-05-16,2024-05-28,2024-07-09,5.29,12,63.48,2
73_DONCASTER_27433,73,27433,Emilio Lustau Fino Sherry,750mL,9552,M S WALKER INC             ,13059,2024-11-14,2024-11-21,2024-11-29,2025-01-05,10.88,12,130.56,2
25_CAERSHIRE_2170,25,2170,Woodford Reserve Bourbon,50mL,1128,BROWN-FORMAN CORP          ,8838,2024-02-09,2024-02-15,2024-02-23,2024-03-25,2.53,12,30.36,1
72_HARDERSFIELD_3348,72,3348,Bombay Sapphire Gin,1.75L,480,BACARDI USA INC            ,10187,2024-05-12,2024-05-20,2024-05-30,2024-07-07,22.38,7,156.66,1
39_EASTHALLOW_3768,39,3768,Jenkins Vodka,750mL,9552,M S WALKER INC             ,13379,2024-12-06,2024-12-15,2024-12-23,2025-01-22,3.62,12,43.44,1
10_HORNSEY_13940,10,13940,Black Box Malbec,3L,1392,CONSTELLATION BRANDS INC   ,9623,2024-04-03,2024-04-15,2024-04-23,2024-05-24,10.45,6,62.7,2
38_GOULCREST_2120,38,2120,Canadian Club,1.75L,12546,JIM BEAM BRANDS COMPANY    ,11705,2024-08-18,2024-08-26,2024-09-04,2024-10-16,12.21,39,476.19,1
72_HARDERSFIELD_34460,72,34460,Dr Loosen Rsl 'Dr L' M,750mL,4425,MARTIGNETTI COMPANIES,8830,2024-02-08,2024-02-17,2024-03-01,2024-03-25,7.23,12,86.76,2
73_DONCASTER_21231,73,21231,La Marca Prosecco,187mL,3252,E & J GALLO WINERY         ,13321,2024-12-02,2024-12-07,2024-12-19,2025-01-27,3.08,24,73.92,2
67_EANVERNESS_41033,67,41033,Menage a Trois White,750mL,8892,TRINCHERO FAMILY ESTATES   ,9734,2024-04-10,2024-04-20,2024-04-29,2024-05-27,5.91,12,70.92,2
73_DONCASTER_13638,73,13638,Charles Smith Velvet Dev Mer,750mL,10754,PERFECTA WINES             ,11371,2024-07-26,2024-08-02,2024-08-14,2024-09-10,8.27,12,99.24,2
73_DONCASTER_19848,73,19848,Carnivor Cab Svgn,750mL,3252,E & J GALLO WINERY         ,8238,2023-12-29,2024-01-05,2024-01-18,2024-02-14,5.33,9,47.97,2
50_MOUNTMEND_5165,50,5165,Hpnotiq Liqueur,750mL,3924,HEAVEN HILL DISTILLERIES   ,12896,2024-11-03,2024-11-08,2024-11-21,2024-12-16,13.33,6,79.98,1
68_SOLARIS_27351,68,27351,Almaden Chard Cal B/B,5L,9815,WINE GROUP INC             ,13267,2024-11-28,2024-12-06,2024-12-15,2025-01-20,10.38,3,31.14,2
79_BALLYMENA_8023,79,8023,DeKuyper Triple Sec,750mL,12546,JIM BEAM BRANDS COMPANY    ,11755,2024-08-22,2024-09-01,2024-09-10,2024-10-13,3.28,12,39.36,1
76_DONCASTER_3505,76,3505,Tito's Handmade Vodka,750mL,4425,MARTIGNETTI COMPANIES,9808,2024-04-15,2024-04-19,2024-05-02,2024-06-10,13.76,11,151.36,1
33_HORNSEY_15503,33,15503,Opici Sangria,3L,9165,ULTRA BEVERAGE COMPANY LLP ,10641,2024-06-12,2024-06-23,2024-06-28,2024-08-03,8.6,4,34.4,2
40_BULLMAR_26817,40,26817,Ravenswood Vntrs Blnd Merlot,750mL,1392,CONSTELLATION BRANDS INC   ,9749,2024-04-12,2024-04-19,2024-04-28,2024-05-26,5.47,12,65.64,2
1_HARDERSFIELD_43292,1,43292,Fish Eye Pnt Grigio,1.5L,9815,WINE GROUP INC             ,11243,2024-07-17,2024-07-26,2024-08-08,2024-09-06,6.49,6,38.94,2
31_HORNSEY_23095,31,23095,Glen Ellen Cab Svgn RSV,1.5L,9815,WINE GROUP INC             ,8943,2024-02-15,2024-02-25,2024-02-29,2024-04-09,4.76,2,9.52,2
58_HARTLEPOOL_3609,58,3609,Smirnoff Vanilla Vodka,50mL,3960,DIAGEO NORTH AMERICA INC   ,9199,2024-03-04,2024-03-10,2024-03-21,2024-04-29,0.74,104,76.96,1
52_GRAYCOTT_3220,52,3220,Svedka Clementine Vodka,1.75L,1392,CONSTELLATION BRANDS INC   ,8419,2024-01-11,2024-01-22,2024-01-30,2024-03-01,14.72,6,88.32,1
56_BEGGAR'S HOLE_15105,56,15105,Kendall Jackson Avant Chard,750mL,10000,MAJESTIC FINE WINES        ,11052,2024-07-04,2024-07-12,2024-07-26,2024-08-25,6.86,12,82.32,2
19_WINTERVALE_8064,19,8064,Canadian Club,50mL,12546,JIM BEAM BRANDS COMPANY    ,12028,2024-09-09,2024-09-15,2024-09-21,2024-11-03,0.76,119,90.44,1
62_KILMARNOCK_6655,62,6655,Carlo Rossi Paisano Calif,1.5L,3252,E & J GALLO WINERY         ,12812,2024-10-28,2024-10-31,2024-11-11,2024-12-17,4.79,5,23.95,2
34_PITMERDEN_1479,34,1479,Ten High,1.75L,660,SAZERAC NORTH AMERICA INC. ,9124,2024-02-28,2024-03-07,2024-03-22,2024-04-15,9.22,6,55.32,1
60_IRRAGIN_4626,60,4626,Meukow VS Cognac,750mL,660,SAZERAC NORTH AMERICA INC. ,10074,2024-05-04,2024-05-12,2024-05-22,2024-06-18,11.19,9,100.71,1
10_HORNSEY_1883,10,1883,Seagrams 7 Crown,1.75L,3960,DIAGEO NORTH AMERICA INC   ,12676,2024-10-19,2024-10-25,2024-11-06,2024-12-05,13.23,10,132.3,1
71_CLARCTON_4179,71,4179,Bacardi Dragon Berry Rum,1.75L,480,BACARDI USA INC            ,8877,2024-02-11,2024-02-15,2024-03-01,2024-04-08,15.14,6,90.84,1
29_AYLESBURY_3102,29,3102,Smirnoff Traveler,1.75L,3960,DIAGEO NORTH AMERICA INC   ,11191,2024-07-14,2024-07-22,2024-08-01,2024-09-07,12.94,15,194.1,1
50_MOUNTMEND_44717,50,44717,Dom Chandon Rose Spklg,750mL,8112,MOET HENNESSY USA INC      ,11101,2024-07-07,2024-07-11,2024-07-21,2024-08-29,9.08,11,99.88,2
11_CARDEND_2148,11,2148,Canadian Mist Traveler,750mL,1128,BROWN-FORMAN CORP          ,8358,2024-01-06,2024-01-14,2024-01-26,2024-02-18,5.96,11,65.56,1
81_PEMBROKE_39356,81,39356,Bota Box Chard Cal,3L,2242,DELICATO VINEYARDS INC     ,13356,2024-12-05,2024-12-16,2024-12-19,2025-01-27,11.56,2,23.12,2
15_WANBORNE_5440,15,5440,Jagermeister Liqueur,1.75L,3089,SIDNEY FRANK IMPORTING CO  ,13114,2024-11-17,2024-11-22,2024-12-02,2025-01-13,25.92,5,129.6,1
34_PITMERDEN_34175,34,34175,Lindemans Bin 50 Shiraz,1.5L,4425,MARTIGNETTI COMPANIES,10384,2024-05-25,2024-05-31,2024-06-07,2024-07-13,6.49,4,25.96,2
15_WANBORNE_36378,15,36378,MezzaCorona Pnt Grigio,1.5L,9165,ULTRA BEVERAGE COMPANY LLP ,11185,2024-07-13,2024-07-18,2024-07-30,2024-08-30,6.83,5,34.15,2
60_IRRAGIN_5255,60,5255,TGI Fridays Ultimte Mudslide,1.75L,4466,AMERICAN VINTAGE BEVERAGE  ,13595,2024-12-20,2024-12-27,2025-01-04,2025-02-10,9.35,5,46.75,1
76_DONCASTER_19451,76,19451,Souverain Svgn Bl No Coast,750mL,3252,E & J GALLO WINERY         ,9373,2024-03-17,2024-03-21,2024-04-04,2024-05-03,6.84,12,82.08,2
34_PITMERDEN_3583,34,3583,Smirnoff Orange Vodka,1.75L,3960,DIAGEO NORTH AMERICA INC   ,11794,2024-08-24,2024-08-29,2024-09-09,2024-10-06,13.23,1,13.23,1
60_IRRAGIN_3389,60,3389,Seagrams Extra Dry Gin,1.75L,17035,PERNOD RICARD USA          ,12070,2024-09-12,2024-09-19,2024-09-27,2024-11-13,12.49,65,811.85,1
60_IRRAGIN_3485,60,3485,Luksusowa Potato Vodka,1.75L,4425,MARTIGNETTI COMPANIES,8696,2024-01-29,2024-02-04,2024-02-14,2024-03-25,15.03,22,330.66,1
68_SOLARIS_12416,68,12416,Callia Alta Malbec,750mL,6785,PALM BAY INTERNATIONAL INC ,8582,2024-01-21,2024-01-25,2024-02-09,2024-03-18,5.26,12,63.12,2
50_MOUNTMEND_16427,50,16427,Yellow Tail Sweet Red Roo,1.5L,4425,MARTIGNETTI COMPANIES,8917,2024-02-14,2024-02-22,2024-02-29,2024-04-15,6.66,4,26.64,2
50_MOUNTMEND_8112,50,8112,Stolichnaya,1.75L,8664,"STOLI GROUP,(USA) LLC      ",8959,2024-02-16,2024-02-25,2024-03-05,2024-04-12,19.52,4,78.08,1
76_DONCASTER_2912,76,2912,Platte Valley KY Moonshine,750mL,5992,MCCORMICK DISTILLING CO    ,9088,2024-02-25,2024-02-29,2024-03-08,2024-04-11,12.87,11,141.57,1
33_HORNSEY_3831,33,3831,Grey Goose L'Orange Vodka,50mL,480,BACARDI USA INC            ,8548,2024-01-20,2024-01-29,2024-02-02,2024-03-19,2.89,1,2.89,1
15_WANBORNE_10723,15,10723,R M Woodbridge Chard,1.5L,1392,CONSTELLATION BRANDS INC   ,10736,2024-06-19,2024-06-30,2024-07-08,2024-08-20,6.2,8,49.6,2
38_GOULCREST_20864,38,20864,W Hill Est Merlot Cntrl Cst,750mL,3252,E & J GALLO WINERY         ,10633,2024-06-12,2024-06-23,2024-07-03,2024-08-08,8.55,12,102.6,2
76_DONCASTER_21019,76,21019,Black Box Pnt Nr,3L,1392,CONSTELLATION BRANDS INC   ,10681,2024-06-15,2024-06-21,2024-06-28,2024-08-08,10.66,14,149.24,2
38_GOULCREST_24621,38,24621,Cline Chard Sonoma Cst,750mL,4425,MARTIGNETTI COMPANIES,11928,2024-09-02,2024-09-06,2024-09-14,2024-10-24,5.88,12,70.56,2
39_EASTHALLOW_33874,39,33874,Bella Sera Pinot Grigio Del,1.5L,3252,E & J GALLO WINERY         ,12812,2024-10-28,2024-11-01,2024-11-11,2024-12-17,6.62,6,39.72,2
27_MOUNTMEND_3684,27,3684,Fleischmanns Royal Vodka,1.75L,660,SAZERAC NORTH AMERICA INC. ,12716,2024-10-21,2024-10-27,2024-11-05,2024-12-07,7.68,4,30.72,1
72_HARDERSFIELD_2443,72,2443,Seagrams VO,1.75L,3960,DIAGEO NORTH AMERICA INC   ,8459,2024-01-13,2024-01-20,2024-01-26,2024-02-27,13.48,5,67.4,1
60_IRRAGIN_3878,60,3878,Smirnoff 80 Proof,750mL,3960,DIAGEO NORTH AMERICA INC   ,10023,2024-05-01,2024-05-10,2024-05-19,2024-06-21,7.96,10,79.6,1
9_BLACKPOOL_32108,9,32108,Erath Pnt Nr Oregon,750mL,8673,STE MICHELLE WINE ESTATES  ,12823,2024-10-28,2024-11-02,2024-11-08,2024-12-08,10.31,12,123.72,2
67_EANVERNESS_3549,67,3549,Ketel One Vodka,750mL,3960,DIAGEO NORTH AMERICA INC   ,11996,2024-09-07,2024-09-13,2024-09-21,2024-10-25,17.82,8,142.56,1
76_DONCASTER_19782,76,19782,Marques de Caceres Gran RSV,750mL,1587,VINEYARD BRANDS INC        ,9916,2024-04-22,2024-04-29,2024-05-07,2024-06-12,16.44,11,180.84,2
74_PAENTMARWY_7878,74,7878,Allens Coffee Brandy,1.75L,9552,M S WALKER INC             ,12490,2024-10-06,2024-10-10,2024-10-19,2024-11-28,9.99,6,59.94,1
76_DONCASTER_36558,76,36558,Cruz Garcia Real Sangria Re,1.5L,8320,SHAW ROSS INT L IMP LTD    ,9827,2024-04-17,2024-04-29,2024-05-09,2024-06-10,6.66,5,33.3,2
9_BLACKPOOL_9388,9,9388,Hennessy Privilege VSOP,375mL,8112,MOET HENNESSY USA INC      ,10335,2024-05-22,2024-05-30,2024-06-09,2024-07-10,17.14,12,205.68,1
28_LARNWICK_5440,28,5440,Jagermeister Liqueur,1.75L,3089,SIDNEY FRANK IMPORTING CO  ,9861,2024-04-19,2024-04-27,2024-05-02,2024-06-18,25.92,24,622.08,1
50_MOUNTMEND_8000,50,8000,The Glenlivet 12 Yr Single,1.75L,17035,PERNOD RICARD USA          ,8918,2024-02-14,2024-02-24,2024-03-05,2024-04-01,53.96,5,269.8,1
9_BLACKPOOL_30602,9,30602,Zardetto Prosecco Conegliano,750mL,2000,SOUTHERN WINE & SPIRITS NE ,8668,2024-01-27,2024-02-03,2024-02-10,2024-03-17,8.27,12,99.24,2
1_HARDERSFIELD_3386,1,3386,Skyy Infusions Cranberry,50mL,11567,CAMPARI AMERICA            ,9659,2024-04-05,2024-04-14,2024-04-25,2024-05-30,0.75,111,83.25,1
73_DONCASTER_38348,73,38348,Nobilo Icon Svgn Bl Marlboro,750mL,1392,CONSTELLATION BRANDS INC   ,10394,2024-05-26,2024-05-30,2024-06-09,2024-07-20,9.26,11,101.86,2
55_DRY GULCH_3858,55,3858,Grey Goose Vodka,750mL,480,BACARDI USA INC            ,13539,2024-12-16,2024-12-22,2024-12-28,2025-02-12,17.77,25,444.25,1
44_PORTHCRAWL_13807,44,13807,Oh Schist Rsl,750mL,9552,M S WALKER INC             ,10686,2024-06-15,2024-06-23,2024-06-30,2024-08-13,5.95,8,47.6,2
67_EANVERNESS_3253,67,3253,Gilbeys London Dry,1.75L,12546,JIM BEAM BRANDS COMPANY    ,11227,2024-07-17,2024-07-27,2024-08-01,2024-09-17,9.08,11,99.88,1
67_EANVERNESS_2839,67,2839,Ardmore Legacy Single Malt,750mL,12546,JIM BEAM BRANDS COMPANY    ,9398,2024-03-18,2024-03-24,2024-03-29,2024-04-29,27.0,6,162.0,1
10_HORNSEY_5539,10,5539,DeKuyper Hot Damn 100*,750mL,12546,JIM BEAM BRANDS COMPANY    ,8241,2023-12-29,2024-01-06,2024-01-16,2024-02-15,8.39,12,100.68,1
66_EANVERNESS_8504,66,8504,R M Woodbridge Cab Svgn Cal,1.5L,1392,CONSTELLATION BRANDS INC   ,11071,2024-07-05,2024-07-11,2024-07-18,2024-09-03,5.84,27,157.68,2
13_TARMSWORTH_2587,13,2587,Jameson Irish Whiskey,375mL,17035,PERNOD RICARD USA          ,13477,2024-12-12,2024-12-21,2025-01-03,2025-02-02,12.67,24,304.08,1
15_WANBORNE_5391,15,5391,Kamora Coffee,1.75L,12546,JIM BEAM BRANDS COMPANY    ,8800,2024-02-05,2024-02-09,2024-02-19,2024-04-01,12.02,6,72.12,1
20_BREDWARDINE_3243,20,3243,Burnetts Vodka,1.75L,3924,HEAVEN HILL DISTILLERIES   ,10450,2024-05-30,2024-06-08,2024-06-21,2024-07-28,8.26,1,8.26,1
9_BLACKPOOL_1770,9,1770,Jack Daniels Tennessee Fire,1.75L,1128,BROWN-FORMAN CORP          ,9672,2024-04-06,2024-04-11,2024-04-18,2024-06-01,26.42,6,158.52,1
43_WOLFORD_39413,43,39413,Mirassou Pnt Nr Cntrl Coast,750mL,3252,E & J GALLO WINERY         ,10633,2024-06-12,2024-06-22,2024-07-03,2024-08-08,5.06,12,60.72,2
67_EANVERNESS_5668,67,5668,Dr McGillicuddy's Grape,750mL,8004,SAZERAC CO INC             ,10746,2024-06-19,2024-06-30,2024-07-11,2024-08-08,9.69,12,116.28,1
8_ALNERWICK_40098,8,40098,Black Box Merlot Cal,3L,1392,CONSTELLATION BRANDS INC   ,9623,2024-04-03,2024-04-14,2024-04-23,2024-05-24,10.38,4,41.52,2
81_PEMBROKE_12773,81,12773,Joel Gott Znfdl,750mL,8892,TRINCHERO FAMILY ESTATES   ,11919,2024-09-01,2024-09-08,2024-09-12,2024-10-20,9.99,12,119.88,2
60_IRRAGIN_21834,60,21834,Meiomi Chard,750mL,1392,CONSTELLATION BRANDS INC   ,12953,2024-11-07,2024-11-14,2024-11-21,2024-12-22,10.52,12,126.24,2
49_GARIGILL_3745,49,3745,Taaka Vodka Traveler,750mL,8004,SAZERAC CO INC             ,11577,2024-08-09,2024-08-20,2024-08-24,2024-09-27,3.07,11,33.77,1
32_MOUNTMEND_40193,32,40193,Mark West Chard Sonoma Cnty,750mL,1392,CONSTELLATION BRANDS INC   ,11703,2024-08-18,2024-08-24,2024-09-03,2024-10-01,4.83,12,57.96,2
34_PITMERDEN_4722,34,4722,Remy Martin VSOP Cognac,750mL,7239,REMY COINTREAU USA INC     ,11253,2024-07-18,2024-07-28,2024-08-08,2024-09-10,27.77,46,1277.42,1
13_TARMSWORTH_8674,13,8674,Riunite Moscato,1.5L,516,BANFI PRODUCTS CORP        ,13287,2024-11-30,2024-12-07,2024-12-12,2025-01-21,5.22,6,31.32,2
38_GOULCREST_23778,38,23778,M Chiarlo Barbera D'Asti,750mL,4692,KOBRAND CORPORATION        ,13089,2024-11-16,2024-11-22,2024-12-06,2024-12-29,6.45,11,70.95,2
23_ARBINGTON_8223,23,8223,Dom Chandon Blanc de Noir C,750mL,8112,MOET HENNESSY USA INC      ,12641,2024-10-17,2024-10-28,2024-11-08,2024-12-05,10.36,60,621.6,1
73_DONCASTER_27799,73,27799,Ch de Sancerre Sancerre,750mL,4425,MARTIGNETTI COMPANIES,10193,2024-05-12,2024-05-20,2024-05-29,2024-07-09,17.41,1,17.41,2
24_PALPERROTH_4223,24,4223,Bacardi Gold Rum,1.75L,480,BACARDI USA INC            ,12690,2024-10-20,2024-10-27,2024-11-04,2024-12-12,14.92,6,89.52,1
76_DONCASTER_29169,76,29169,Franzia Tap Merlot,5L,9815,WINE GROUP INC             ,11605,2024-08-10,2024-08-17,2024-08-26,2024-10-02,10.88,3,32.64,2
69_MOUNTMEND_24086,69,24086,Hess Select Chard,750mL,4425,MARTIGNETTI COMPANIES,12848,2024-10-31,2024-11-08,2024-11-20,2024-12-21,7.14,21,149.94,2
51_ABERDEEN_8680,51,8680,Crown Royal,1.75L,3960,DIAGEO NORTH AMERICA INC   ,12044,2024-09-11,2024-09-21,2024-09-29,2024-11-13,28.88,8,231.04,1
7_STANMORE_5391,7,5391,Kamora Coffee,1.75L,12546,JIM BEAM BRANDS COMPANY    ,11549,2024-08-08,2024-08-19,2024-08-24,2024-09-22,12.02,24,288.48,1
71_CLARCTON_8473,71,8473,1800 Silver Tequila,1.75L,7245,PROXIMO SPIRITS INC.       ,9173,2024-03-02,2024-03-08,2024-03-16,2024-04-18,24.44,6,146.64,1
23_ARBINGTON_24096,23,24096,Gallo Copperidge Chard Cal,1.5L,3252,E & J GALLO WINERY         ,10633,2024-06-12,2024-06-23,2024-07-03,2024-08-08,4.57,6,27.42,2
76_DONCASTER_2478,76,2478,Ransom Old Tom Gin,750mL,4425,MARTIGNETTI COMPANIES,10720,2024-06-17,2024-06-21,2024-07-01,2024-07-30,26.08,12,312.96,1
71_CLARCTON_6755,71,6755,Peter Vella Chablis B/B,5L,3252,E & J GALLO WINERY         ,12635,2024-10-17,2024-10-28,2024-11-02,2024-12-14,10.34,4,41.36,2
6_GOULCREST_43809,6,43809,R M Woodbridge Pnt Nr,1.5L,1392,CONSTELLATION BRANDS INC   ,13486,2024-12-13,2024-12-19,2024-12-28,2025-02-12,5.84,1,5.84,2
67_EANVERNESS_23522,67,23522,13 Celsius Svgn Bl,750mL,9815,WINE GROUP INC             ,11243,2024-07-17,2024-07-29,2024-08-08,2024-09-06,4.11,12,49.32,2
50_MOUNTMEND_41589,50,41589,Paul Hobbs Cross Cab Svgn,750mL,4425,MARTIGNETTI COMPANIES,11614,2024-08-11,2024-08-17,2024-08-22,2024-09-22,34.24,65,2225.6,2
18_FURNESS_1233,18,1233,Jack Daniels No 7 Black,1.75L,1128,BROWN-FORMAN CORP          ,11458,2024-08-02,2024-08-12,2024-08-21,2024-09-28,26.27,17,446.59,1
62_KILMARNOCK_2100,62,2100,Canadian Regal,1.75L,9552,M S WALKER INC             ,12361,2024-09-27,2024-10-05,2024-10-10,2024-11-24,7.24,6,43.44,1
10_HORNSEY_3998,10,3998,Monte Alban Mezcal,750mL,660,SAZERAC NORTH AMERICA INC. ,11814,2024-08-25,2024-09-01,2024-09-10,2024-10-16,13.63,12,163.56,1
1_HARDERSFIELD_4787,1,4787,Appleton Special Gold Rum,1.75L,11567,CAMPARI AMERICA            ,10427,2024-05-29,2024-06-06,2024-06-18,2024-07-31,15.03,6,90.18,1
76_DONCASTER_20885,76,20885,Rentas De Fincas Rioja,750mL,7153,PINE STATE TRADING CO      ,8558,2024-01-20,2024-01-29,2024-02-07,2024-03-07,6.7,11,73.7,2
23_ARBINGTON_10421,23,10421,Barefoot Moscato Cal,1.5L,3252,E & J GALLO WINERY         ,8238,2023-12-29,2024-01-05,2024-01-18,2024-02-14,5.9,6,35.4,2
34_PITMERDEN_45333,34,45333,Cono Sur Svgn Bl Cntrl Vly,750mL,1587,VINEYARD BRANDS INC        ,8322,2024-01-03,2024-01-11,2024-01-18,2024-02-27,4.76,12,57.12,2
46__13154,46,13154,Clayhouse Malbec Paso Robles,750mL,4425,MARTIGNETTI COMPANIES,10720,2024-06-17,2024-06-20,2024-07-01,2024-07-30,7.79,9,70.11,2
44_PORTHCRAWL_14805,44,14805,Ninety+Cellars Lot 23 Malbec,750mL,4950,LATITUDE BEVERAGE COMPANY  ,12960,2024-11-07,2024-11-17,2024-11-26,2025-01-07,5.8,12,69.6,2
6_GOULCREST_43245,6,43245,Sterling Vntrs Pnt Grigio,750mL,1590,DIAGEO CHATEAU ESTATE WINES,9602,2024-04-01,2024-04-08,2024-04-14,2024-05-26,6.59,12,79.08,2
30_CULCHETH_32906,30,32906,Sterling Vintners Cab Svgn C,750mL,1590,DIAGEO CHATEAU ESTATE WINES,8109,2023-12-20,2024-01-01,2024-01-12,2024-02-11,6.42,84,539.28,2
43_WOLFORD_14129,43,14129,14 Hands Hot to Trot Red,750mL,8673,STE MICHELLE WINE ESTATES  ,9054,2024-02-23,2024-03-02,2024-03-13,2024-04-24,6.01,12,72.12,2
10_HORNSEY_45525,10,45525,Natura Colchagua Carmenere,750mL,516,BANFI PRODUCTS CORP        ,9473,2024-03-23,2024-04-01,2024-04-12,2024-05-19,5.91,60,354.6,2
68_SOLARIS_5076,68,5076,M Duffau Napoleon Armagnac,750mL,10754,PERFECTA WINES             ,9755,2024-04-12,2024-04-21,2024-05-02,2024-06-04,28.12,12,337.44,1
55_DRY GULCH_17161,55,17161,Seaglass Pnt Grigio,750mL,8892,TRINCHERO FAMILY ESTATES   ,11309,2024-07-21,2024-07-26,2024-08-09,2024-09-17,8.1,10,81.0,2
32_MOUNTMEND_8112,32,8112,Stolichnaya,1.75L,8664,"STOLI GROUP,(USA) LLC      ",13406,2024-12-07,2024-12-14,2024-12-25,2025-01-26,19.52,26,507.52,1
33_HORNSEY_3320,33,3320,Rosita Tequila Wh,Liter,3924,HEAVEN HILL DISTILLERIES   ,9068,2024-02-24,2024-03-01,2024-03-11,2024-04-11,6.64,10,66.4,1
23_ARBINGTON_1388,23,1388,Red Stag by Jim Beam,1.75L,12546,JIM BEAM BRANDS COMPANY    ,13421,2024-12-08,2024-12-13,2024-12-24,2025-01-21,19.22,6,115.32,1
34_PITMERDEN_7282,34,7282,Colombo Marsala Sweet,750mL,9552,M S WALKER INC             ,11114,2024-07-08,2024-07-14,2024-07-22,2024-08-29,6.12,12,73.44,2
6_GOULCREST_6096,6,6096,Kinky Blue Liqueur,750mL,7153,PINE STATE TRADING CO      ,9403,2024-03-18,2024-03-22,2024-03-31,2024-05-04,12.77,12,153.24,1
20_BREDWARDINE_6225,20,6225,St Germain Liqueur,50mL,480,BACARDI USA INC            ,8308,2024-01-03,2024-01-13,2024-01-22,2024-02-26,2.98,48,143.04,1
76_DONCASTER_8451,76,8451,Cruzan Aged Dark Rum,1.75L,12546,JIM BEAM BRANDS COMPANY    ,11705,2024-08-18,2024-08-26,2024-09-04,2024-10-16,12.59,4,50.36,1
66_EANVERNESS_32908,66,32908,Sterling Vintners Cltn Merlo,750mL,1590,DIAGEO CHATEAU ESTATE WINES,13574,2024-12-19,2024-12-28,2025-01-02,2025-02-06,6.55,9,58.95,2
15_WANBORNE_32263,15,32263,Lindemans Bin 65 Chard,1.5L,4425,MARTIGNETTI COMPANIES,13652,2024-12-23,2024-12-29,2025-01-09,2025-02-18,6.8,30,204.0,2
79_BALLYMENA_8512,79,8512,Baileys Irish Cream,750mL,3960,DIAGEO NORTH AMERICA INC   ,13487,2024-12-13,2024-12-22,2024-12-29,2025-02-06,14.72,17,250.24,1
23_ARBINGTON_37731,23,37731,Corbett Canyon Chard,3L,9815,WINE GROUP INC             ,12012,2024-09-07,2024-09-13,2024-09-25,2024-10-28,6.7,6,40.2,2
2_ASHBORNE_3728,2,3728,Absolut Citron,1.75L,17035,PERNOD RICARD USA          ,12714,2024-10-21,2024-10-24,2024-11-08,2024-12-03,18.93,6,113.58,1
38_GOULCREST_34137,38,34137,Fat Bastard Chard,750mL,7153,PINE STATE TRADING CO      ,10592,2024-06-08,2024-06-17,2024-06-21,2024-07-31,6.84,12,82.08,2
53_HILLFAR_8202,53,8202,Sambuca Romana,750mL,3960,DIAGEO NORTH AMERICA INC   ,8899,2024-02-12,2024-02-17,2024-02-29,2024-03-31,13.33,9,119.97,1
63_SWORDBREAK_25046,63,25046,Bully Hill Love My Goat Rd,750mL,2000,SOUTHERN WINE & SPIRITS NE ,10164,2024-05-10,2024-05-17,2024-05-25,2024-07-03,5.55,12,66.6,2
6_GOULCREST_24875,6,24875,Glen Ellen Merlot RSV,1.5L,9815,WINE GROUP INC             ,10950,2024-06-27,2024-07-08,2024-07-19,2024-08-18,4.57,6,27.42,2
45_VERITAS_8023,45,8023,DeKuyper Triple Sec,750mL,12546,JIM BEAM BRANDS COMPANY    ,11227,2024-07-17,2024-07-27,2024-08-01,2024-09-17,3.28,10,32.8,1
8_ALNERWICK_12213,8,12213,Evodia Garnacha Old Vine,750mL,9552,M S WALKER INC             ,12756,2024-10-25,2024-11-03,2024-11-07,2024-12-25,5.29,12,63.48,2
76_DONCASTER_27273,76,27273,Albatros Malbec Cahors,750mL,5455,MARSALLE COMPANY           ,12545,2024-10-10,2024-10-20,2024-10-27,2024-11-29,9.58,12,114.96,2
55_DRY GULCH_6116,55,6116,Sogno di Sorrento Lemoncell,750mL,9165,ULTRA BEVERAGE COMPANY LLP ,13604,2024-12-20,2024-12-27,2025-01-03,2025-02-02,18.65,6,111.9,1
16_LUNDY_5849,16,5849,GranGala Triple Orange,750mL,8004,SAZERAC CO INC             ,10337,2024-05-22,2024-06-03,2024-06-06,2024-07-15,12.4,12,148.8,1
73_DONCASTER_46783,73,46783,Oops Voluptuous Beauty Valle,750mL,9165,ULTRA BEVERAGE COMPANY LLP ,11898,2024-08-31,2024-09-09,2024-09-17,2024-10-26,5.74,12,68.88,2
15_WANBORNE_10727,15,10727,Starborough Svgn Bl Marlboro,750mL,3252,E & J GALLO WINERY         ,11128,2024-07-10,2024-07-19,2024-07-31,2024-08-29,5.41,8,43.28,2
22_SHARNWICK_6590,22,6590,Almaden B/B Wh Znfdl Cal,5L,9815,WINE GROUP INC             ,8651,2024-01-26,2024-02-04,2024-02-14,2024-03-15,9.8,8,78.4,2
18_FURNESS_14240,18,14240,Ninety+Cellars Lot 2 Svgn Bl,750mL,4950,LATITUDE BEVERAGE COMPANY  ,13277,2024-11-29,2024-12-09,2024-12-13,2025-01-29,5.36,12,64.32,2
67_EANVERNESS_4366,67,4366,Kracken Black Rum,750mL,7245,PROXIMO SPIRITS INC.       ,11389,2024-07-27,2024-08-01,2024-08-09,2024-09-15,14.81,12,177.72,1
57_LANTEGLOS_7878,57,7878,Allens Coffee Brandy,1.75L,9552,M S WALKER INC             ,13532,2024-12-15,2024-12-22,2024-12-27,2025-01-27,9.99,12,119.88,1
36_LEWES_5725,36,5725,DeKuyper Sour Apple Pucker,750mL,12546,JIM BEAM BRANDS COMPANY    ,11227,2024-07-17,2024-07-28,2024-08-01,2024-09-17,7.4,12,88.8,1
32_MOUNTMEND_33873,32,33873,Bella Sera Pnt Grigio Del,750mL,3252,E & J GALLO WINERY         ,11074,2024-07-05,2024-07-12,2024-07-18,2024-09-03,4.48,12,53.76,2
76_DONCASTER_3351,76,3351,Pinnacle Whipped Vodka,1.75L,12546,JIM BEAM BRANDS COMPANY    ,9907,2024-04-22,2024-04-29,2024-05-04,2024-06-17,13.27,3,39.81,1
32_MOUNTMEND_5111,32,5111,Dr McGillicuddy's Mentholmnt,50mL,8004,SAZERAC CO INC             ,9713,2024-04-08,2024-04-12,2024-04-25,2024-05-28,0.72,119,85.68,1
24_PALPERROTH_24096,24,24096,Gallo Copperidge Chard Cal,1.5L,3252,E & J GALLO WINERY         ,8438,2024-01-12,2024-01-21,2024-01-25,2024-03-12,4.57,24,109.68,2
48_NORFOLK_45322,48,45322,Zabrin de Fuego Garnacha,750mL,9552,M S WALKER INC             ,12361,2024-09-27,2024-10-07,2024-10-10,2024-11-24,4.66,12,55.92,2
72_HARDERSFIELD_4258,72,4258,Bacardi Mango Fusion,750mL,480,BACARDI USA INC            ,11606,2024-08-11,2024-08-16,2024-08-28,2024-10-01,7.35,11,80.85,1
76_DONCASTER_8787,76,8787,Torresella Pinot Grigio Ven,750mL,4425,MARTIGNETTI COMPANIES,10943,2024-06-27,2024-07-05,2024-07-13,2024-08-28,6.7,12,80.4,2
41_LARNWICK_3840,41,3840,Smirnoff Raspberry Vodka,1.75L,3960,DIAGEO NORTH AMERICA INC   ,10700,2024-06-16,2024-06-22,2024-06-29,2024-08-09,14.39,11,158.29,1
6_GOULCREST_33982,6,33982,Lyeth Estate Meritage N Cst,750mL,4425,MARTIGNETTI COMPANIES,11928,2024-09-02,2024-09-06,2024-09-14,2024-10-24,10.8,60,648.0,2
72_HARDERSFIELD_8232,72,8232,Riunite Lambrusco,1.5L,516,BANFI PRODUCTS CORP        ,13570,2024-12-19,2024-12-26,2025-01-02,2025-02-11,6.24,6,37.44,2
31_HORNSEY_4241,31,4241,Capt Morgan Spiced Rum,50mL,3960,DIAGEO NORTH AMERICA INC   ,13487,2024-12-13,2024-12-19,2024-12-29,2025-02-06,1.47,119,174.93,1
61_AETHELNEY_3180,61,3180,New Amsterdam Vodka,1.75L,3252,E & J GALLO WINERY         ,8326,2024-01-04,2024-01-11,2024-01-22,2024-02-27,10.94,3,32.82,1
38_GOULCREST_24325,38,24325,La Crema Chard Sonoma Cst,750mL,10000,MAJESTIC FINE WINES        ,9589,2024-03-31,2024-04-06,2024-04-14,2024-05-13,10.88,9,97.92,2
23_ARBINGTON_38178,23,38178,Rex Goliath Cab Svgn,750mL,1392,CONSTELLATION BRANDS INC   ,8781,2024-02-04,2024-02-11,2024-02-19,2024-03-28,4.13,12,49.56,2
34_PITMERDEN_3684,34,3684,Fleischmanns Royal Vodka,1.75L,660,SAZERAC NORTH AMERICA INC. ,11079,2024-07-05,2024-07-12,2024-07-24,2024-08-30,7.68,4,30.72,1
46_TYWARDREATH_5391,46,5391,Kamora Coffee,1.75L,12546,JIM BEAM BRANDS COMPANY    ,8443,2024-01-12,2024-01-20,2024-01-28,2024-03-04,12.02,5,60.1,1
72_HARDERSFIELD_6565,72,6565,Clos du Bois Cab Svgn N Cst,750mL,1392,CONSTELLATION BRANDS INC   ,9493,2024-03-24,2024-03-28,2024-04-08,2024-05-09,5.99,12,71.88,2
48_NORFOLK_8036,48,8036,Livingston Chablis Cal,3L,3252,E & J GALLO WINERY         ,13358,2024-12-05,2024-12-16,2024-12-21,2025-02-01,8.27,7,57.89,2
50_MOUNTMEND_5232,50,5232,DeKuyper Buttershots Schnaps,1.75L,12546,JIM BEAM BRANDS COMPANY    ,11227,2024-07-17,2024-07-25,2024-08-01,2024-09-17,10.71,5,53.55,1
39_EASTHALLOW_3348,39,3348,Bombay Sapphire Gin,1.75L,480,BACARDI USA INC            ,12236,2024-09-23,2024-09-27,2024-10-07,2024-11-10,22.38,4,89.52,1
75_BARNCOMBE_2663,75,2663,Dewars White Label,1.75L,480,BACARDI USA INC            ,11341,2024-07-25,2024-08-04,2024-08-11,2024-09-15,21.42,3,64.26,1
61_AETHELNEY_11219,61,11219,Josh Cellars Cab Svgn Sonoma,750mL,4425,MARTIGNETTI COMPANIES,9350,2024-03-15,2024-03-23,2024-04-01,2024-05-01,8.44,11,92.84,2
74_PAENTMARWY_240,74,240,Capt Morgan Tattoo,Liter,3960,DIAGEO NORTH AMERICA INC   ,8966,2024-02-17,2024-02-24,2024-03-07,2024-04-11,14.99,12,179.88,1
76_DONCASTER_13458,76,13458,Ch Ste Michelle Harvest Rsl,750mL,8673,STE MICHELLE WINE ESTATES  ,11040,2024-07-03,2024-07-12,2024-07-23,2024-08-20,5.99,9,53.91,2
73_DONCASTER_1424,73,1424,Bulleit Bourbon,375mL,3960,DIAGEO NORTH AMERICA INC   ,9766,2024-04-13,2024-04-22,2024-05-01,2024-06-02,9.69,7,67.83,1
27_MOUNTMEND_2759,27,2759,Johnnie Walker Red Label,375mL,3960,DIAGEO NORTH AMERICA INC   ,8310,2024-01-03,2024-01-14,2024-01-19,2024-02-23,10.14,24,243.36,1
74_PAENTMARWY_6717,74,6717,Dream Catcher Irish Liqueur,750mL,4380,CHARLES JACQUIN ET CIE INC ,10698,2024-06-16,2024-06-22,2024-06-27,2024-08-12,16.53,6,99.18,1
55_DRY GULCH_5364,55,5364,Kahlua,1.75L,17035,PERNOD RICARD USA          ,10503,2024-06-02,2024-06-08,2024-06-16,2024-07-25,23.07,3,69.21,1
38_GOULCREST_40559,38,40559,McManis Cab Svgn Cal,750mL,653,STATE WINE & SPIRITS   ,12121,2024-09-15,2024-09-21,2024-09-30,2024-11-02,7.23,11,79.53,2
78_EASTHAVEN_408,78,408,Wild Turkey American Honey,750mL,11567,CAMPARI AMERICA            ,12502,2024-10-07,2024-10-10,2024-10-22,2024-11-21,12.97,12,155.64,1
60_IRRAGIN_6651,60,6651,Rocca Delle Macie Chianti C,750mL,6785,PALM BAY INTERNATIONAL INC ,12158,2024-09-18,2024-09-27,2024-10-07,2024-11-19,7.79,12,93.48,2
51_ABERDEEN_3405,51,3405,Tito's Handmade Vodka,1.75L,4425,MARTIGNETTI COMPANIES,9481,2024-03-23,2024-04-01,2024-04-04,2024-05-05,23.19,63,1460.97,1
13_TARMSWORTH_6967,13,6967,Santa Margherita Pnt Grigio,750mL,4425,MARTIGNETTI COMPANIES,13652,2024-12-23,2024-12-28,2025-01-09,2025-02-18,11.89,12,142.68,2
10_HORNSEY_782,10,782,Remy Martin 1738 Accord Ryl,750mL,7239,REMY COINTREAU USA INC     ,9123,2024-02-28,2024-03-08,2024-03-22,2024-04-16,35.15,4,140.6,1
62_KILMARNOCK_4262,62,4262,Capt Morgan Spiced Rum,750mL,3960,DIAGEO NORTH AMERICA INC   ,11996,2024-09-07,2024-09-14,2024-09-21,2024-10-25,11.19,11,123.09,1
75_BARNCOMBE_1380,75,1380,Bulleit 95 Rye,1.75L,3960,DIAGEO NORTH AMERICA INC   ,12149,2024-09-18,2024-09-29,2024-10-08,2024-11-07,34.05,6,204.3,1
61_AETHELNEY_2494,61,2494,Crown Royal Regal Apple,1.75L,3960,DIAGEO NORTH AMERICA INC   ,11329,2024-07-24,2024-08-03,2024-08-16,2024-09-14,31.0,6,186.0,1
55_DRY GULCH_23886,55,23886,Cycles Gladiator Chard,750mL,10754,PERFECTA WINES             ,9038,2024-02-22,2024-03-02,2024-03-13,2024-04-10,6.45,12,77.4,2
60_IRRAGIN_14539,60,14539,Dom de Dionysos La Deveze,750mL,4425,MARTIGNETTI COMPANIES,13243,2024-11-27,2024-12-08,2024-12-16,2025-01-19,10.06,12,120.72,2
64_CESTERFIELD_11828,64,11828,Cupcake Svgn Bl,750mL,9815,WINE GROUP INC             ,10256,2024-05-16,2024-05-26,2024-06-05,2024-07-12,3.97,17,67.49,2
1_HARDERSFIELD_21019,1,21019,Black Box Pnt Nr,3L,1392,CONSTELLATION BRANDS INC   ,10986,2024-06-30,2024-07-08,2024-07-17,2024-08-27,10.66,6,63.96,2
40_BULLMAR_31866,40,31866,F Coppola Diamond Merlot,750mL,2000,SOUTHERN WINE & SPIRITS NE ,10164,2024-05-10,2024-05-19,2024-05-25,2024-07-03,9.03,12,108.36,2
33_HORNSEY_3726,33,3726,Gilbeys Vodka Traveler,750mL,12546,JIM BEAM BRANDS COMPANY    ,13152,2024-11-21,2024-11-29,2024-12-11,2025-01-08,3.78,9,34.02,1
22_SHARNWICK_5758,22,5758,1800 Ultimate Margarita RTD,1.75L,7245,PROXIMO SPIRITS INC.       ,13617,2024-12-21,2024-12-30,2025-01-10,2025-02-10,13.33,6,79.98,1
76_DONCASTER_5365,76,5365,Kahlua,750mL,17035,PERNOD RICARD USA          ,12819,2024-10-28,2024-11-03,2024-11-13,2024-12-13,14.84,5,74.2,1
32_MOUNTMEND_3545,32,3545,Ketel One Vodka,1.75L,3960,DIAGEO NORTH AMERICA INC   ,11028,2024-07-03,2024-07-13,2024-07-26,2024-08-18,21.89,16,350.24,1
74_PAENTMARWY_3243,74,3243,Burnetts Vodka,1.75L,3924,HEAVEN HILL DISTILLERIES   ,13633,2024-12-22,2024-12-30,2025-01-09,2025-02-13,8.26,22,181.72,1
34_PITMERDEN_25649,34,25649,De Loach Chard Cal,750mL,4425,MARTIGNETTI COMPANIES,10757,2024-06-20,2024-06-27,2024-07-07,2024-08-21,6.84,12,82.08,2
20_BREDWARDINE_896,20,896,Rumpleminze,Liter,3960,DIAGEO NORTH AMERICA INC   ,11794,2024-08-24,2024-08-31,2024-09-09,2024-10-06,18.6,24,446.4,1
20_BREDWARDINE_7341,20,7341,Smirnoff Watermelon,50mL,3960,DIAGEO NORTH AMERICA INC   ,12044,2024-09-11,2024-09-19,2024-09-29,2024-11-13,0.75,118,88.5,1
65_LUTON_4563,65,4563,Christian Bros Brandy,1.75L,3924,HEAVEN HILL DISTILLERIES   ,11349,2024-07-25,2024-08-03,2024-08-16,2024-09-11,12.14,5,60.7,1
76_DONCASTER_24757,76,24757,Domain Drouhin Pnt Nr Ore,750mL,4425,MARTIGNETTI COMPANIES,10247,2024-05-16,2024-05-26,2024-06-07,2024-07-05,26.45,6,158.7,2
20_BREDWARDINE_2299,20,2299,J Seeds Apple Cider Whiskey,50mL,9165,ULTRA BEVERAGE COMPANY LLP ,10444,2024-05-29,2024-06-08,2024-06-20,2024-07-18,0.79,117,92.43,1
49_GARIGILL_3158,49,3158,Pinnacle Tropical Punch,1.75L,12546,JIM BEAM BRANDS COMPANY    ,11227,2024-07-17,2024-07-27,2024-08-01,2024-09-17,12.77,6,76.62,1
73_DONCASTER_22583,73,22583,Cambria Julias Vyd Pnt Nr,750mL,9552,M S WALKER INC             ,8553,2024-01-20,2024-01-29,2024-02-01,2024-03-13,13.6,12,163.2,2
6_GOULCREST_1767,6,1767,Buffalo Trace Bourbon,750mL,8004,SAZERAC CO INC             ,9512,2024-03-25,2024-04-01,2024-04-12,2024-05-15,19.37,5,96.85,1
68_SOLARIS_2254,68,2254,Canadian Club Triple Aged,750mL,12546,JIM BEAM BRANDS COMPANY    ,9708,2024-04-08,2024-04-13,2024-04-20,2024-05-21,10.31,9,92.79,1
44_PORTHCRAWL_3405,44,3405,Tito's Handmade Vodka,1.75L,4425,MARTIGNETTI COMPANIES,13362,2024-12-05,2024-12-13,2024-12-26,2025-01-23,23.19,9,208.71,1
23_ARBINGTON_31454,23,31454,Foxhorn SE Chard Australia,1.5L,9815,WINE GROUP INC             ,8285,2023-12-31,2024-01-07,2024-01-18,2024-02-23,4.79,6,28.74,2
50_MOUNTMEND_6526,50,6526,Peter Lehmann Shiraz,750mL,4425,MARTIGNETTI COMPANIES,9104,2024-02-26,2024-03-03,2024-03-13,2024-04-13,5.29,6,31.74,2
58_HARTLEPOOL_3234,58,3234,Hendrick's Gin,1.75L,3664,WILLIAM GRANT & SONS INC   ,8233,2023-12-28,2024-01-05,2024-01-14,2024-02-12,45.92,6,275.52,1
17_OLDHAM_4349,17,4349,Sauza Blue Silver,750mL,12546,JIM BEAM BRANDS COMPANY    ,11416,2024-07-29,2024-08-04,2024-08-16,2024-09-10,12.11,6,72.66,1
66_EANVERNESS_1239,66,1239,Booker's Bourbon,750mL,12546,JIM BEAM BRANDS COMPANY    ,13557,2024-12-18,2024-12-29,2025-01-04,2025-02-17,39.99,1,39.99,1
76_DONCASTER_482,76,482,Absolut 80 Proof,Liter,17035,PERNOD RICARD USA          ,11552,2024-08-08,2024-08-15,2024-08-29,2024-09-28,14.28,8,114.24,1
75_BARNCOMBE_4174,75,4174,Kraken Black Spiced Rum,1.75L,7245,PROXIMO SPIRITS INC.       ,13170,2024-11-22,2024-12-01,2024-12-05,2025-01-19,21.59,5,107.95,1
33_HORNSEY_3650,33,3650,Patron Silver Tequila,750mL,9165,ULTRA BEVERAGE COMPANY LLP ,12378,2024-09-28,2024-10-03,2024-10-15,2024-11-21,33.81,11,371.91,1
34_PITMERDEN_4979,34,4979,Patron Silver Tequila,Liter,9165,ULTRA BEVERAGE COMPANY LLP ,11185,2024-07-13,2024-07-22,2024-07-30,2024-08-30,57.14,5,285.7,1
76_DONCASTER_3746,76,3746,Gordons Vodka 80 Proof,1.75L,3960,DIAGEO NORTH AMERICA INC   ,10700,2024-06-16,2024-06-23,2024-06-29,2024-08-09,8.52,30,255.6,1
14_BROMWICH_8590,14,8590,Arrow Peppermint Schnapps,750mL,8352,LUXCO INC                  ,13613,2024-12-21,2024-12-26,2025-01-04,2025-02-02,5.07,11,55.77,1
76_DONCASTER_1376,76,1376,Jim Beam,1.75L,12546,JIM BEAM BRANDS COMPANY    ,11464,2024-08-02,2024-08-08,2024-08-22,2024-09-22,16.29,39,635.31,1
23_ARBINGTON_821,23,821,Grand Marnier,Liter,8112,MOET HENNESSY USA INC      ,10301,2024-05-19,2024-05-26,2024-06-05,2024-07-14,27.99,11,307.89,1
38_GOULCREST_46379,38,46379,Ghost Pine Cab Svgn LMartini,750mL,3252,E & J GALLO WINERY         ,11924,2024-09-02,2024-09-06,2024-09-20,2024-10-20,9.39,20,187.8,2
60_IRRAGIN_2973,60,2973,Eagle Rare Single Barrel Bo,750mL,8004,SAZERAC CO INC             ,9594,2024-03-31,2024-04-08,2024-04-15,2024-05-12,19.85,3,59.55,1
77_TAMWORTH_40425,77,40425,Mionetto Prosecco Brut,750mL,9552,M S WALKER INC             ,8216,2023-12-27,2024-01-07,2024-01-12,2024-02-23,6.42,45,288.9,2
28_LARNWICK_3842,28,3842,Barton Vodka,Liter,660,SAZERAC NORTH AMERICA INC. ,12734,2024-10-23,2024-10-31,2024-11-14,2024-12-11,4.39,12,52.68,1
69_MOUNTMEND_11219,69,11219,Josh Cellars Cab Svgn Sonoma,750mL,4425,MARTIGNETTI COMPANIES,10757,2024-06-20,2024-06-29,2024-07-07,2024-08-21,8.44,14,118.16,2
38_GOULCREST_2752,38,2752,Johnnie Walker Black Label,750mL,3960,DIAGEO NORTH AMERICA INC   ,8310,2024-01-03,2024-01-13,2024-01-19,2024-02-23,26.31,11,289.41,1
25_CAERSHIRE_3500,25,3500,Tito's Handmade Vodka,50mL,4425,MARTIGNETTI COMPANIES,13362,2024-12-05,2024-12-13,2024-12-26,2025-01-23,1.07,47,50.29,1
76_DONCASTER_8057,76,8057,Corazon de Agave Blanco,750mL,8004,SAZERAC CO INC             ,9512,2024-03-25,2024-03-29,2024-04-12,2024-05-15,18.37,6,110.22,1
59_CLAETHORPES_5382,59,5382,Ice 101 Peppermint Schnapps,750mL,8004,SAZERAC CO INC             ,10109,2024-05-06,2024-05-11,2024-05-23,2024-06-25,9.44,12,113.28,1
44_PORTHCRAWL_2834,44,2834,Old Smuggler P E T,1.75L,8320,SHAW ROSS INT L IMP LTD    ,11501,2024-08-04,2024-08-12,2024-08-23,2024-09-26,12.3,6,73.8,1
66_EANVERNESS_19748,66,19748,Clos du Bois Chard,1.5L,1392,CONSTELLATION BRANDS INC   ,13121,2024-11-18,2024-11-25,2024-12-01,2024-12-29,9.2,3,27.6,2
66_EANVERNESS_19748,66,19748,Clos du Bois Chard,1.5L,1392,CONSTELLATION BRANDS INC   ,13319,2024-12-02,2024-12-05,2024-12-18,2025-01-28,9.2,5,46.0,2
7_STANMORE_33149,7,33149,Alamos Ridge Malbec Mendoza,750mL,3252,E & J GALLO WINERY         ,12151,2024-09-18,2024-09-29,2024-10-04,2024-11-14,4.79,1,4.79,2
34_PITMERDEN_15085,34,15085,Franzia Tap Pnt Grigio,5L,9815,WINE GROUP INC             ,12012,2024-09-07,2024-09-12,2024-09-25,2024-10-28,11.99,3,35.97,2
39_EASTHALLOW_41034,39,41034,Menage a Trois Red,750mL,8892,TRINCHERO FAMILY ESTATES   ,11919,2024-09-01,2024-09-08,2024-09-12,2024-10-20,5.26,10,52.6,2
31_HORNSEY_14706,31,14706,Cupcake Prosecco,750mL,9815,WINE GROUP INC             ,11339,2024-07-24,2024-08-04,2024-08-15,2024-09-25,4.6,12,55.2,2
72_HARDERSFIELD_6855,72,6855,Midnight Moon Apple Pie,750mL,9165,ULTRA BEVERAGE COMPANY LLP ,13202,2024-11-23,2024-11-28,2024-12-08,2025-01-08,15.19,6,91.14,1
14_BROMWICH_35414,14,35414,Yellow Tail Shiraz Ausl,1.5L,4425,MARTIGNETTI COMPANIES,11435,2024-07-31,2024-08-08,2024-08-16,2024-10-02,6.13,3,18.39,2
77_TAMWORTH_11826,77,11826,Cupcake Chard,750mL,9815,WINE GROUP INC             ,8455,2024-01-12,2024-01-21,2024-01-27,2024-03-12,4.72,12,56.64,2
76_DONCASTER_10254,76,10254,Beringer Classic Chard,750mL,9819,TREASURY WINE ESTATES      ,10611,2024-06-09,2024-06-15,2024-06-21,2024-07-29,3.37,15,50.55,2
10_HORNSEY_3747,10,3747,Gordons Vodka Traveler,750mL,3960,DIAGEO NORTH AMERICA INC   ,8721,2024-02-01,2024-02-09,2024-02-17,2024-03-20,5.18,11,56.98,1
33_HORNSEY_40096,33,40096,Black Box Cab Svgn,3L,1392,CONSTELLATION BRANDS INC   ,13486,2024-12-13,2024-12-23,2024-12-28,2025-02-12,10.52,1,10.52,2
64_CESTERFIELD_3314,64,3314,El Jimador Blanco Tequila,1.75L,1128,BROWN-FORMAN CORP          ,11208,2024-07-15,2024-07-19,2024-08-02,2024-09-09,19.28,6,115.68,1
43_WOLFORD_8504,43,8504,R M Woodbridge Cab Svgn Cal,1.5L,1392,CONSTELLATION BRANDS INC   ,10736,2024-06-19,2024-06-29,2024-07-08,2024-08-20,5.84,6,35.04,2
53_HILLFAR_28947,53,28947,R M Woodbridge Merlot Cal,1.5L,1392,CONSTELLATION BRANDS INC   ,10190,2024-05-12,2024-05-18,2024-05-27,2024-06-26,5.91,6,35.46,2
24_PALPERROTH_6854,24,6854,Carlo Rossi Burgundy Calif,4L,3252,E & J GALLO WINERY         ,10953,2024-06-28,2024-07-07,2024-07-13,2024-08-14,9.86,3,29.58,2
14_BROMWICH_1388,14,1388,Red Stag by Jim Beam,1.75L,12546,JIM BEAM BRANDS COMPANY    ,9087,2024-02-25,2024-02-29,2024-03-07,2024-04-14,19.22,6,115.32,1
7_STANMORE_27350,7,27350,Almaden Cab Svgn Cal B/B,5L,9815,WINE GROUP INC             ,8876,2024-02-10,2024-02-19,2024-02-23,2024-04-05,10.8,5,54.0,2
9_BLACKPOOL_3899,9,3899,Platinum 7X Distilled Vodka,375mL,8004,SAZERAC CO INC             ,8561,2024-01-20,2024-01-25,2024-02-01,2024-03-15,2.2,21,46.2,1
33_HORNSEY_1233,33,1233,Jack Daniels No 7 Black,1.75L,1128,BROWN-FORMAN CORP          ,9521,2024-03-27,2024-04-08,2024-04-15,2024-05-23,26.27,2,52.54,1
73_DONCASTER_27361,73,27361,Borsao Campo de Borja Red,750mL,9552,M S WALKER INC             ,11550,2024-08-08,2024-08-15,2024-08-29,2024-09-30,5.99,12,71.88,2
38_GOULCREST_11499,38,11499,C Krug Cab Svgn,750mL,2000,SOUTHERN WINE & SPIRITS NE ,11949,2024-09-04,2024-09-15,2024-09-26,2024-10-31,18.24,11,200.64,2
66_EANVERNESS_8537,66,8537,Dom Chandon Brut Cuvee,750mL,8112,MOET HENNESSY USA INC      ,8407,2024-01-10,2024-01-20,2024-01-28,2024-03-13,9.39,12,112.68,2
78_EASTHAVEN_1239,78,1239,Booker's Bourbon,750mL,12546,JIM BEAM BRANDS COMPANY    ,12028,2024-09-09,2024-09-15,2024-09-21,2024-11-03,39.99,3,119.97,1
10_HORNSEY_23095,10,23095,Glen Ellen Cab Svgn RSV,1.5L,9815,WINE GROUP INC             ,9599,2024-03-31,2024-04-05,2024-04-13,2024-05-26,4.76,2,9.52,2
38_GOULCREST_8437,38,8437,Maestro Dobel Diamond Tequla,750mL,7245,PROXIMO SPIRITS INC.       ,8595,2024-01-22,2024-01-25,2024-02-09,2024-03-13,26.31,6,157.86,1
55_DRY GULCH_4264,55,4264,Capt Morgan Spiced Rum Trav,750mL,3960,DIAGEO NORTH AMERICA INC   ,12044,2024-09-11,2024-09-20,2024-09-29,2024-11-13,11.53,12,138.36,1
59_CLAETHORPES_39593,59,39593,Redwood Creek Pnt Nr Cal,1.5L,3252,E & J GALLO WINERY         ,11248,2024-07-18,2024-07-27,2024-08-09,2024-09-01,6.33,4,25.32,2
4_EANVERNESS_3405,4,3405,Tito's Handmade Vodka,1.75L,4425,MARTIGNETTI COMPANIES,9973,2024-04-27,2024-05-04,2024-05-11,2024-06-24,23.19,16,371.04,1
15_WANBORNE_3326,15,3326,Jenkins Gin,1.75L,9552,M S WALKER INC             ,12697,2024-10-20,2024-10-27,2024-11-01,2024-12-05,7.36,6,44.16,1
1_HARDERSFIELD_3427,1,3427,Stolichnaya Blueberi,1.75L,8664,"STOLI GROUP,(USA) LLC      ",12022,2024-09-08,2024-09-12,2024-09-27,2024-10-22,17.85,6,107.1,1
69_MOUNTMEND_8023,69,8023,DeKuyper Triple Sec,750mL,12546,JIM BEAM BRANDS COMPANY    ,11755,2024-08-22,2024-08-30,2024-09-10,2024-10-13,3.28,21,68.88,1
42_BLACK HOLLOW_25524,42,25524,Z Alexander Brown Uncaged Ca,750mL,2242,DELICATO VINEYARDS INC     ,12165,2024-09-19,2024-09-28,2024-10-07,2024-11-11,13.24,12,158.88,2
38_GOULCREST_17293,38,17293,Defesa Branco White Alentejo,750mL,90010,VINEXTRA INC               ,9560,2024-03-29,2024-04-07,2024-04-12,2024-05-24,8.44,6,50.64,2
73_DONCASTER_1282,73,1282,Small Batch 1792,750mL,660,SAZERAC NORTH AMERICA INC. ,9663,2024-04-05,2024-04-13,2024-04-22,2024-06-05,18.7,6,112.2,1
61_AETHELNEY_8072,61,8072,Taittinger Brut La Francais,750mL,4692,KOBRAND CORPORATION        ,10133,2024-05-09,2024-05-20,2024-05-26,2024-07-05,24.99,6,149.94,2
60_IRRAGIN_1760,60,1760,William Grant Scotch,1.75L,3664,WILLIAM GRANT & SONS INC   ,9998,2024-04-28,2024-05-02,2024-05-11,2024-06-19,19.69,6,118.14,1
7_STANMORE_4227,7,4227,Bacardi Superior Rum Trav,1.75L,480,BACARDI USA INC            ,10550,2024-06-06,2024-06-17,2024-06-27,2024-08-05,14.17,14,198.38,1
25_CAERSHIRE_41252,25,41252,Beringer Classic Pnt Grigio,1.5L,9819,TREASURY WINE ESTATES      ,10408,2024-05-26,2024-06-03,2024-06-08,2024-07-17,5.13,5,25.65,2
71_CLARCTON_4262,71,4262,Capt Morgan Spiced Rum,750mL,3960,DIAGEO NORTH AMERICA INC   ,8271,2023-12-31,2024-01-04,2024-01-14,2024-02-11,11.19,11,123.09,1
6_GOULCREST_29169,6,29169,Franzia Tap Merlot,5L,9815,WINE GROUP INC             ,11138,2024-07-10,2024-07-22,2024-07-27,2024-09-04,10.88,4,43.52,2
71_CLARCTON_4179,71,4179,Bacardi Dragon Berry Rum,1.75L,480,BACARDI USA INC            ,9929,2024-04-25,2024-05-02,2024-05-16,2024-06-20,15.14,4,60.56,1
30_CULCHETH_17073,30,17073,Tomaiolo Pinot Grigio,750mL,7153,PINE STATE TRADING CO      ,12032,2024-09-09,2024-09-13,2024-09-19,2024-10-23,6.84,12,82.08,2
35_HALIVAARA_6651,35,6651,Rocca Delle Macie Chianti C,750mL,6785,PALM BAY INTERNATIONAL INC ,10283,2024-05-18,2024-05-26,2024-06-05,2024-07-01,7.79,12,93.48,2
65_LUTON_1233,65,1233,Jack Daniels No 7 Black,1.75L,1128,BROWN-FORMAN CORP          ,11109,2024-07-08,2024-07-13,2024-07-22,2024-09-01,26.27,11,288.97,1
38_GOULCREST_15321,38,15321,Blufeld Rsl,750mL,1392,CONSTELLATION BRANDS INC   ,11883,2024-08-31,2024-09-08,2024-09-14,2024-10-30,5.99,12,71.88,2
73_DONCASTER_2663,73,2663,Dewars White Label,1.75L,480,BACARDI USA INC            ,11341,2024-07-25,2024-08-05,2024-08-11,2024-09-15,21.42,2,42.84,1
64_CESTERFIELD_16458,64,16458,Gerard Bertrand Corbieres Ro,750mL,9552,M S WALKER INC             ,9877,2024-04-20,2024-04-28,2024-05-10,2024-06-07,8.55,12,102.6,2
15_WANBORNE_14622,15,14622,La Marca Prosecco,750mL,3252,E & J GALLO WINERY         ,10084,2024-05-05,2024-05-13,2024-05-16,2024-06-29,8.66,22,190.52,2
31_HORNSEY_3444,31,3444,Hornitos Plata Tequila,1.75L,12546,JIM BEAM BRANDS COMPANY    ,11227,2024-07-17,2024-07-28,2024-08-01,2024-09-17,29.13,5,145.65,1
8_ALNERWICK_3545,8,3545,Ketel One Vodka,1.75L,3960,DIAGEO NORTH AMERICA INC   ,12841,2024-10-31,2024-11-10,2024-11-14,2024-12-27,21.89,20,437.8,1
65_LUTON_3489,65,3489,Tanqueray,1.75L,3960,DIAGEO NORTH AMERICA INC   ,11191,2024-07-14,2024-07-20,2024-08-01,2024-09-07,20.73,5,103.65,1
67_EANVERNESS_8131,67,8131,Lillet White French Aperiti,750mL,17035,PERNOD RICARD USA          ,13194,2024-11-23,2024-11-29,2024-12-09,2025-01-09,10.38,12,124.56,2
41_LARNWICK_6579,41,6579,J Lohr Riverstone Chard,750mL,4425,MARTIGNETTI COMPANIES,13091,2024-11-16,2024-11-21,2024-12-05,2025-01-11,5.8,3,17.4,2
25_CAERSHIRE_2585,25,2585,Jameson Irish Whiskey,750mL,17035,PERNOD RICARD USA          ,13437,2024-12-09,2024-12-14,2024-12-19,2025-01-27,16.42,9,147.78,1
17_OLDHAM_4683,17,4683,Hennessy VS Cognac,50mL,8112,MOET HENNESSY USA INC      ,11197,2024-07-14,2024-07-21,2024-08-01,2024-09-07,2.96,12,35.52,1
39_EASTHALLOW_6681,39,6681,Cakebread Svgn Bl,750mL,4692,KOBRAND CORPORATION        ,11011,2024-07-01,2024-07-08,2024-07-12,2024-08-23,15.89,12,190.68,2
64_CESTERFIELD_16877,64,16877,Ninety+Cellars Lot 53 Cab Sv,750mL,4950,LATITUDE BEVERAGE COMPANY  ,10768,2024-06-21,2024-06-27,2024-07-10,2024-08-09,6.16,12,73.92,2
53_HILLFAR_4261,53,4261,Capt Morgan Spiced Rum,1.75L,3960,DIAGEO NORTH AMERICA INC   ,13487,2024-12-13,2024-12-19,2024-12-29,2025-02-06,16.17,3,48.51,1
73_DONCASTER_31231,73,31231,Nobilo Svgn Bl MarlborougH,750mL,1392,CONSTELLATION BRANDS INC   ,10394,2024-05-26,2024-05-31,2024-06-09,2024-07-20,6.49,12,77.88,2
1_HARDERSFIELD_2122,1,2122,Canadian Club 1858,750mL,12546,JIM BEAM BRANDS COMPANY    ,8330,2024-01-04,2024-01-15,2024-01-20,2024-02-19,7.8,12,93.6,1
14_BROMWICH_5251,14,5251,DeKuyper Buttershots Schnpps,50mL,12546,JIM BEAM BRANDS COMPANY    ,12523,2024-10-09,2024-10-17,2024-10-30,2024-12-06,0.72,109,78.48,1
59_CLAETHORPES_31971,59,31971,Trinchero Main St Cab Svgn,750mL,8892,TRINCHERO FAMILY ESTATES   ,13461,2024-12-11,2024-12-21,2024-12-27,2025-01-27,5.99,12,71.88,2
50_MOUNTMEND_4698,50,4698,Metaxa 5 Star,750mL,7239,REMY COINTREAU USA INC     ,11576,2024-08-09,2024-08-17,2024-08-23,2024-09-29,10.38,8,83.04,2
33_HORNSEY_2623,33,2623,Ballantines,1.75L,17035,PERNOD RICARD USA          ,9156,2024-03-01,2024-03-08,2024-03-17,2024-04-30,18.24,6,109.44,1
1_HARDERSFIELD_6983,1,6983,J Lohr Seven Oaks Cab Svgn,750mL,4425,MARTIGNETTI COMPANIES,13214,2024-11-24,2024-11-29,2024-12-13,2025-01-07,8.27,12,99.24,2
53_HILLFAR_7878,53,7878,Allens Coffee Brandy,1.75L,9552,M S WALKER INC             ,9877,2024-04-20,2024-04-27,2024-05-10,2024-06-07,9.99,5,49.95,1
76_DONCASTER_26456,76,26456,Ravenswood Vntnrs Blnd Chard,750mL,1392,CONSTELLATION BRANDS INC   ,12077,2024-09-13,2024-09-19,2024-10-01,2024-10-27,4.5,17,76.5,2
34_PITMERDEN_20447,34,20447,Barefoot Bubbly Pink Moscato,187mL 4 Pk,3252,E & J GALLO WINERY         ,11413,2024-07-29,2024-08-04,2024-08-08,2024-09-21,6.53,6,39.18,2
64_CESTERFIELD_4785,64,4785,Remy Martin XO Excellence,375mL,7239,REMY COINTREAU USA INC     ,13076,2024-11-15,2024-11-22,2024-12-01,2025-01-15,53.95,12,647.4,1
55_DRY GULCH_37849,55,37849,Darioush Cab Svgn,750mL,17033,SEA BREEZE CELLARS LLC     ,8702,2024-01-29,2024-02-05,2024-02-16,2024-03-16,62.06,6,372.36,2
12_LEESIDE_5090,12,5090,El Charro Silver Tequila,750mL,8004,SAZERAC CO INC             ,11577,2024-08-09,2024-08-16,2024-08-24,2024-09-27,10.23,12,122.76,1
54_GUTHRAM_43920,54,43920,Farnum Hill Semi-Dry Cider,750mL,90027,POVERTY LANE ORCHARDS      ,13309,2024-12-01,2024-12-09,2024-12-14,2025-01-12,8.05,12,96.6,2
6_GOULCREST_24325,6,24325,La Crema Chard Sonoma Cst,750mL,10000,MAJESTIC FINE WINES        ,11674,2024-08-16,2024-08-24,2024-09-06,2024-10-08,10.88,11,119.68,2
60_IRRAGIN_5270,60,5270,Southern Comfort,50mL,1128,BROWN-FORMAN CORP          ,8358,2024-01-06,2024-01-14,2024-01-26,2024-02-18,1.55,10,15.5,1
23_ARBINGTON_3726,23,3726,Gilbeys Vodka Traveler,750mL,12546,JIM BEAM BRANDS COMPANY    ,12222,2024-09-22,2024-09-29,2024-10-04,2024-11-03,3.78,11,41.58,1
77_TAMWORTH_2164,77,2164,New Amsterdam Gin,1.75L,3252,E & J GALLO WINERY         ,11796,2024-08-24,2024-08-30,2024-09-08,2024-10-07,12.14,5,60.7,1
21_BALERNO_8678,21,8678,Banfi Chianti Clsc RSV,750mL,516,BANFI PRODUCTS CORP        ,8402,2024-01-10,2024-01-21,2024-02-01,2024-03-09,9.32,11,102.52,2
64_CESTERFIELD_6479,64,6479,Clos du Bois Chard,750mL,1392,CONSTELLATION BRANDS INC   ,11793,2024-08-24,2024-08-30,2024-09-13,2024-10-08,5.95,6,35.7,2
38_GOULCREST_934,38,934,Tanteo Jalapeno Tequila,750mL,9165,ULTRA BEVERAGE COMPANY LLP ,13369,2024-12-05,2024-12-15,2024-12-19,2025-02-04,26.08,5,130.4,1
1_HARDERSFIELD_2589,1,2589,Jameson Irish Whiskey,1.75L,17035,PERNOD RICARD USA          ,9156,2024-03-01,2024-03-09,2024-03-17,2024-04-30,30.76,2,61.52,1
76_DONCASTER_15478,76,15478,Vietti Barbera D'Asti Vigne,750mL,9552,M S WALKER INC             ,11756,2024-08-22,2024-08-30,2024-09-13,2024-10-08,12.49,12,149.88,2
76_DONCASTER_8258,76,8258,Campari,750mL,11567,CAMPARI AMERICA            ,11687,2024-08-17,2024-08-23,2024-09-01,2024-10-12,21.05,10,210.5,1
66_EANVERNESS_5299,66,5299,Southern Comfort,1.75L,8004,SAZERAC CO INC             ,11695,2024-08-17,2024-08-26,2024-08-30,2024-10-10,15.26,2,30.52,1
19_WINTERVALE_24829,19,24829,Cecchi Chianti Classico,750mL,9165,ULTRA BEVERAGE COMPANY LLP ,8481,2024-01-14,2024-01-21,2024-01-29,2024-02-26,7.53,12,90.36,2
33_HORNSEY_19269,33,19269,Peter Paul Live Free or Die,750mL,10754,PERFECTA WINES             ,12474,2024-10-05,2024-10-10,2024-10-24,2024-12-02,15.64,12,187.68,2
23_ARBINGTON_4243,23,4243,Bacardi Superior Rum,1.75L,480,BACARDI USA INC            ,8618,2024-01-25,2024-02-02,2024-02-16,2024-03-17,14.49,185,2680.65,1
44_PORTHCRAWL_8068,44,8068,Absolut 80 Proof,1.75L,17035,PERNOD RICARD USA          ,11483,2024-08-03,2024-08-08,2024-08-16,2024-09-16,18.24,7,127.68,1
27_MOUNTMEND_24253,27,24253,Franzia Dark Red Blend,5L,9815,WINE GROUP INC             ,9761,2024-04-12,2024-04-21,2024-05-03,2024-05-26,12.16,4,48.64,2
7_STANMORE_32648,7,32648,Beringer Classic Wh Znfdl,1.5L,9819,TREASURY WINE ESTATES      ,13349,2024-12-04,2024-12-13,2024-12-19,2025-02-01,5.3,6,31.8,2
7_STANMORE_13940,7,13940,Black Box Malbec,3L,1392,CONSTELLATION BRANDS INC   ,10681,2024-06-15,2024-06-24,2024-06-28,2024-08-08,10.45,12,125.4,2
60_IRRAGIN_8688,60,8688,Paul Masson Chablis,3L,1392,CONSTELLATION BRANDS INC   ,12792,2024-10-27,2024-11-03,2024-11-08,2024-12-16,6.62,8,52.96,2
69_MOUNTMEND_4130,69,4130,Kraken Black Spiced Rum,375mL,7245,PROXIMO SPIRITS INC.       ,13617,2024-12-21,2024-12-26,2025-01-10,2025-02-10,6.81,12,81.72,1
59_CLAETHORPES_3893,59,3893,Zhenka 80 Proof,1.75L,9552,M S WALKER INC             ,8916,2024-02-14,2024-02-24,2024-03-05,2024-04-14,7.93,14,111.02,1
48_NORFOLK_2443,48,2443,Seagrams VO,1.75L,3960,DIAGEO NORTH AMERICA INC   ,8575,2024-01-21,2024-01-28,2024-02-03,2024-03-06,13.48,6,80.88,1
20_BREDWARDINE_3724,20,3724,Absolut Citron,750mL,17035,PERNOD RICARD USA          ,9291,2024-03-10,2024-03-16,2024-03-22,2024-05-08,12.31,12,147.72,1
76_DONCASTER_41759,76,41759,Blue Fish Pfalz Rsl,750mL,6785,PALM BAY INTERNATIONAL INC ,9724,2024-04-10,2024-04-20,2024-04-27,2024-06-02,5.44,12,65.28,2
33_HORNSEY_8112,33,8112,Stolichnaya,1.75L,8664,"STOLI GROUP,(USA) LLC      ",11254,2024-07-18,2024-07-26,2024-08-09,2024-09-01,19.52,3,58.56,1
66_EANVERNESS_21201,66,21201,Bota Box Pnt Nr,3L,2242,DELICATO VINEYARDS INC     ,11315,2024-07-22,2024-07-29,2024-08-03,2024-09-04,11.4,3,34.2,2
76_DONCASTER_6599,76,6599,Estancia Cab Svgn Paso Roble,750mL,1392,CONSTELLATION BRANDS INC   ,8691,2024-01-29,2024-02-02,2024-02-13,2024-03-16,5.78,12,69.36,2
49_GARIGILL_6937,49,6937,Cavit Pinot Grigio,1.5L,6785,PALM BAY INTERNATIONAL INC ,11965,2024-09-05,2024-09-16,2024-09-25,2024-10-23,6.75,35,236.25,2
23_ARBINGTON_1961,23,1961,Everclear 151,1.75L,8352,LUXCO INC                  ,13036,2024-11-13,2024-11-26,2024-11-29,2025-01-04,23.91,5,119.55,1
60_IRRAGIN_35914,60,35914,Stone Cellars Chard,1.5L,9819,TREASURY WINE ESTATES      ,11830,2024-08-26,2024-08-29,2024-09-05,2024-10-23,5.51,6,33.06,2
55_DRY GULCH_42099,55,42099,Bota Box Pnt Grigio Cal,3L,2242,DELICATO VINEYARDS INC     ,9789,2024-04-14,2024-04-20,2024-04-26,2024-05-29,11.4,3,34.2,2
77_TAMWORTH_40545,77,40545,Whitehaven Svgn Bl Marlboro,750mL,3252,E & J GALLO WINERY         ,11528,2024-08-07,2024-08-16,2024-08-26,2024-10-09,9.93,11,109.23,2
25_CAERSHIRE_2465,25,2465,Crown Royal Mini,50mL,3960,DIAGEO NORTH AMERICA INC   ,8575,2024-01-21,2024-01-29,2024-02-03,2024-03-06,2.15,1,2.15,1
10_HORNSEY_3837,10,3837,Skyy Vodka,50mL,11567,CAMPARI AMERICA            ,8534,2024-01-19,2024-01-27,2024-02-02,2024-03-19,0.72,94,67.68,1
19_WINTERVALE_8262,19,8262,Metcalfe's Vermont Maple,750mL,9165,ULTRA BEVERAGE COMPANY LLP ,12947,2024-11-06,2024-11-15,2024-11-22,2025-01-08,15.82,6,94.92,1
69_MOUNTMEND_8214,69,8214,E & J Brandy VS,750mL,3252,E & J GALLO WINERY         ,9477,2024-03-23,2024-03-30,2024-04-07,2024-05-17,7.4,11,81.4,1
40_BULLMAR_8576,40,8576,E & J Brandy VS,375mL,3252,E & J GALLO WINERY         ,9169,2024-03-02,2024-03-08,2024-03-18,2024-04-26,3.67,24,88.08,1
43_WOLFORD_4194,43,4194,Calico Jack Coconut Rum,1.75L,12546,JIM BEAM BRANDS COMPANY    ,13557,2024-12-18,2024-12-28,2025-01-04,2025-02-17,9.48,6,56.88,1
76_DONCASTER_5337,76,5337,Drambuie,750mL,3664,WILLIAM GRANT & SONS INC   ,8650,2024-01-26,2024-02-04,2024-02-15,2024-03-20,20.6,12,247.2,1
50_MOUNTMEND_17175,50,17175,Beringer Classic Cab Svgn,1.5L,9819,TREASURY WINE ESTATES      ,10828,2024-06-24,2024-06-30,2024-07-10,2024-08-14,5.2,12,62.4,2
41_LARNWICK_6349,41,6349,Glen Ellen Chard RSV,1.5L,9815,WINE GROUP INC             ,12906,2024-11-03,2024-11-12,2024-11-22,2024-12-29,4.63,2,9.26,2
76_DONCASTER_41827,76,41827,Banfi Chianti Clsc Tuscany,750mL,516,BANFI PRODUCTS CORP        ,9132,2024-02-29,2024-03-09,2024-03-14,2024-04-21,8.16,12,97.92,2
43_WOLFORD_5138,43,5138,Fireball Cinnamon Whisky,750mL,8004,SAZERAC CO INC             ,12547,2024-10-10,2024-10-19,2024-10-24,2024-12-11,11.1,69,765.9,1
34_PITMERDEN_2436,34,2436,Crown Royal,375mL,3960,DIAGEO NORTH AMERICA INC   ,8271,2023-12-31,2024-01-08,2024-01-14,2024-02-11,11.99,23,275.77,1
73_DONCASTER_5364,73,5364,Kahlua,1.75L,17035,PERNOD RICARD USA          ,12714,2024-10-21,2024-10-27,2024-11-08,2024-12-03,23.07,31,715.17,1
33_HORNSEY_3857,33,3857,Grey Goose Vodka,1.75L,480,BACARDI USA INC            ,11341,2024-07-25,2024-08-01,2024-08-11,2024-09-15,38.27,6,229.62,1
76_DONCASTER_2258,76,2258,Dewars Special Reserve 12 Yr,375mL,480,BACARDI USA INC            ,10778,2024-06-22,2024-06-27,2024-07-09,2024-08-04,9.77,12,117.24,1
74_PAENTMARWY_4796,74,4796,Caravella Limoncello,750mL,660,SAZERAC NORTH AMERICA INC. ,11852,2024-08-29,2024-09-07,2024-09-12,2024-10-26,12.31,6,73.86,1
33_HORNSEY_4201,33,4201,Calico Jack Silver Rum,1.75L,12546,JIM BEAM BRANDS COMPANY    ,11211,2024-07-15,2024-07-21,2024-07-25,2024-08-26,9.55,6,57.3,1
6_GOULCREST_3216,6,3216,Fleischmanns X Dry Gin,1.75L,660,SAZERAC NORTH AMERICA INC. ,11599,2024-08-10,2024-08-19,2024-08-23,2024-09-23,7.68,6,46.08,1
69_MOUNTMEND_3798,69,3798,Ciroc Apple Vodka,750mL,3960,DIAGEO NORTH AMERICA INC   ,10754,2024-06-20,2024-06-30,2024-07-10,2024-08-20,19.83,167,3311.61,1
52_GRAYCOTT_3050,52,3050,Bowman Vodka,1.75L,8004,SAZERAC CO INC             ,11452,2024-08-01,2024-08-12,2024-08-16,2024-09-20,6.51,6,39.06,1
59_CLAETHORPES_5676,59,5676,Kinky Liqueur,50mL,7153,PINE STATE TRADING CO      ,10724,2024-06-17,2024-06-22,2024-07-02,2024-07-29,1.42,55,78.1,1
59_CLAETHORPES_4563,59,4563,Christian Bros Brandy,1.75L,3924,HEAVEN HILL DISTILLERIES   ,8525,2024-01-18,2024-01-29,2024-02-06,2024-03-12,12.14,6,72.84,1
60_IRRAGIN_2120,60,2120,Canadian Club,1.75L,12546,JIM BEAM BRANDS COMPANY    ,10007,2024-04-29,2024-05-05,2024-05-12,2024-06-22,12.21,8,97.68,1
50_MOUNTMEND_4634,50,4634,Gold Crown Wh Rum,1.75L,9552,M S WALKER INC             ,13614,2024-12-21,2024-12-26,2025-01-07,2025-02-17,8.52,3,25.56,1
7_STANMORE_2258,7,2258,Dewars Special Reserve 12 Yr,375mL,480,BACARDI USA INC            ,9389,2024-03-18,2024-03-25,2024-04-02,2024-04-30,9.77,12,117.24,1
73_DONCASTER_41827,73,41827,Banfi Chianti Clsc Tuscany,750mL,516,BANFI PRODUCTS CORP        ,9739,2024-04-11,2024-04-22,2024-04-29,2024-05-30,8.16,12,97.92,2
36_LEWES_3684,36,3684,Fleischmanns Royal Vodka,1.75L,660,SAZERAC NORTH AMERICA INC. ,10318,2024-05-20,2024-05-26,2024-06-01,2024-07-10,7.68,12,92.16,1
1_HARDERSFIELD_3020,1,3020,Pinnacle Blueberry Vodka,750mL,12546,JIM BEAM BRANDS COMPANY    ,9772,2024-04-13,2024-04-19,2024-04-30,2024-06-12,7.99,12,95.88,1
8_ALNERWICK_812,8,812,Jagermeister Liqueur,Liter,3089,SIDNEY FRANK IMPORTING CO  ,13027,2024-11-11,2024-11-17,2024-11-26,2025-01-08,17.03,11,187.33,1
67_EANVERNESS_23423,67,23423,Santa Rita RSV Chard,750mL,6785,PALM BAY INTERNATIONAL INC ,11678,2024-08-16,2024-08-26,2024-08-31,2024-10-05,6.8,12,81.6,2
23_ARBINGTON_6375,23,6375,Christian Bros Dry Sherry,750mL,3924,HEAVEN HILL DISTILLERIES   ,12421,2024-10-02,2024-10-11,2024-10-23,2024-11-25,3.76,12,45.12,2
15_WANBORNE_2120,15,2120,Canadian Club,1.75L,12546,JIM BEAM BRANDS COMPANY    ,11464,2024-08-02,2024-08-08,2024-08-22,2024-09-22,12.21,2,24.42,1
76_DONCASTER_31489,76,31489,Barefoot Chard Cal,1.5L,3252,E & J GALLO WINERY         ,10118,2024-05-08,2024-05-19,2024-05-26,2024-06-28,5.71,5,28.55,2
74_PAENTMARWY_3276,74,3276,Gordons London Dry,1.75L,3960,DIAGEO NORTH AMERICA INC   ,9451,2024-03-22,2024-03-30,2024-04-06,2024-05-10,9.62,12,115.44,1
2_ASHBORNE_2646,2,2646,Chivas Regal,1.75L,17035,PERNOD RICARD USA          ,11891,2024-08-31,2024-09-08,2024-09-13,2024-10-15,43.3,12,519.6,1
9_BLACKPOOL_3545,9,3545,Ketel One Vodka,1.75L,3960,DIAGEO NORTH AMERICA INC   ,11300,2024-07-21,2024-07-25,2024-08-03,2024-09-14,21.89,13,284.57,1
53_HILLFAR_8370,53,8370,Chi Chi's Margarita,1.75L,660,SAZERAC NORTH AMERICA INC. ,13008,2024-11-10,2024-11-14,2024-11-28,2025-01-04,5.71,5,28.55,1
76_DONCASTER_39413,76,39413,Mirassou Pnt Nr Cntrl Coast,750mL,3252,E & J GALLO WINERY         ,8238,2023-12-29,2024-01-04,2024-01-18,2024-02-14,5.06,12,60.72,2
41_LARNWICK_8961,41,8961,Jose Cuervo Especial,50mL,7245,PROXIMO SPIRITS INC.       ,9977,2024-04-27,2024-05-04,2024-05-17,2024-06-23,1.12,117,131.04,1
49_GARIGILL_32368,49,32368,Cavit Pinot Noir Delle Vene,1.5L,6785,PALM BAY INTERNATIONAL INC ,8833,2024-02-08,2024-02-15,2024-02-25,2024-04-04,6.45,6,38.7,2
34_PITMERDEN_4225,34,4225,Goslings Black Seal Bermuda,1.75L,1485,CASTLE BRANDS CORP.        ,13051,2024-11-14,2024-11-22,2024-11-28,2025-01-13,18.37,3,55.11,1
18_FURNESS_6524,18,6524,Rosemount Diamond Shiraz,750mL,4425,MARTIGNETTI COMPANIES,9481,2024-03-23,2024-04-01,2024-04-04,2024-05-05,4.57,12,54.84,2
65_LUTON_3244,65,3244,Burnetts Vodka,750mL,3924,HEAVEN HILL DISTILLERIES   ,12521,2024-10-09,2024-10-19,2024-10-24,2024-12-03,4.32,11,47.52,1
69_MOUNTMEND_5103,69,5103,Fireball Cinnamon Whisky,1.75L,8004,SAZERAC CO INC             ,11695,2024-08-17,2024-08-24,2024-08-30,2024-10-10,17.14,1,17.14,1
1_HARDERSFIELD_5877,1,5877,Ryans Irish Cream,50mL,8004,SAZERAC CO INC             ,9594,2024-03-31,2024-04-08,2024-04-15,2024-05-12,0.62,116,71.92,1
39_EASTHALLOW_35578,39,35578,Alamos Ridge Cab Svgn Mendza,750mL,3252,E & J GALLO WINERY         ,11431,2024-07-31,2024-08-11,2024-08-21,2024-10-01,4.57,12,54.84,2
62_KILMARNOCK_28919,62,28919,Gallo Twin Valley Merlot Cal,1.5L,3252,E & J GALLO WINERY         ,12586,2024-10-13,2024-10-17,2024-10-31,2024-12-02,6.89,6,41.34,2
38_GOULCREST_14539,38,14539,Dom de Dionysos La Deveze,750mL,4425,MARTIGNETTI COMPANIES,8426,2024-01-11,2024-01-21,2024-01-25,2024-03-13,10.06,9,90.54,2
53_HILLFAR_18781,53,18781,Girl Go Lightly Moscato,750mL,1590,DIAGEO CHATEAU ESTATE WINES,9097,2024-02-26,2024-03-04,2024-03-15,2024-04-21,7.53,2,15.06,2
49_GARIGILL_3148,49,3148,Ciroc Mango Vodka,1.75L,3960,DIAGEO NORTH AMERICA INC   ,12585,2024-10-13,2024-10-19,2024-10-31,2024-11-29,35.24,6,211.44,1
55_DRY GULCH_8064,55,8064,Canadian Club,50mL,12546,JIM BEAM BRANDS COMPANY    ,11755,2024-08-22,2024-08-30,2024-09-10,2024-10-13,0.76,120,91.2,1
4_EANVERNESS_6854,4,6854,Carlo Rossi Burgundy Calif,4L,3252,E & J GALLO WINERY         ,8879,2024-02-11,2024-02-15,2024-02-25,2024-04-06,9.86,4,39.44,2
59_CLAETHORPES_10296,59,10296,Alamos Slcn Malbec Mendoza,750mL,3252,E & J GALLO WINERY         ,13033,2024-11-13,2024-11-23,2024-12-03,2024-12-31,9.73,11,107.03,2
27_MOUNTMEND_8082,27,8082,Baileys Irish Cream,1.75L,3960,DIAGEO NORTH AMERICA INC   ,10468,2024-05-31,2024-06-09,2024-06-15,2024-07-24,21.73,5,108.65,1
77_TAMWORTH_44494,77,44494,Smoking Loon Pnt Grigio Cal,750mL,9552,M S WALKER INC             ,12115,2024-09-15,2024-09-23,2024-09-26,2024-11-06,4.5,11,49.5,2
32_MOUNTMEND_5033,32,5033,Fireball Cinnamon Whisky,Liter,8004,SAZERAC CO INC             ,12246,2024-09-23,2024-09-27,2024-10-05,2024-11-15,12.97,12,155.64,1
13_TARMSWORTH_31465,13,31465,Franzia Tap Chard,5L,9815,WINE GROUP INC             ,8285,2023-12-31,2024-01-06,2024-01-18,2024-02-23,10.38,11,114.18,2
22_SHARNWICK_3405,22,3405,Tito's Handmade Vodka,1.75L,4425,MARTIGNETTI COMPANIES,12047,2024-09-11,2024-09-19,2024-10-02,2024-10-29,23.19,6,139.14,1
12_LEESIDE_14930,12,14930,Yellow Tail Moscato,1.5L,4425,MARTIGNETTI COMPANIES,11053,2024-07-04,2024-07-12,2024-07-25,2024-08-22,5.93,6,35.58,2
25_CAERSHIRE_24327,25,24327,La Crema Pnt Nr Sonoma Cst,750mL,10000,MAJESTIC FINE WINES        ,13436,2024-12-09,2024-12-12,2024-12-26,2025-01-20,13.1,12,157.2,2
76_DONCASTER_8670,76,8670,Arrow Coffee Brandy,1.75L,8352,LUXCO INC                  ,10398,2024-05-26,2024-05-31,2024-06-14,2024-07-20,7.85,3,23.55,1
25_CAERSHIRE_40193,25,40193,Mark West Chard Sonoma Cnty,750mL,1392,CONSTELLATION BRANDS INC   ,10847,2024-06-25,2024-07-01,2024-07-05,2024-08-16,4.83,11,53.13,2
74_PAENTMARWY_25831,74,25831,Dry Creek Chenin Blanc Dry,750mL,7153,PINE STATE TRADING CO      ,12683,2024-10-19,2024-10-26,2024-11-06,2024-12-15,6.89,12,82.68,2
66_EANVERNESS_26391,66,26391,Pepperwood Grove Chard,750mL,9552,M S WALKER INC             ,8865,2024-02-10,2024-02-18,2024-02-26,2024-04-01,5.15,11,56.65,2
34_PITMERDEN_3913,34,3913,Svedka Vodka,1.75L,1392,CONSTELLATION BRANDS INC   ,10448,2024-05-30,2024-06-08,2024-06-13,2024-07-27,14.28,2,28.56,1
76_DONCASTER_18642,76,18642,Yellow Tail Pink Moscato,1.5L,4425,MARTIGNETTI COMPANIES,12730,2024-10-23,2024-11-02,2024-11-11,2024-12-18,5.81,6,34.86,2
60_IRRAGIN_2518,60,2518,Woodford Reserve Double Oak,750mL,1128,BROWN-FORMAN CORP          ,9763,2024-04-13,2024-04-18,2024-05-03,2024-06-09,36.49,6,218.94,1
35_HALIVAARA_31465,35,31465,Franzia Tap Chard,5L,9815,WINE GROUP INC             ,9347,2024-03-14,2024-03-22,2024-04-01,2024-04-30,10.38,5,51.9,2
77_TAMWORTH_3851,77,3851,Grey Goose Vodka,375mL,480,BACARDI USA INC            ,13149,2024-11-21,2024-11-29,2024-12-12,2025-01-11,12.02,12,144.24,1
2_ASHBORNE_1174,2,1174,Rebel Yell,1.75L,8352,LUXCO INC                  ,12817,2024-10-28,2024-11-03,2024-11-09,2024-12-21,15.87,6,95.22,1
67_EANVERNESS_19215,67,19215,Dom Vacheron Sancerre Blanc,750mL,9552,M S WALKER INC             ,10383,2024-05-25,2024-05-31,2024-06-10,2024-07-16,18.79,24,450.96,2
49_GARIGILL_126,49,126,Grey Goose Vodka,Liter,480,BACARDI USA INC            ,12455,2024-10-04,2024-10-11,2024-10-23,2024-11-29,20.14,6,120.84,1
34_PITMERDEN_3835,34,3835,Smirnoff Raspberry Vodka,750mL,3960,DIAGEO NORTH AMERICA INC   ,9766,2024-04-13,2024-04-20,2024-05-01,2024-06-02,8.2,12,98.4,1
60_IRRAGIN_3960,60,3960,Tortilla Gold Tequila Liquer,1.75L,8004,SAZERAC CO INC             ,11827,2024-08-26,2024-09-02,2024-09-12,2024-10-15,9.52,6,57.12,1
7_STANMORE_8123,7,8123,Mouton Cadet Red Brdx,750mL,1392,CONSTELLATION BRANDS INC   ,10986,2024-06-30,2024-07-08,2024-07-17,2024-08-27,6.53,12,78.36,2
1_HARDERSFIELD_4249,1,4249,Capt Morgan White Coconut,750mL,3960,DIAGEO NORTH AMERICA INC   ,12841,2024-10-31,2024-11-09,2024-11-14,2024-12-27,10.39,12,124.68,1
40_BULLMAR_1231,40,1231,Jack Daniels No 7 Black,375mL,1128,BROWN-FORMAN CORP          ,9521,2024-03-27,2024-04-05,2024-04-15,2024-05-23,9.48,24,227.52,1
17_OLDHAM_38370,17,38370,Oyster Bay Svgn Bl Marlboro,750mL,4425,MARTIGNETTI COMPANIES,11693,2024-08-17,2024-08-23,2024-08-31,2024-10-15,6.59,12,79.08,2
15_WANBORNE_2753,15,2753,Johnnie Walker Black Label,1.75L,3960,DIAGEO NORTH AMERICA INC   ,10023,2024-05-01,2024-05-13,2024-05-19,2024-06-21,44.77,6,268.62,1
73_DONCASTER_31231,73,31231,Nobilo Svgn Bl MarlborougH,750mL,1392,CONSTELLATION BRANDS INC   ,9283,2024-03-10,2024-03-17,2024-03-28,2024-04-27,6.49,11,71.39,2
38_GOULCREST_2723,38,2723,J & B Rare,1.75L,3960,DIAGEO NORTH AMERICA INC   ,8575,2024-01-21,2024-01-30,2024-02-03,2024-03-06,21.42,6,128.52,1
74_PAENTMARWY_24086,74,24086,Hess Select Chard,750mL,4425,MARTIGNETTI COMPANIES,12995,2024-11-09,2024-11-16,2024-11-29,2025-01-03,7.14,10,71.4,2
76_DONCASTER_8023,76,8023,DeKuyper Triple Sec,750mL,12546,JIM BEAM BRANDS COMPANY    ,11705,2024-08-18,2024-08-25,2024-09-04,2024-10-16,3.28,6,19.68,1
15_WANBORNE_46600,15,46600,Primaterra Pnt Grigio,750mL,10754,PERFECTA WINES             ,11214,2024-07-15,2024-07-18,2024-07-29,2024-09-07,7.58,12,90.96,2
55_DRY GULCH_21208,55,21208,Kendall Jackson Grand Rsv Ch,750mL,10000,MAJESTIC FINE WINES        ,9837,2024-04-18,2024-04-27,2024-05-05,2024-06-02,10.32,48,495.36,2
40_BULLMAR_6575,40,6575,Kendall Jackson RSV Svgn Bl,750mL,10000,MAJESTIC FINE WINES        ,12865,2024-11-01,2024-11-10,2024-11-20,2024-12-28,5.84,11,64.24,2
68_SOLARIS_3766,68,3766,Three Olives Grape Vodka,750mL,7245,PROXIMO SPIRITS INC.       ,10745,2024-06-19,2024-06-29,2024-07-04,2024-08-21,9.35,11,102.85,1
39_EASTHALLOW_2465,39,2465,Crown Royal Mini,50mL,3960,DIAGEO NORTH AMERICA INC   ,10260,2024-05-17,2024-05-24,2024-06-06,2024-07-14,2.15,60,129.0,1
56_BEGGAR'S HOLE_4258,56,4258,Bacardi Mango Fusion,750mL,480,BACARDI USA INC            ,13238,2024-11-27,2024-12-06,2024-12-20,2025-01-23,7.35,12,88.2,1
50_MOUNTMEND_3444,50,3444,Hornitos Plata Tequila,1.75L,12546,JIM BEAM BRANDS COMPANY    ,10820,2024-06-24,2024-06-28,2024-07-10,2024-08-07,29.13,5,145.65,1
35_HALIVAARA_39479,35,39479,Barefoot Premium X-Dry,750mL,3252,E & J GALLO WINERY         ,13530,2024-12-15,2024-12-22,2024-12-26,2025-02-12,5.29,11,58.19,2
14_BROMWICH_2723,14,2723,J & B Rare,1.75L,3960,DIAGEO NORTH AMERICA INC   ,9919,2024-04-24,2024-05-04,2024-05-10,2024-06-11,21.42,6,128.52,1
56_BEGGAR'S HOLE_8691,56,8691,Jose Cuervo Especial,750mL,7245,PROXIMO SPIRITS INC.       ,12099,2024-09-14,2024-09-21,2024-09-29,2024-10-28,11.9,11,130.9,1
55_DRY GULCH_3527,55,3527,Reyka Vodka,1.75L,3664,WILLIAM GRANT & SONS INC   ,12722,2024-10-21,2024-10-26,2024-11-08,2024-12-18,21.87,6,131.22,1
59_CLAETHORPES_4817,59,4817,Skyy Infusions TX Grapefruit,750mL,11567,CAMPARI AMERICA            ,13256,2024-11-28,2024-12-09,2024-12-13,2025-01-14,7.8,12,93.6,1
51_ABERDEEN_482,51,482,Absolut 80 Proof,Liter,17035,PERNOD RICARD USA          ,10353,2024-05-23,2024-06-03,2024-06-12,2024-07-23,14.28,10,142.8,1
13_TARMSWORTH_8107,13,8107,Wild Turkey 101,1.75L,11567,CAMPARI AMERICA            ,11545,2024-08-08,2024-08-17,2024-08-29,2024-10-07,26.71,6,160.26,1
49_GARIGILL_32907,49,32907,Sterling Vintners Cltn Chard,750mL,1590,DIAGEO CHATEAU ESTATE WINES,11492,2024-08-04,2024-08-09,2024-08-18,2024-09-24,5.37,12,64.44,2
67_EANVERNESS_14437,67,14437,Byron Santa Barbara Pnt Nr,750mL,9552,M S WALKER INC             ,13059,2024-11-14,2024-11-22,2024-11-29,2025-01-05,11.68,12,140.16,2
4_EANVERNESS_3687,4,3687,Fleischmanns Royal Traveler,750mL,660,SAZERAC NORTH AMERICA INC. ,12323,2024-09-25,2024-10-04,2024-10-12,2024-11-23,3.84,32,122.88,1
2_ASHBORNE_24829,2,24829,Cecchi Chianti Classico,750mL,9165,ULTRA BEVERAGE COMPANY LLP ,13604,2024-12-20,2024-12-29,2025-01-03,2025-02-02,7.53,36,271.08,2
8_ALNERWICK_4502,8,4502,E & J XO Brandy,1.75L,3252,E & J GALLO WINERY         ,11656,2024-08-15,2024-08-25,2024-09-03,2024-10-15,16.17,6,97.02,1
51_ABERDEEN_46447,51,46447,Gascon Malbec Mendoza,750mL,3252,E & J GALLO WINERY         ,11431,2024-07-31,2024-08-12,2024-08-21,2024-10-01,6.12,12,73.44,2
25_CAERSHIRE_4269,25,4269,Calico Jack Spiced Rum,1.75L,12546,JIM BEAM BRANDS COMPANY    ,11099,2024-07-07,2024-07-13,2024-07-19,2024-08-31,9.22,6,55.32,1
66_EANVERNESS_46453,66,46453,Mason Clrs Svgn Bl Pomelo,750mL,4425,MARTIGNETTI COMPANIES,11781,2024-08-23,2024-09-02,2024-09-07,2024-10-16,7.33,8,58.64,2
25_CAERSHIRE_3837,25,3837,Skyy Vodka,50mL,11567,CAMPARI AMERICA            ,9887,2024-04-21,2024-04-29,2024-05-10,2024-06-19,0.72,115,82.8,1
34_PITMERDEN_26491,34,26491,Ch Paradis Rose Cotes D Prov,750mL,9165,ULTRA BEVERAGE COMPANY LLP ,10051,2024-05-02,2024-05-13,2024-05-23,2024-06-23,8.78,36,316.08,2
60_IRRAGIN_2287,60,2287,Johnnie Walker Double Black,750mL,3960,DIAGEO NORTH AMERICA INC   ,10468,2024-05-31,2024-06-06,2024-06-15,2024-07-24,29.22,5,146.1,1
20_BREDWARDINE_5219,20,5219,Sambuca Romana Black,750mL,3960,DIAGEO NORTH AMERICA INC   ,10415,2024-05-27,2024-06-01,2024-06-09,2024-07-13,13.23,12,158.76,1
69_MOUNTMEND_3246,69,3246,Bentley's Vodka,1.75L,8004,SAZERAC CO INC             ,9594,2024-03-31,2024-04-08,2024-04-15,2024-05-12,6.71,2,13.42,1
50_MOUNTMEND_25576,50,25576,Simmonet-Febvre Cremant de B,750mL,9552,M S WALKER INC             ,12915,2024-11-04,2024-11-07,2024-11-14,2024-12-27,9.14,12,109.68,2
49_GARIGILL_1233,49,1233,Jack Daniels No 7 Black,1.75L,1128,BROWN-FORMAN CORP          ,9672,2024-04-06,2024-04-15,2024-04-18,2024-06-01,26.27,1,26.27,1
24_PALPERROTH_4978,24,4978,Jacquin Peach Brandy,750mL,4380,CHARLES JACQUIN ET CIE INC ,8621,2024-01-25,2024-02-04,2024-02-12,2024-03-16,7.24,12,86.88,1
73_DONCASTER_2958,73,2958,Dalwhinnie 15-Yr Single Mal,750mL,3960,DIAGEO NORTH AMERICA INC   ,12585,2024-10-13,2024-10-21,2024-10-31,2024-11-29,40.73,10,407.3,1
11_CARDEND_3405,11,3405,Tito's Handmade Vodka,1.75L,4425,MARTIGNETTI COMPANIES,13652,2024-12-23,2024-12-26,2025-01-09,2025-02-18,23.19,21,486.99,1
74_PAENTMARWY_4363,74,4363,Capt Morgan Black Spiced Rum,1.75L,3960,DIAGEO NORTH AMERICA INC   ,9919,2024-04-24,2024-05-05,2024-05-10,2024-06-11,23.73,12,284.76,1
55_DRY GULCH_3243,55,3243,Burnetts Vodka,1.75L,3924,HEAVEN HILL DISTILLERIES   ,11778,2024-08-23,2024-08-31,2024-09-07,2024-10-09,8.26,9,74.34,1
55_DRY GULCH_26851,55,26851,Eric Kent Stiling Vyd Pnt Nr,750mL,4425,MARTIGNETTI COMPANIES,11053,2024-07-04,2024-07-15,2024-07-25,2024-08-22,33.11,24,794.64,2
60_IRRAGIN_38348,60,38348,Nobilo Icon Svgn Bl Marlboro,750mL,1392,CONSTELLATION BRANDS INC   ,13486,2024-12-13,2024-12-20,2024-12-28,2025-02-12,9.26,6,55.56,2
28_LARNWICK_4262,28,4262,Capt Morgan Spiced Rum,750mL,3960,DIAGEO NORTH AMERICA INC   ,11794,2024-08-24,2024-08-29,2024-09-09,2024-10-06,11.19,10,111.9,1
59_CLAETHORPES_38105,59,38105,Canyon Oaks Chard Cal,1.5L,10754,PERFECTA WINES             ,9463,2024-03-22,2024-03-30,2024-04-11,2024-05-14,8.05,6,48.3,2
76_DONCASTER_19926,76,19926,Santa Rita RSV Svgn Bl,750mL,6785,PALM BAY INTERNATIONAL INC ,10554,2024-06-06,2024-06-18,2024-06-21,2024-07-24,6.53,10,65.3,2
32_MOUNTMEND_377,32,377,Hendrick's Gin,Liter,3664,WILLIAM GRANT & SONS INC   ,13178,2024-11-22,2024-12-01,2024-12-09,2025-01-15,28.35,6,170.1,1
41_LARNWICK_3580,41,3580,Smirnoff Orange Vodka,750mL,3960,DIAGEO NORTH AMERICA INC   ,11493,2024-08-04,2024-08-10,2024-08-17,2024-10-02,8.08,11,88.88,1
60_IRRAGIN_35412,60,35412,Yellow Tail Chard Ausl,1.5L,4425,MARTIGNETTI COMPANIES,12711,2024-10-21,2024-10-27,2024-11-06,2024-12-08,5.97,77,459.69,2
67_EANVERNESS_3980,67,3980,Hornitos Reposado Tequila,1.75L,12546,JIM BEAM BRANDS COMPANY    ,10654,2024-06-13,2024-06-21,2024-07-04,2024-08-04,31.99,3,95.97,1
23_ARBINGTON_14129,23,14129,14 Hands Hot to Trot Red,750mL,8673,STE MICHELLE WINE ESTATES  ,10827,2024-06-24,2024-06-29,2024-07-08,2024-08-08,6.01,82,492.82,2
79_BALLYMENA_41252,79,41252,Beringer Classic Pnt Grigio,1.5L,9819,TREASURY WINE ESTATES      ,10909,2024-06-25,2024-07-02,2024-07-11,2024-08-08,5.13,15,76.95,2
77_TAMWORTH_3050,77,3050,Bowman Vodka,1.75L,8004,SAZERAC CO INC             ,8732,2024-02-01,2024-02-09,2024-02-17,2024-03-20,6.51,4,26.04,1
76_DONCASTER_32915,76,32915,Kim Crawford Svgn Bl Marlbro,750mL,1392,CONSTELLATION BRANDS INC   ,11071,2024-07-05,2024-07-11,2024-07-18,2024-09-03,9.99,12,119.88,2
62_KILMARNOCK_3804,62,3804,Svedka Vodka,750mL,1392,CONSTELLATION BRANDS INC   ,13375,2024-12-06,2024-12-14,2024-12-20,2025-01-28,7.63,11,83.93,1
68_SOLARIS_40425,68,40425,Mionetto Prosecco Brut,750mL,9552,M S WALKER INC             ,13532,2024-12-15,2024-12-21,2024-12-27,2025-01-27,6.42,7,44.94,2
44_PORTHCRAWL_6742,44,6742,Rodney Strong Chalk Hill Cha,750mL,4425,MARTIGNETTI COMPANIES,12047,2024-09-11,2024-09-23,2024-10-02,2024-10-29,12.49,36,449.64,2
10_HORNSEY_10676,10,10676,W Hill RSV Cab Svgn,750mL,3252,E & J GALLO WINERY         ,13358,2024-12-05,2024-12-15,2024-12-21,2025-02-01,28.1,6,168.6,2
55_DRY GULCH_4245,55,4245,Bacardi Superior Rum,750mL,480,BACARDI USA INC            ,9738,2024-04-11,2024-04-19,2024-04-30,2024-05-26,7.93,12,95.16,1
54_GUTHRAM_34460,54,34460,Dr Loosen Rsl 'Dr L' M,750mL,4425,MARTIGNETTI COMPANIES,8917,2024-02-14,2024-02-26,2024-02-29,2024-04-15,7.23,12,86.76,2
34_PITMERDEN_3826,34,3826,Skyy Vodka,1.75L,11567,CAMPARI AMERICA            ,10097,2024-05-06,2024-05-10,2024-05-21,2024-06-22,15.74,16,251.84,1
35_HALIVAARA_4689,35,4689,Hennessy Privilege VSOP,750mL,8112,MOET HENNESSY USA INC      ,13654,2024-12-23,2024-12-29,2025-01-03,2025-02-14,33.33,3,99.99,1
79_BALLYMENA_5739,79,5739,Malibu Rum,50mL,17035,PERNOD RICARD USA          ,11250,2024-07-18,2024-07-27,2024-08-08,2024-09-08,1.53,120,183.6,1
34_PITMERDEN_8512,34,8512,Baileys Irish Cream,750mL,3960,DIAGEO NORTH AMERICA INC   ,13597,2024-12-20,2024-12-27,2025-01-10,2025-02-08,14.72,121,1781.12,1
34_PITMERDEN_8111,34,8111,Smirnoff 80 Proof,50mL,3960,DIAGEO NORTH AMERICA INC   ,9585,2024-03-31,2024-04-06,2024-04-15,2024-05-26,0.77,89,68.53,1
49_GARIGILL_3246,49,3246,Bentley's Vodka,1.75L,8004,SAZERAC CO INC             ,9365,2024-03-16,2024-03-25,2024-03-29,2024-05-10,6.71,4,26.84,1
21_BALERNO_37828,21,37828,Yellow Tail Shiraz/Cab Ausl,1.5L,4425,MARTIGNETTI COMPANIES,8696,2024-01-29,2024-02-02,2024-02-14,2024-03-25,6.66,6,39.96,2
67_EANVERNESS_10957,67,10957,Seaglass Svgn Bl Snt Barbara,750mL,8892,TRINCHERO FAMILY ESTATES   ,10018,2024-04-29,2024-05-06,2024-05-12,2024-06-13,6.12,10,61.2,2
41_LARNWICK_5031,41,5031,DeKuyper Peppermint Schnapp,1.75L,12546,JIM BEAM BRANDS COMPANY    ,11867,2024-08-30,2024-09-07,2024-09-13,2024-10-18,11.71,4,46.84,1
78_EASTHAVEN_6174,78,6174,Columbia Crest Grand Merlot,750mL,8673,STE MICHELLE WINE ESTATES  ,12209,2024-09-21,2024-09-26,2024-10-09,2024-11-18,5.8,12,69.6,2
67_EANVERNESS_28163,67,28163,Villa Maria Svgn Bl Pvt Bin,750mL,8673,STE MICHELLE WINE ESTATES  ,11876,2024-08-30,2024-09-05,2024-09-20,2024-10-19,6.82,12,81.84,2
56_BEGGAR'S HOLE_41711,56,41711,Fish Eye Cab Svgn,750mL,9815,WINE GROUP INC             ,11605,2024-08-10,2024-08-16,2024-08-26,2024-10-02,3.22,11,35.42,2
41_LARNWICK_39437,41,39437,Columbia Crest Two Cab Svgn,750mL,8673,STE MICHELLE WINE ESTATES  ,10903,2024-06-25,2024-07-02,2024-07-11,2024-08-10,4.51,12,54.12,2
38_GOULCREST_25590,38,25590,Cross Springs Pnt Nr Colusa,750mL,2000,SOUTHERN WINE & SPIRITS NE ,11932,2024-09-02,2024-09-08,2024-09-13,2024-10-17,5.91,27,159.57,2
40_BULLMAR_8480,40,8480,Clan MacGregor,1.75L,3664,WILLIAM GRANT & SONS INC   ,9582,2024-03-30,2024-04-07,2024-04-12,2024-05-28,11.19,6,67.14,1
23_ARBINGTON_19662,23,19662,Santa Rita 120 Svgn Bl,750mL,6785,PALM BAY INTERNATIONAL INC ,13547,2024-12-16,2024-12-20,2025-01-03,2025-02-10,4.07,12,48.84,2
33_HORNSEY_8066,33,8066,DeKuyper Triple Sec,1.75L,12546,JIM BEAM BRANDS COMPANY    ,11211,2024-07-15,2024-07-19,2024-07-25,2024-08-26,7.13,6,42.78,1
39_EASTHALLOW_4363,39,4363,Capt Morgan Black Spiced Rum,1.75L,3960,DIAGEO NORTH AMERICA INC   ,9320,2024-03-13,2024-03-24,2024-04-02,2024-05-13,23.73,6,142.38,1
21_BALERNO_38178,21,38178,Rex Goliath Cab Svgn,750mL,1392,CONSTELLATION BRANDS INC   ,10552,2024-06-06,2024-06-14,2024-06-22,2024-07-27,4.13,12,49.56,2
6_GOULCREST_3348,6,3348,Bombay Sapphire Gin,1.75L,480,BACARDI USA INC            ,11491,2024-08-04,2024-08-12,2024-08-17,2024-09-20,22.38,1,22.38,1
55_DRY GULCH_5191,55,5191,Fireball Cinnamon Whiskey,375mL,8004,SAZERAC CO INC             ,10557,2024-06-06,2024-06-14,2024-06-26,2024-07-27,7.93,23,182.39,1
59_CLAETHORPES_3464,59,3464,UV Blue Raspberry Vodka,1.75L,9206,PHILLIPS PRODUCTS CO.      ,11616,2024-08-11,2024-08-19,2024-08-27,2024-10-02,10.06,4,40.24,1
62_KILMARNOCK_1770,62,1770,Jack Daniels Tennessee Fire,1.75L,1128,BROWN-FORMAN CORP          ,10201,2024-05-13,2024-05-18,2024-05-24,2024-07-08,26.42,5,132.1,1
68_SOLARIS_41712,68,41712,Fish Eye Chard,750mL,9815,WINE GROUP INC             ,9277,2024-03-09,2024-03-19,2024-03-23,2024-05-08,3.28,11,36.08,2
38_GOULCREST_3704,38,3704,Ciroc Pineapple Vodka,750mL,3960,DIAGEO NORTH AMERICA INC   ,12044,2024-09-11,2024-09-23,2024-09-29,2024-11-13,18.37,12,220.44,1
8_ALNERWICK_35414,8,35414,Yellow Tail Shiraz Ausl,1.5L,4425,MARTIGNETTI COMPANIES,12848,2024-10-31,2024-11-08,2024-11-20,2024-12-21,6.13,6,36.78,2
49_GARIGILL_5445,49,5445,Jagermeister Liqueur,750mL,3089,SIDNEY FRANK IMPORTING CO  ,8667,2024-01-27,2024-02-03,2024-02-15,2024-03-15,11.76,12,141.12,1
66_EANVERNESS_46379,66,46379,Ghost Pine Cab Svgn LMartini,750mL,3252,E & J GALLO WINERY         ,8879,2024-02-11,2024-02-19,2024-02-25,2024-04-06,9.39,11,103.29,2
66_EANVERNESS_27735,66,27735,Bogle Cab Svgn Cal,750mL,4425,MARTIGNETTI COMPANIES,11928,2024-09-02,2024-09-07,2024-09-14,2024-10-24,6.53,11,71.83,2
66_EANVERNESS_3343,66,3343,Bombay Sapphire Gin,375mL,480,BACARDI USA INC            ,12988,2024-11-09,2024-11-15,2024-11-25,2024-12-22,9.46,11,104.06,1
15_WANBORNE_5810,15,5810,Cuervo Watermelon Margaritas,1.75L,7245,PROXIMO SPIRITS INC.       ,8852,2024-02-09,2024-02-18,2024-02-28,2024-04-04,10.6,6,63.6,1
12_LEESIDE_8498,12,8498,R M Woodbridge Svgn Bl Cal,1.5L,1392,CONSTELLATION BRANDS INC   ,12518,2024-10-09,2024-10-18,2024-10-24,2024-11-28,5.84,5,29.2,2
54_GUTHRAM_3643,54,3643,Caldwells Vodka,1.75L,9552,M S WALKER INC             ,8462,2024-01-13,2024-01-22,2024-01-30,2024-03-08,7.71,6,46.26,1
9_BLACKPOOL_36770,9,36770,Yellow Tail Cab Svgn Ausl,1.5L,4425,MARTIGNETTI COMPANIES,10720,2024-06-17,2024-06-22,2024-07-01,2024-07-30,6.13,6,36.78,2
48_NORFOLK_4258,48,4258,Bacardi Mango Fusion,750mL,480,BACARDI USA INC            ,12690,2024-10-20,2024-10-27,2024-11-04,2024-12-12,7.35,11,80.85,1
32_MOUNTMEND_3606,32,3606,Smirnoff Raspberry Vodka,50mL,3960,DIAGEO NORTH AMERICA INC   ,11996,2024-09-07,2024-09-14,2024-09-21,2024-10-25,0.74,110,81.4,1
76_DONCASTER_1003,76,1003,Crown Royal +2 Reusable Cups,750mL,3960,DIAGEO NORTH AMERICA INC   ,13487,2024-12-13,2024-12-20,2024-12-29,2025-02-06,16.66,5,83.3,1
76_DONCASTER_2788,76,2788,Laphroaig 10 Yr Single Malt,750mL,12546,JIM BEAM BRANDS COMPANY    ,9087,2024-02-25,2024-02-29,2024-03-07,2024-04-14,31.24,10,312.4,1
50_MOUNTMEND_3363,50,3363,Lunazul Reposado Tequila,750mL,3924,HEAVEN HILL DISTILLERIES   ,11611,2024-08-11,2024-08-17,2024-08-22,2024-09-22,9.69,24,232.56,1
2_ASHBORNE_17177,2,17177,Beringer Classic Merlot,1.5L,9819,TREASURY WINE ESTATES      ,13236,2024-11-25,2024-11-28,2024-12-05,2025-01-05,5.45,18,98.1,2
12_LEESIDE_21317,12,21317,Bartenura Moscato,750mL,4425,MARTIGNETTI COMPANIES,10943,2024-06-27,2024-07-07,2024-07-13,2024-08-28,9.33,12,111.96,2
49_GARIGILL_3368,49,3368,Pinnacle Grape Vodka,1.75L,12546,JIM BEAM BRANDS COMPANY    ,13056,2024-11-14,2024-11-22,2024-11-28,2025-01-15,12.22,6,73.32,1
64_CESTERFIELD_2973,64,2973,Eagle Rare Single Barrel Bo,750mL,8004,SAZERAC CO INC             ,13602,2024-12-20,2024-12-29,2025-01-05,2025-02-17,19.85,5,99.25,1
16_LUNDY_3614,16,3614,Finlandia Vodka,1.75L,1128,BROWN-FORMAN CORP          ,12672,2024-10-19,2024-10-29,2024-11-01,2024-12-13,15.99,6,95.94,1
76_DONCASTER_25725,76,25725,Prophecy Svgn Bl,750mL,3252,E & J GALLO WINERY         ,12417,2024-10-02,2024-10-12,2024-10-20,2024-11-30,5.4,12,64.8,2
38_GOULCREST_11828,38,11828,Cupcake Svgn Bl,750mL,9815,WINE GROUP INC             ,12124,2024-09-15,2024-09-20,2024-10-02,2024-10-29,3.97,11,43.67,2
58_HARTLEPOOL_3464,58,3464,UV Blue Raspberry Vodka,1.75L,9206,PHILLIPS PRODUCTS CO.      ,9756,2024-04-12,2024-04-21,2024-05-03,2024-06-09,10.06,6,60.36,1
81_PEMBROKE_4243,81,4243,Bacardi Superior Rum,1.75L,480,BACARDI USA INC            ,13539,2024-12-16,2024-12-22,2024-12-28,2025-02-12,14.49,16,231.84,1
25_CAERSHIRE_3405,25,3405,Tito's Handmade Vodka,1.75L,4425,MARTIGNETTI COMPANIES,11166,2024-07-12,2024-07-19,2024-07-29,2024-09-10,23.19,9,208.71,1
31_HORNSEY_3668,31,3668,Belvedere Polish Vodka,1.75L,8112,MOET HENNESSY USA INC      ,12917,2024-11-04,2024-11-10,2024-11-14,2024-12-25,34.12,6,204.72,1
56_BEGGAR'S HOLE_8275,56,8275,El Mayor Anejo Tequila,750mL,8352,LUXCO INC                  ,9607,2024-04-01,2024-04-06,2024-04-12,2024-05-12,20.71,6,124.26,1
65_LUTON_46379,65,46379,Ghost Pine Cab Svgn LMartini,750mL,3252,E & J GALLO WINERY         ,13321,2024-12-02,2024-12-07,2024-12-19,2025-01-27,9.39,12,112.68,2
55_DRY GULCH_22194,55,22194,Placido Pinot Grigio Venezi,1.5L,516,BANFI PRODUCTS CORP        ,13503,2024-12-14,2024-12-22,2025-01-03,2025-01-29,7.48,6,44.88,2
66_EANVERNESS_5921,66,5921,RumChata Liqueur,750mL,6213,MHW LTD                    ,12472,2024-10-05,2024-10-14,2024-10-18,2024-12-01,14.81,5,74.05,1
32_MOUNTMEND_24002,32,24002,Corbett Canyon Chard,1.5L,9815,WINE GROUP INC             ,11243,2024-07-17,2024-07-29,2024-08-08,2024-09-06,4.63,6,27.78,2
21_BALERNO_8413,21,8413,St Elder Elderflower Liqueur,750mL,9552,M S WALKER INC             ,13379,2024-12-06,2024-12-15,2024-12-23,2025-01-22,14.28,12,171.36,1
22_SHARNWICK_3684,22,3684,Fleischmanns Royal Vodka,1.75L,660,SAZERAC NORTH AMERICA INC. ,9407,2024-03-18,2024-03-24,2024-04-03,2024-05-08,7.68,4,30.72,1
73_DONCASTER_6535,73,6535,Sandeman Tawny Port,750mL,17035,PERNOD RICARD USA          ,11250,2024-07-18,2024-07-30,2024-08-08,2024-09-08,7.14,1,7.14,2
73_DONCASTER_3532,73,3532,Milagro Reposado Tequila,750mL,3664,WILLIAM GRANT & SONS INC   ,10981,2024-06-29,2024-07-08,2024-07-15,2024-08-13,20.58,8,164.64,1
7_STANMORE_3253,7,3253,Gilbeys London Dry,1.75L,12546,JIM BEAM BRANDS COMPANY    ,10654,2024-06-13,2024-06-24,2024-07-04,2024-08-04,9.08,28,254.24,1
50_MOUNTMEND_5714,50,5714,Jose Cuervo Lime Margarita,200mL 4 Pk,7245,PROXIMO SPIRITS INC.       ,11088,2024-07-06,2024-07-14,2024-07-22,2024-08-27,7.14,6,42.84,1
53_HILLFAR_3243,53,3243,Burnetts Vodka,1.75L,3924,HEAVEN HILL DISTILLERIES   ,8273,2023-12-31,2024-01-06,2024-01-18,2024-02-15,8.26,6,49.56,1
7_STANMORE_1346,7,1346,Knob Creek Bourbon,750mL,12546,JIM BEAM BRANDS COMPANY    ,8142,2023-12-22,2024-01-02,2024-01-06,2024-02-19,22.55,6,135.3,1
42_BLACK HOLLOW_44038,42,44038,Barefoot Pnt Grigio Cal,1.5L,3252,E & J GALLO WINERY         ,10617,2024-06-10,2024-06-15,2024-06-24,2024-08-01,5.86,6,35.16,2
50_MOUNTMEND_8323,50,8323,Jose Cuervo Gold w/Marg Mix,750mL,7245,PROXIMO SPIRITS INC.       ,13617,2024-12-21,2024-12-30,2025-01-10,2025-02-10,11.9,10,119.0,1
73_DONCASTER_23827,73,23827,Fattoria di Basciano Chianti,750mL,10754,PERFECTA WINES             ,9401,2024-03-18,2024-03-22,2024-03-30,2024-05-12,9.93,12,119.16,2
8_ALNERWICK_8068,8,8068,Absolut 80 Proof,1.75L,17035,PERNOD RICARD USA          ,9440,2024-03-21,2024-03-29,2024-04-10,2024-05-17,18.24,9,164.16,1
12_LEESIDE_5767,12,5767,Jose Cuervo Strawberry Marg,1.75L,7245,PROXIMO SPIRITS INC.       ,11291,2024-07-20,2024-07-28,2024-08-07,2024-09-08,10.36,5,51.8,1
64_CESTERFIELD_26885,64,26885,Jolivet Sancerre,750mL,9744,FREDERICK WILDMAN & SONS   ,11658,2024-08-15,2024-08-23,2024-08-30,2024-10-11,13.07,12,156.84,2
49_GARIGILL_3637,49,3637,Zhenka Vodka Plastic,750mL,9552,M S WALKER INC             ,13379,2024-12-06,2024-12-16,2024-12-23,2025-01-22,3.89,10,38.9,1
61_AETHELNEY_39593,61,39593,Redwood Creek Pnt Nr Cal,1.5L,3252,E & J GALLO WINERY         ,10396,2024-05-26,2024-06-01,2024-06-10,2024-07-10,6.33,6,37.98,2
33_HORNSEY_1737,33,1737,Makers Mark,1.75L,12546,JIM BEAM BRANDS COMPANY    ,13452,2024-12-11,2024-12-19,2025-01-01,2025-02-11,34.3,4,137.2,1
78_EASTHAVEN_3835,78,3835,Smirnoff Raspberry Vodka,750mL,3960,DIAGEO NORTH AMERICA INC   ,11794,2024-08-24,2024-08-29,2024-09-09,2024-10-06,8.2,24,196.8,1
10_HORNSEY_6495,10,6495,Exotico Blanco Tequila,750mL,8352,LUXCO INC                  ,11230,2024-07-17,2024-07-29,2024-08-02,2024-09-05,11.02,12,132.24,1
34_PITMERDEN_19934,34,19934,Perrin Cotes du Rhone RSV Rg,750mL,1587,VINEYARD BRANDS INC        ,8587,2024-01-21,2024-01-25,2024-02-03,2024-03-16,6.7,12,80.4,2
30_CULCHETH_3246,30,3246,Bentley's Vodka,1.75L,8004,SAZERAC CO INC             ,13602,2024-12-20,2024-12-29,2025-01-05,2025-02-17,6.71,15,100.65,1
2_ASHBORNE_3148,2,3148,Ciroc Mango Vodka,1.75L,3960,DIAGEO NORTH AMERICA INC   ,13320,2024-12-02,2024-12-08,2024-12-19,2025-01-13,35.24,6,211.44,1
20_BREDWARDINE_4722,20,4722,Remy Martin VSOP Cognac,750mL,7239,REMY COINTREAU USA INC     ,13195,2024-11-23,2024-11-28,2024-12-13,2025-01-11,27.77,12,333.24,1
42_BLACK HOLLOW_2656,42,2656,Cutty Sark,1.75L,2561,EDRINGTON AMERICAS         ,8679,2024-01-28,2024-02-02,2024-02-10,2024-03-23,19.52,6,117.12,1
76_DONCASTER_4225,76,4225,Goslings Black Seal Bermuda,1.75L,1485,CASTLE BRANDS CORP.        ,12673,2024-10-19,2024-10-26,2024-11-03,2024-12-04,18.37,1,18.37,1
60_IRRAGIN_1889,60,1889,El Toro Gold Tequila,Liter,660,SAZERAC NORTH AMERICA INC. ,13094,2024-11-16,2024-11-21,2024-12-06,2024-12-31,5.5,12,66.0,1
56_BEGGAR'S HOLE_6937,56,6937,Cavit Pinot Grigio,1.5L,6785,PALM BAY INTERNATIONAL INC ,11596,2024-08-10,2024-08-17,2024-08-23,2024-10-05,6.75,33,222.75,2
68_SOLARIS_31497,68,31497,Barefoot Svgn Bl Cal,1.5L,3252,E & J GALLO WINERY         ,11431,2024-07-31,2024-08-12,2024-08-21,2024-10-01,7.28,5,36.4,2
26_KNIFE'S EDGE_1738,26,1738,Ole Smoky Moonshine Cherries,750mL,6359,OLE SMOKY DISTILLERY LLC   ,13578,2024-12-19,2024-12-29,2025-01-06,2025-02-08,14.72,6,88.32,1
76_DONCASTER_72,76,72,No. 3 London Dry Gin,750mL,9165,ULTRA BEVERAGE COMPANY LLP ,12947,2024-11-06,2024-11-17,2024-11-22,2025-01-08,26.11,6,156.66,1
34_PITMERDEN_7302,34,7302,Marques de Caceres Rioja Re,750mL,1587,VINEYARD BRANDS INC        ,10629,2024-06-10,2024-06-13,2024-06-27,2024-07-30,6.42,12,77.04,2
38_GOULCREST_22995,38,22995,Valckenberg Pinot Blanc,750mL,10754,PERFECTA WINES             ,11825,2024-08-26,2024-09-03,2024-09-11,2024-10-17,8.84,12,106.08,2
67_EANVERNESS_2465,67,2465,Crown Royal Mini,50mL,3960,DIAGEO NORTH AMERICA INC   ,12841,2024-10-31,2024-11-07,2024-11-14,2024-12-27,2.15,60,129.0,1
20_BREDWARDINE_10420,20,10420,Barefoot Moscato Cal,750mL,3252,E & J GALLO WINERY         ,8238,2023-12-29,2024-01-05,2024-01-18,2024-02-14,3.35,12,40.2,2
69_MOUNTMEND_8489,69,8489,Rastignac XO Cognac,750mL,7153,PINE STATE TRADING CO      ,12997,2024-11-09,2024-11-18,2024-11-28,2025-01-08,43.7,12,524.4,1
13_TARMSWORTH_4195,13,4195,Calico Jack Spiced Rum No 94,750mL,12546,JIM BEAM BRANDS COMPANY    ,8800,2024-02-05,2024-02-10,2024-02-19,2024-04-01,8.65,12,103.8,1
54_GUTHRAM_29621,54,29621,Schmitt Sohne Spatlese,750mL,9552,M S WALKER INC             ,10229,2024-05-15,2024-05-27,2024-06-05,2024-07-08,8.21,12,98.52,2
60_IRRAGIN_17345,60,17345,Bogle Essential Red,750mL,4425,MARTIGNETTI COMPANIES,10193,2024-05-12,2024-05-19,2024-05-29,2024-07-09,6.01,48,288.48,2
7_STANMORE_19507,7,19507,Geyser Peak Svgn Bl,750mL,2000,SOUTHERN WINE & SPIRITS NE ,10164,2024-05-10,2024-05-17,2024-05-25,2024-07-03,4.99,24,119.76,2
34_PITMERDEN_6725,34,6725,Franzia Crisp White Tap,5L,9815,WINE GROUP INC             ,13267,2024-11-28,2024-12-07,2024-12-15,2025-01-20,8.44,3,25.32,2
19_WINTERVALE_4626,19,4626,Meukow VS Cognac,750mL,660,SAZERAC NORTH AMERICA INC. ,10558,2024-06-06,2024-06-16,2024-06-20,2024-08-04,11.19,3,33.57,1
73_DONCASTER_8342,73,8342,Korbel X Dry,750mL,1128,BROWN-FORMAN CORP          ,13224,2024-11-25,2024-11-28,2024-12-08,2025-01-15,8.21,11,90.31,2
10_HORNSEY_3802,10,3802,Three Olives Vodka,1.75L,7245,PROXIMO SPIRITS INC.       ,8396,2024-01-08,2024-01-13,2024-01-22,2024-03-04,13.43,11,147.73,1
53_HILLFAR_3643,53,3643,Caldwells Vodka,1.75L,9552,M S WALKER INC             ,9218,2024-03-06,2024-03-18,2024-03-24,2024-05-05,7.71,29,223.59,1
62_KILMARNOCK_5253,62,5253,Kahlua Original Mudslide RTD,1.75L,17035,PERNOD RICARD USA          ,10503,2024-06-02,2024-06-08,2024-06-16,2024-07-25,11.84,6,71.04,1
61_AETHELNEY_3102,61,3102,Smirnoff Traveler,1.75L,3960,DIAGEO NORTH AMERICA INC   ,10126,2024-05-09,2024-05-17,2024-05-31,2024-07-04,12.94,1,12.94,1
70_KELD_44915,70,44915,Broadbent Vinho Verde Wh,750mL,90024,VINILANDIA USA             ,10237,2024-05-15,2024-05-27,2024-06-05,2024-07-16,6.45,12,77.4,2
50_MOUNTMEND_8288,50,8288,Korbel Brut,750mL,1128,BROWN-FORMAN CORP          ,13468,2024-12-12,2024-12-19,2024-12-28,2025-02-07,7.94,21,166.74,2
1_HARDERSFIELD_10421,1,10421,Barefoot Moscato Cal,1.5L,3252,E & J GALLO WINERY         ,10118,2024-05-08,2024-05-18,2024-05-26,2024-06-28,5.9,6,35.4,2
48_NORFOLK_2127,48,2127,Canadian Ltd,1.75L,660,SAZERAC NORTH AMERICA INC. ,13008,2024-11-10,2024-11-17,2024-11-28,2025-01-04,7.19,28,201.32,1
66_EANVERNESS_4062,66,4062,Goslings Dark'N Stormy RTD,250mL 4 Pk,1485,CASTLE BRANDS CORP.        ,11412,2024-07-29,2024-08-02,2024-08-13,2024-09-24,5.83,4,23.32,1
67_EANVERNESS_3489,67,3489,Tanqueray,1.75L,3960,DIAGEO NORTH AMERICA INC   ,12676,2024-10-19,2024-10-27,2024-11-06,2024-12-05,20.73,21,435.33,1
38_GOULCREST_32263,38,32263,Lindemans Bin 65 Chard,1.5L,4425,MARTIGNETTI COMPANIES,8726,2024-02-01,2024-02-10,2024-02-17,2024-03-24,6.8,28,190.4,2
31_HORNSEY_8653,31,8653,M & R Extra Dry Vermouth,375mL,480,BACARDI USA INC            ,9389,2024-03-18,2024-03-24,2024-04-02,2024-04-30,3.53,24,84.72,2
11_CARDEND_41034,11,41034,Menage a Trois Red,750mL,8892,TRINCHERO FAMILY ESTATES   ,11184,2024-07-13,2024-07-21,2024-07-31,2024-09-04,5.26,23,120.98,2
69_MOUNTMEND_13949,69,13949,Cade Cab Svgn Napa Cuvee,750mL,4425,MARTIGNETTI COMPANIES,12201,2024-09-21,2024-09-29,2024-10-09,2024-11-14,39.03,1,39.03,2
62_KILMARNOCK_24592,62,24592,Vendange Cab Svgn,1.5L,1392,CONSTELLATION BRANDS INC   ,11956,2024-09-05,2024-09-14,2024-09-20,2024-10-27,4.69,4,18.76,2
67_EANVERNESS_6411,67,6411,Avion Reposado Tequila,750mL,17035,PERNOD RICARD USA          ,12546,2024-10-10,2024-10-18,2024-10-26,2024-12-04,34.07,12,408.84,1
39_EASTHALLOW_8512,39,8512,Baileys Irish Cream,750mL,3960,DIAGEO NORTH AMERICA INC   ,9451,2024-03-22,2024-03-28,2024-04-06,2024-05-10,14.72,10,147.2,1
2_ASHBORNE_9037,2,9037,Prairie Organic Cucumber Vod,750mL,9206,PHILLIPS PRODUCTS CO.      ,10945,2024-06-27,2024-07-05,2024-07-13,2024-08-18,11.93,6,71.58,1
23_ARBINGTON_8512,23,8512,Baileys Irish Cream,750mL,3960,DIAGEO NORTH AMERICA INC   ,9624,2024-04-03,2024-04-14,2024-04-18,2024-05-24,14.72,10,147.2,1
76_DONCASTER_8120,76,8120,Tribuno Sweet Vermouth,1.5L,9815,WINE GROUP INC             ,9045,2024-02-22,2024-02-29,2024-03-13,2024-04-08,7.08,6,42.48,1
39_EASTHALLOW_14240,39,14240,Ninety+Cellars Lot 2 Svgn Bl,750mL,4950,LATITUDE BEVERAGE COMPANY  ,9376,2024-03-17,2024-03-24,2024-03-28,2024-05-11,5.36,6,32.16,2
76_DONCASTER_3133,76,3133,Svedka Strwbry Lemonad Vodka,750mL,1392,CONSTELLATION BRANDS INC   ,12792,2024-10-27,2024-11-01,2024-11-08,2024-12-16,8.79,12,105.48,1
67_EANVERNESS_3427,67,3427,Stolichnaya Blueberi,1.75L,8664,"STOLI GROUP,(USA) LLC      ",10964,2024-06-28,2024-07-07,2024-07-13,2024-08-13,17.85,11,196.35,1
1_HARDERSFIELD_6725,1,6725,Franzia Crisp White Tap,5L,9815,WINE GROUP INC             ,10376,2024-05-24,2024-05-31,2024-06-09,2024-07-11,8.44,7,59.08,2
1_HARDERSFIELD_29352,1,29352,Elk Cove Pnt Gris Ore,750mL,4425,MARTIGNETTI COMPANIES,8276,2023-12-31,2024-01-08,2024-01-18,2024-02-28,11.91,12,142.92,2
15_WANBORNE_2127,15,2127,Canadian Ltd,1.75L,660,SAZERAC NORTH AMERICA INC. ,11599,2024-08-10,2024-08-19,2024-08-23,2024-09-23,7.19,18,129.42,1
76_DONCASTER_6596,76,6596,Kenwood Svgn Bl Sonoma,750mL,17035,PERNOD RICARD USA          ,13477,2024-12-12,2024-12-22,2025-01-03,2025-02-02,5.97,12,71.64,2
76_DONCASTER_37984,76,37984,Barone Fini Pnt Gr Valdadige,750mL,4425,MARTIGNETTI COMPANIES,12730,2024-10-23,2024-10-31,2024-11-11,2024-12-18,7.58,11,83.38,2
55_DRY GULCH_7931,55,7931,Tooters Blu-D Kamikazi 15 Pk,375mL,5270,MANGO BOTTLING INC         ,12698,2024-10-20,2024-10-27,2024-10-31,2024-12-07,6.47,11,71.17,1
79_BALLYMENA_1233,79,1233,Jack Daniels No 7 Black,1.75L,1128,BROWN-FORMAN CORP          ,11311,2024-07-22,2024-07-27,2024-08-01,2024-09-08,26.27,9,236.43,1
1_HARDERSFIELD_38457,1,38457,Smoking Loon Pnt Nr,750mL,9552,M S WALKER INC             ,9323,2024-03-13,2024-03-23,2024-04-02,2024-05-12,4.59,12,55.08,2
38_GOULCREST_6782,38,6782,Peter Vella Delicious Blush,5L,3252,E & J GALLO WINERY         ,8879,2024-02-11,2024-02-18,2024-02-25,2024-04-06,9.65,4,38.6,2
66_EANVERNESS_1637,66,1637,Fleischmanns Preferred,1.75L,660,SAZERAC NORTH AMERICA INC. ,11852,2024-08-29,2024-09-05,2024-09-12,2024-10-26,8.13,6,48.78,1
47_PELLA'S WISH_22143,47,22143,Simi Cab Svgn,750mL,1392,CONSTELLATION BRANDS INC   ,8360,2024-01-06,2024-01-11,2024-01-21,2024-02-25,10.52,48,504.96,2
64_CESTERFIELD_21469,64,21469,St Supery Cab Svgn,750mL,4425,MARTIGNETTI COMPANIES,11978,2024-09-06,2024-09-15,2024-09-21,2024-11-06,19.6,12,235.2,2
6_GOULCREST_8504,6,8504,R M Woodbridge Cab Svgn Cal,1.5L,1392,CONSTELLATION BRANDS INC   ,9331,2024-03-14,2024-03-25,2024-04-04,2024-05-04,5.84,1,5.84,2
77_TAMWORTH_6385,77,6385,Fetzer Sundial Chard,1.5L,9165,ULTRA BEVERAGE COMPANY LLP ,12737,2024-10-23,2024-11-01,2024-11-07,2024-12-22,6.88,6,41.28,2
51_ABERDEEN_31465,51,31465,Franzia Tap Chard,5L,9815,WINE GROUP INC             ,12012,2024-09-07,2024-09-14,2024-09-25,2024-10-28,10.38,3,31.14,2
49_GARIGILL_4262,49,4262,Capt Morgan Spiced Rum,750mL,3960,DIAGEO NORTH AMERICA INC   ,9199,2024-03-04,2024-03-07,2024-03-21,2024-04-29,11.19,11,123.09,1
68_SOLARIS_4262,68,4262,Capt Morgan Spiced Rum,750mL,3960,DIAGEO NORTH AMERICA INC   ,10023,2024-05-01,2024-05-10,2024-05-19,2024-06-21,11.19,21,234.99,1
49_GARIGILL_41065,49,41065,Martin Ray Chard RRV,750mL,9552,M S WALKER INC             ,13138,2024-11-20,2024-11-29,2024-12-09,2025-01-21,11.18,12,134.16,2
57_LANTEGLOS_3316,57,3316,Ciroc Peach Vodka,375mL,3960,DIAGEO NORTH AMERICA INC   ,12044,2024-09-11,2024-09-23,2024-09-29,2024-11-13,8.88,12,106.56,1
2_ASHBORNE_2595,2,2595,Clontarf Irish Whiskey,750mL,1485,CASTLE BRANDS CORP.        ,12830,2024-10-30,2024-11-10,2024-11-18,2024-12-25,12.3,6,73.8,1
77_TAMWORTH_4007,77,4007,Averna Amaro,750mL,11567,CAMPARI AMERICA            ,11545,2024-08-08,2024-08-18,2024-08-29,2024-10-07,21.42,6,128.52,1
12_LEESIDE_2753,12,2753,Johnnie Walker Black Label,1.75L,3960,DIAGEO NORTH AMERICA INC   ,12369,2024-09-28,2024-10-06,2024-10-13,2024-11-24,44.77,6,268.62,1
9_BLACKPOOL_2894,9,2894,Scoresby Rare,1.75L,3960,DIAGEO NORTH AMERICA INC   ,10415,2024-05-27,2024-06-01,2024-06-09,2024-07-13,12.94,5,64.7,1
49_GARIGILL_8599,49,8599,Jenkins Amaretto,750mL,9552,M S WALKER INC             ,12171,2024-09-19,2024-09-30,2024-10-08,2024-11-03,4.44,11,48.84,1
41_LARNWICK_27142,41,27142,Starmont Chard Carneros,750mL,4425,MARTIGNETTI COMPANIES,13362,2024-12-05,2024-12-18,2024-12-26,2025-01-23,7.74,23,178.02,2
74_PAENTMARWY_35668,74,35668,Redwood Creek Merlot Cal,1.5L,3252,E & J GALLO WINERY         ,12812,2024-10-28,2024-11-02,2024-11-11,2024-12-17,7.33,3,21.99,2
50_MOUNTMEND_7205,50,7205,Woodstock Hot Licks,750mL,9165,ULTRA BEVERAGE COMPANY LLP ,13063,2024-11-14,2024-11-21,2024-12-06,2025-01-14,8.91,3,26.73,1
51_ABERDEEN_5444,51,5444,E & J Superior RSV VSOP,1.75L,3252,E & J GALLO WINERY         ,12859,2024-11-01,2024-11-11,2024-11-16,2024-12-20,14.49,6,86.94,1
79_BALLYMENA_19199,79,19199,La Crema Pnt Gris Monterey,750mL,10000,MAJESTIC FINE WINES        ,13191,2024-11-23,2024-11-28,2024-12-10,2025-01-10,11.56,12,138.72,2
56_BEGGAR'S HOLE_8101,56,8101,Tanqueray,50mL,3960,DIAGEO NORTH AMERICA INC   ,12585,2024-10-13,2024-10-18,2024-10-31,2024-11-29,1.47,12,17.64,1
30_CULCHETH_8082,30,8082,Baileys Irish Cream,1.75L,3960,DIAGEO NORTH AMERICA INC   ,13226,2024-11-25,2024-12-01,2024-12-05,2025-01-10,21.73,4,86.92,1
62_KILMARNOCK_11828,62,11828,Cupcake Svgn Bl,750mL,9815,WINE GROUP INC             ,13160,2024-11-21,2024-11-30,2024-12-06,2025-01-20,3.97,12,47.64,2
76_DONCASTER_38953,76,38953,Aldial Naia Rueda White,750mL,9552,M S WALKER INC             ,9422,2024-03-20,2024-04-01,2024-04-08,2024-05-19,8.27,12,99.24,2
30_CULCHETH_4261,30,4261,Capt Morgan Spiced Rum,1.75L,3960,DIAGEO NORTH AMERICA INC   ,11329,2024-07-24,2024-08-01,2024-08-16,2024-09-14,16.17,4,64.68,1
45_VERITAS_6256,45,6256,Sutter Home Chard,1.5L,8892,TRINCHERO FAMILY ESTATES   ,13591,2024-12-19,2024-12-28,2025-01-09,2025-02-18,5.2,2,10.4,2
49_GARIGILL_5392,49,5392,Goldschlager Cinnamon Schnps,750mL,3960,DIAGEO NORTH AMERICA INC   ,11996,2024-09-07,2024-09-14,2024-09-21,2024-10-25,13.63,12,163.56,1
18_FURNESS_3512,18,3512,Pinnacle Vodka,1.75L,12546,JIM BEAM BRANDS COMPANY    ,12523,2024-10-09,2024-10-21,2024-10-30,2024-12-06,11.76,5,58.8,1
30_CULCHETH_5105,30,5105,Dr McGillicuddy's Mentholmnt,1.75L,8004,SAZERAC CO INC             ,10268,2024-05-17,2024-05-23,2024-06-06,2024-07-05,14.81,6,88.86,1
31_HORNSEY_3776,31,3776,Jose Cuervo Especial Silver,1.75L,7245,PROXIMO SPIRITS INC.       ,11088,2024-07-06,2024-07-14,2024-07-22,2024-08-27,18.56,5,92.8,1
40_BULLMAR_35916,40,35916,Stone Cellars Merlot,1.5L,9819,TREASURY WINE ESTATES      ,8600,2024-01-22,2024-01-28,2024-02-07,2024-03-10,5.29,6,31.74,2
76_DONCASTER_43434,76,43434,Phillips Earthquake Cab Svgn,750mL,4425,MARTIGNETTI COMPANIES,8426,2024-01-11,2024-01-19,2024-01-25,2024-03-13,15.58,9,140.22,2
48_NORFOLK_3038,48,3038,Zhenka Raspberry Vodka,1.75L,9552,M S WALKER INC             ,9218,2024-03-06,2024-03-14,2024-03-24,2024-05-05,7.13,5,35.65,1
11_CARDEND_8232,11,8232,Riunite Lambrusco,1.5L,516,BANFI PRODUCTS CORP        ,11542,2024-08-08,2024-08-18,2024-08-27,2024-09-26,6.24,6,37.44,2
59_CLAETHORPES_27145,59,27145,Schmitt Sohne QbA,750mL,9552,M S WALKER INC             ,9218,2024-03-06,2024-03-16,2024-03-24,2024-05-05,6.03,12,72.36,2
73_DONCASTER_17915,73,17915,Thorny Rose Svgn Bl NZ,750mL,1392,CONSTELLATION BRANDS INC   ,9065,2024-02-24,2024-03-03,2024-03-13,2024-04-13,5.8,12,69.6,2
69_MOUNTMEND_6256,69,6256,Sutter Home Chard,1.5L,8892,TRINCHERO FAMILY ESTATES   ,9272,2024-03-09,2024-03-15,2024-03-23,2024-05-01,5.2,6,31.2,2
68_SOLARIS_3893,68,3893,Zhenka 80 Proof,1.75L,9552,M S WALKER INC             ,10383,2024-05-25,2024-06-02,2024-06-10,2024-07-16,7.93,6,47.58,1
4_EANVERNESS_7345,4,7345,M & R Asti,750mL,480,BACARDI USA INC            ,13103,2024-11-17,2024-11-22,2024-12-01,2025-01-03,6.75,71,479.25,2
67_EANVERNESS_21469,67,21469,St Supery Cab Svgn,750mL,4425,MARTIGNETTI COMPANIES,12318,2024-09-25,2024-10-04,2024-10-17,2024-11-12,19.6,12,235.2,2
66_EANVERNESS_24086,66,24086,Hess Select Chard,750mL,4425,MARTIGNETTI COMPANIES,10757,2024-06-20,2024-06-28,2024-07-07,2024-08-21,7.14,12,85.68,2
66_EANVERNESS_41711,66,41711,Fish Eye Cab Svgn,750mL,9815,WINE GROUP INC             ,13132,2024-11-18,2024-11-21,2024-12-06,2025-01-15,3.22,12,38.64,2
56_BEGGAR'S HOLE_3769,56,3769,Jenkins Vodka,1.75L,9552,M S WALKER INC             ,11287,2024-07-20,2024-07-29,2024-08-03,2024-09-16,7.02,16,112.32,1
13_TARMSWORTH_8498,13,8498,R M Woodbridge Svgn Bl Cal,1.5L,1392,CONSTELLATION BRANDS INC   ,10291,2024-05-19,2024-05-25,2024-06-01,2024-07-12,5.84,12,70.08,2
79_BALLYMENA_3086,79,3086,Ciroc Coconut Vodka,1.75L,3960,DIAGEO NORTH AMERICA INC   ,9919,2024-04-24,2024-05-03,2024-05-10,2024-06-11,35.03,6,210.18,1
45_VERITAS_46202,45,46202,Yellow Tail Pnt Grigio Ausl,1.5L,4425,MARTIGNETTI COMPANIES,13652,2024-12-23,2024-12-28,2025-01-09,2025-02-18,6.05,12,72.6,2
66_EANVERNESS_3040,66,3040,Tito's Handmade Vodka,Liter,4425,MARTIGNETTI COMPANIES,9481,2024-03-23,2024-03-29,2024-04-04,2024-05-05,16.54,12,198.48,1
52_GRAYCOTT_4734,52,4734,Capt Morgan Cannon Blast,750mL,3960,DIAGEO NORTH AMERICA INC   ,8721,2024-02-01,2024-02-12,2024-02-17,2024-03-20,11.9,6,71.4,1
18_FURNESS_37731,18,37731,Corbett Canyon Chard,3L,9815,WINE GROUP INC             ,12773,2024-10-25,2024-11-04,2024-11-07,2024-12-19,6.7,6,40.2,2
57_LANTEGLOS_35664,57,35664,Redwood Creek Cab Svgn Cal,1.5L,3252,E & J GALLO WINERY         ,11924,2024-09-02,2024-09-05,2024-09-20,2024-10-20,6.5,6,39.0,2
66_EANVERNESS_4939,66,4939,Kapali Coffee,1.75L,8004,SAZERAC CO INC             ,10337,2024-05-22,2024-05-31,2024-06-06,2024-07-15,11.59,5,57.95,1
69_MOUNTMEND_6724,69,6724,Black Opal Cashmore Cab Svgn,750mL,9819,TREASURY WINE ESTATES      ,9369,2024-03-16,2024-03-25,2024-03-31,2024-04-29,4.63,12,55.56,2
12_LEESIDE_8451,12,8451,Cruzan Aged Dark Rum,1.75L,12546,JIM BEAM BRANDS COMPANY    ,9398,2024-03-18,2024-03-22,2024-03-29,2024-04-29,12.59,5,62.95,1
41_LARNWICK_6742,41,6742,Rodney Strong Chalk Hill Cha,750mL,4425,MARTIGNETTI COMPANIES,12201,2024-09-21,2024-09-28,2024-10-09,2024-11-14,12.49,11,137.39,2
72_HARDERSFIELD_11141,72,11141,C K Mondavi Chard,1.5L,2000,SOUTHERN WINE & SPIRITS NE ,10251,2024-05-16,2024-05-25,2024-06-06,2024-07-05,5.55,4,22.2,2
33_HORNSEY_11219,33,11219,Josh Cellars Cab Svgn Sonoma,750mL,4425,MARTIGNETTI COMPANIES,10875,2024-06-25,2024-07-01,2024-07-07,2024-08-17,8.44,11,92.84,2
50_MOUNTMEND_6479,50,6479,Clos du Bois Chard,750mL,1392,CONSTELLATION BRANDS INC   ,9523,2024-03-27,2024-04-08,2024-04-17,2024-05-18,5.95,7,41.65,2
72_HARDERSFIELD_6096,72,6096,Kinky Blue Liqueur,750mL,7153,PINE STATE TRADING CO      ,9004,2024-02-19,2024-02-24,2024-03-08,2024-04-14,12.77,12,153.24,1
45_VERITAS_6586,45,6586,Citra Montepulciano,1.5L,6785,PALM BAY INTERNATIONAL INC ,11929,2024-09-02,2024-09-07,2024-09-19,2024-10-24,6.7,6,40.2,2
72_HARDERSFIELD_4488,72,4488,Zhenka Tropical Dark Rum,1.75L,9552,M S WALKER INC             ,12115,2024-09-15,2024-09-20,2024-09-26,2024-11-06,8.02,6,48.12,1
75_BARNCOMBE_3606,75,3606,Smirnoff Raspberry Vodka,50mL,3960,DIAGEO NORTH AMERICA INC   ,12441,2024-10-03,2024-10-11,2024-10-25,2024-11-24,0.74,118,87.32,1
41_LARNWICK_24416,41,24416,Hidlago Morenita Crm Sherry,750mL,7153,PINE STATE TRADING CO      ,10505,2024-06-02,2024-06-08,2024-06-18,2024-07-31,8.44,6,50.64,2
71_CLARCTON_4787,71,4787,Appleton Special Gold Rum,1.75L,11567,CAMPARI AMERICA            ,9330,2024-03-14,2024-03-21,2024-03-28,2024-05-07,15.03,6,90.18,1
38_GOULCREST_8346,38,8346,Marques de Riscal Rioja Red,750mL,8320,SHAW ROSS INT L IMP LTD    ,8835,2024-02-08,2024-02-15,2024-02-27,2024-03-31,9.93,9,89.37,2
55_DRY GULCH_2062,55,2062,Woodford Reserve Bourbon,1.75L,1128,BROWN-FORMAN CORP          ,12393,2024-09-30,2024-10-04,2024-10-12,2024-11-18,44.11,2,88.22,1
48_NORFOLK_3745,48,3745,Taaka Vodka Traveler,750mL,8004,SAZERAC CO INC             ,11452,2024-08-01,2024-08-11,2024-08-16,2024-09-20,3.07,12,36.84,1
14_BROMWICH_12212,14,12212,Black Box Svgn Bl,3L,1392,CONSTELLATION BRANDS INC   ,11156,2024-07-12,2024-07-20,2024-07-25,2024-09-04,10.52,6,63.12,2
24_PALPERROTH_3894,24,3894,Zhenka Vodka 100 Proof,1.75L,9552,M S WALKER INC             ,9698,2024-04-07,2024-04-14,2024-04-22,2024-05-25,9.08,6,54.48,1
49_GARIGILL_42099,49,42099,Bota Box Pnt Grigio Cal,3L,2242,DELICATO VINEYARDS INC     ,10292,2024-05-19,2024-05-23,2024-06-03,2024-07-16,11.4,3,34.2,2
55_DRY GULCH_3288,55,3288,Svedka Strwbry Lemonad Vodka,1.75L,1392,CONSTELLATION BRANDS INC   ,8360,2024-01-06,2024-01-14,2024-01-21,2024-02-25,16.66,6,99.96,1
42_BLACK HOLLOW_31487,42,31487,Barefoot Bubbly Brut Cve,750mL,3252,E & J GALLO WINERY         ,12812,2024-10-28,2024-11-03,2024-11-11,2024-12-17,5.29,11,58.19,2
49_GARIGILL_743,49,743,Angels Envy Whiskey,750mL,480,BACARDI USA INC            ,9062,2024-02-24,2024-03-04,2024-03-15,2024-04-24,36.5,12,438.0,1
38_GOULCREST_4313,38,4313,Sauza Blue Silver Tequila,1.75L,12546,JIM BEAM BRANDS COMPANY    ,9305,2024-03-11,2024-03-17,2024-03-23,2024-04-25,19.42,6,116.52,1
31_HORNSEY_1932,31,1932,Jim Beam Devils Cut Bourbon,50mL,12546,JIM BEAM BRANDS COMPANY    ,11464,2024-08-02,2024-08-14,2024-08-22,2024-09-22,0.71,103,73.13,1
67_EANVERNESS_19748,67,19748,Clos du Bois Chard,1.5L,1392,CONSTELLATION BRANDS INC   ,11883,2024-08-31,2024-09-08,2024-09-14,2024-10-30,9.2,1,9.2,2
23_ARBINGTON_1323,23,1323,Early Times,1.75L,1128,BROWN-FORMAN CORP          ,9672,2024-04-06,2024-04-12,2024-04-18,2024-06-01,13.59,6,81.54,1
55_DRY GULCH_13708,55,13708,Bota Box Cab Svgn,3L,2242,DELICATO VINEYARDS INC     ,10432,2024-05-29,2024-06-08,2024-06-21,2024-07-19,11.33,2,22.66,2
37_PAETHSMOUTH_1323,37,1323,Early Times,1.75L,1128,BROWN-FORMAN CORP          ,12788,2024-10-27,2024-11-04,2024-11-12,2024-12-10,13.59,6,81.54,1
67_EANVERNESS_8898,67,8898,Yukon Jack,1.75L,3960,DIAGEO NORTH AMERICA INC   ,12748,2024-10-25,2024-11-04,2024-11-09,2024-12-22,18.83,6,112.98,1
55_DRY GULCH_942,55,942,Glenmorangie Nectar D'Or,750mL,8112,MOET HENNESSY USA INC      ,13295,2024-11-30,2024-12-07,2024-12-19,2025-01-18,45.45,6,272.7,1
72_HARDERSFIELD_4201,72,4201,Calico Jack Silver Rum,1.75L,12546,JIM BEAM BRANDS COMPANY    ,9772,2024-04-13,2024-04-20,2024-04-30,2024-06-12,9.55,6,57.3,1
67_EANVERNESS_5710,67,5710,Signatory Laphroaig 97 Cask,750mL,9552,M S WALKER INC             ,11145,2024-07-11,2024-07-18,2024-07-29,2024-09-09,198.53,6,1191.18,1
60_IRRAGIN_22758,60,22758,Copain Tous Ensemble 12 Chrd,750mL,4425,MARTIGNETTI COMPANIES,9838,2024-04-18,2024-04-26,2024-05-04,2024-06-08,10.45,12,125.4,2
18_FURNESS_3868,18,3868,Skol Vodka,Liter,660,SAZERAC NORTH AMERICA INC. ,11599,2024-08-10,2024-08-19,2024-08-23,2024-09-23,4.77,8,38.16,1
73_DONCASTER_27581,73,27581,Zenato Valpolicella Clsc,750mL,2000,SOUTHERN WINE & SPIRITS NE ,9208,2024-03-04,2024-03-11,2024-03-15,2024-04-21,9.99,12,119.88,2
76_DONCASTER_23366,76,23366,DeWetshof Limestone Hl Chard,750mL,90024,VINILANDIA USA             ,11361,2024-07-25,2024-08-05,2024-08-14,2024-09-18,9.26,10,92.6,2
76_DONCASTER_35294,76,35294,Mionetto Prosecco Brut,187mL,9552,M S WALKER INC             ,13379,2024-12-06,2024-12-15,2024-12-23,2025-01-22,3.44,22,75.68,2
67_EANVERNESS_3443,67,3443,Stolichnaya,375mL,8664,"STOLI GROUP,(USA) LLC      ",13128,2024-11-18,2024-11-22,2024-12-03,2025-01-12,7.57,11,83.27,1
70_KELD_12212,70,12212,Black Box Svgn Bl,3L,1392,CONSTELLATION BRANDS INC   ,13319,2024-12-02,2024-12-09,2024-12-18,2025-01-28,10.52,11,115.72,2
19_WINTERVALE_4299,19,4299,Capt Morgan White Grapefruit,750mL,3960,DIAGEO NORTH AMERICA INC   ,10468,2024-05-31,2024-06-09,2024-06-15,2024-07-24,9.77,12,117.24,1
35_HALIVAARA_966,35,966,Patron Citronge Orange Liqu,750mL,9165,ULTRA BEVERAGE COMPANY LLP ,10344,2024-05-22,2024-05-31,2024-06-12,2024-07-23,16.15,12,193.8,1
49_GARIGILL_6385,49,6385,Fetzer Sundial Chard,1.5L,9165,ULTRA BEVERAGE COMPANY LLP ,10444,2024-05-29,2024-06-08,2024-06-20,2024-07-18,6.88,6,41.28,2
43_WOLFORD_41072,43,41072,Angeline Pnt Nr Rsv,750mL,9552,M S WALKER INC             ,8553,2024-01-20,2024-01-27,2024-02-01,2024-03-13,8.16,12,97.92,2
55_DRY GULCH_3089,55,3089,Evan Williams Honey Reserve,750mL,3924,HEAVEN HILL DISTILLERIES   ,10243,2024-05-16,2024-05-24,2024-05-30,2024-07-15,7.63,10,76.3,1
48_NORFOLK_11828,48,11828,Cupcake Svgn Bl,750mL,9815,WINE GROUP INC             ,9347,2024-03-14,2024-03-25,2024-04-01,2024-04-30,3.97,15,59.55,2
78_EASTHAVEN_32989,78,32989,Barefoot Cab Svgn Cal,1.5L,3252,E & J GALLO WINERY         ,8537,2024-01-19,2024-01-29,2024-02-07,2024-03-08,5.78,6,34.68,2
42_BLACK HOLLOW_7715,42,7715,Andre Extra Dry,750mL,3252,E & J GALLO WINERY         ,11796,2024-08-24,2024-08-30,2024-09-08,2024-10-07,3.01,12,36.12,2
38_GOULCREST_15528,38,15528,Cannonball Chard,750mL,4425,MARTIGNETTI COMPANIES,8159,2023-12-23,2024-01-01,2024-01-05,2024-02-13,9.33,132,1231.56,2
50_MOUNTMEND_4268,50,4268,Capt Morgan Private Stock,750mL,3960,DIAGEO NORTH AMERICA INC   ,9302,2024-03-11,2024-03-16,2024-03-28,2024-04-30,18.25,11,200.75,1
73_DONCASTER_37821,73,37821,Frescobaldi Sangiovese Remo,750mL,9165,ULTRA BEVERAGE COMPANY LLP ,9866,2024-04-19,2024-04-25,2024-05-03,2024-06-05,4.6,8,36.8,2
76_DONCASTER_6734,76,6734,Gallo Twin Valley Cab Svgn C,1.5L,3252,E & J GALLO WINERY         ,8326,2024-01-04,2024-01-14,2024-01-22,2024-02-27,6.49,6,38.94,2
9_BLACKPOOL_1249,9,1249,Jim Beam Apple,1.75L,12546,JIM BEAM BRANDS COMPANY    ,13152,2024-11-21,2024-11-28,2024-12-11,2025-01-08,20.28,6,121.68,1
51_ABERDEEN_44334,51,44334,Noble Vines 337 Cab Svgn,750mL,2242,DELICATO VINEYARDS INC     ,12415,2024-10-02,2024-10-14,2024-10-24,2024-11-30,7.84,12,94.08,2
79_BALLYMENA_26383,79,26383,Buehler Chard RRV,750mL,4425,MARTIGNETTI COMPANIES,8276,2023-12-31,2024-01-06,2024-01-18,2024-02-28,7.89,36,284.04,2
14_BROMWICH_5103,14,5103,Fireball Cinnamon Whisky,1.75L,8004,SAZERAC CO INC             ,10109,2024-05-06,2024-05-11,2024-05-23,2024-06-25,17.14,10,171.4,1
49_GARIGILL_3643,49,3643,Caldwells Vodka,1.75L,9552,M S WALKER INC             ,10488,2024-06-01,2024-06-08,2024-06-20,2024-07-20,7.71,11,84.81,1
10_HORNSEY_3660,10,3660,Deep Eddy Ruby Red Vodka,1.75L,3924,HEAVEN HILL DISTILLERIES   ,11718,2024-08-19,2024-08-24,2024-09-04,2024-10-11,21.05,6,126.3,1
25_CAERSHIRE_41252,25,41252,Beringer Classic Pnt Grigio,1.5L,9819,TREASURY WINE ESTATES      ,10678,2024-06-14,2024-06-22,2024-06-29,2024-08-14,5.13,17,87.21,2
66_EANVERNESS_2531,66,2531,WhistlePig 10 Yr Old Rye,750mL,10754,PERFECTA WINES             ,10232,2024-05-15,2024-05-25,2024-06-06,2024-06-30,46.37,6,278.22,1
41_LARNWICK_5776,41,5776,Malibu Black,1.75L,17035,PERNOD RICARD USA          ,11250,2024-07-18,2024-07-25,2024-08-08,2024-09-08,16.29,6,97.74,1
72_HARDERSFIELD_3876,72,3876,Smirnoff 80 Proof,1.75L,3960,DIAGEO NORTH AMERICA INC   ,12585,2024-10-13,2024-10-17,2024-10-31,2024-11-29,13.95,7,97.65,1
38_GOULCREST_3871,38,3871,Smirnoff Watermelon Vodka,750mL,3960,DIAGEO NORTH AMERICA INC   ,11028,2024-07-03,2024-07-12,2024-07-26,2024-08-18,8.2,11,90.2,1
38_GOULCREST_25904,38,25904,Casal Garcia Sangria,750mL,4425,MARTIGNETTI COMPANIES,10943,2024-06-27,2024-07-05,2024-07-13,2024-08-28,5.22,12,62.64,2
78_EASTHAVEN_6256,78,6256,Sutter Home Chard,1.5L,8892,TRINCHERO FAMILY ESTATES   ,8283,2023-12-31,2024-01-07,2024-01-19,2024-02-16,5.2,18,93.6,2
44_PORTHCRAWL_19556,44,19556,Zorvino Bacca Z Blackberry,750mL,90058,ZORVINO VINEYARDS          ,12973,2024-11-07,2024-11-18,2024-11-29,2024-12-26,9.39,12,112.68,2
2_ASHBORNE_14930,2,14930,Yellow Tail Moscato,1.5L,4425,MARTIGNETTI COMPANIES,8726,2024-02-01,2024-02-11,2024-02-17,2024-03-24,5.93,6,35.58,2
40_BULLMAR_5296,40,5296,Southern Comfort 100 Proof,1.75L,8004,SAZERAC CO INC             ,12850,2024-10-31,2024-11-08,2024-11-18,2024-12-29,21.01,6,126.06,1
13_TARMSWORTH_6273,13,6273,Vendange Wh Znfdl,1.5L,1392,CONSTELLATION BRANDS INC   ,13319,2024-12-02,2024-12-07,2024-12-18,2025-01-28,4.66,6,27.96,2
28_LARNWICK_31487,28,31487,Barefoot Bubbly Brut Cve,750mL,3252,E & J GALLO WINERY         ,8537,2024-01-19,2024-01-27,2024-02-07,2024-03-08,5.29,36,190.44,2
27_MOUNTMEND_3913,27,3913,Svedka Vodka,1.75L,1392,CONSTELLATION BRANDS INC   ,11526,2024-08-07,2024-08-16,2024-08-26,2024-09-24,14.28,6,85.68,1
73_DONCASTER_3857,73,3857,Grey Goose Vodka,1.75L,480,BACARDI USA INC            ,13103,2024-11-17,2024-11-25,2024-12-01,2025-01-03,38.27,2,76.54,1
76_DONCASTER_18787,76,18787,Rio Madre Rioja Graciano,750mL,9552,M S WALKER INC             ,9218,2024-03-06,2024-03-14,2024-03-24,2024-05-05,6.89,24,165.36,2
53_HILLFAR_4416,53,4416,Cruzan Coconut Flavored Rum,750mL,12546,JIM BEAM BRANDS COMPANY    ,12317,2024-09-25,2024-10-05,2024-10-11,2024-11-26,7.68,12,92.16,1
68_SOLARIS_22019,68,22019,Mumm Napa Brut Rose,750mL,17035,PERNOD RICARD USA          ,10606,2024-06-09,2024-06-13,2024-06-24,2024-07-31,9.73,12,116.76,2
73_DONCASTER_3689,73,3689,Stolichnaya Vanil,750mL,8664,"STOLI GROUP,(USA) LLC      ",12944,2024-11-06,2024-11-17,2024-11-21,2025-01-05,12.77,12,153.24,1
7_STANMORE_6213,7,6213,Taylor Red Port,1.5L,1392,CONSTELLATION BRANDS INC   ,10552,2024-06-06,2024-06-17,2024-06-22,2024-07-27,5.51,12,66.12,2
79_BALLYMENA_44038,79,44038,Barefoot Pnt Grigio Cal,1.5L,3252,E & J GALLO WINERY         ,12635,2024-10-17,2024-10-26,2024-11-02,2024-12-14,5.86,5,29.3,2
72_HARDERSFIELD_31320,72,31320,La Vieille Ferme Rose Vntoux,750mL,1587,VINEYARD BRANDS INC        ,11338,2024-07-24,2024-08-05,2024-08-12,2024-09-17,4.69,12,56.28,2
59_CLAETHORPES_8203,59,8203,Grand Marnier,50mL,8112,MOET HENNESSY USA INC      ,9684,2024-04-06,2024-04-13,2024-04-23,2024-05-25,1.51,120,181.2,1
9_BLACKPOOL_3747,9,3747,Gordons Vodka Traveler,750mL,3960,DIAGEO NORTH AMERICA INC   ,8966,2024-02-17,2024-02-22,2024-03-07,2024-04-11,5.18,12,62.16,1
78_EASTHAVEN_15105,78,15105,Kendall Jackson Avant Chard,750mL,10000,MAJESTIC FINE WINES        ,12199,2024-09-21,2024-09-29,2024-10-06,2024-11-18,6.86,59,404.74,2
6_GOULCREST_3485,6,3485,Luksusowa Potato Vodka,1.75L,4425,MARTIGNETTI COMPANIES,11368,2024-07-26,2024-08-03,2024-08-16,2024-09-10,15.03,3,45.09,1
76_DONCASTER_18562,76,18562,Jewell Towne Vyds So Hampton,750mL,17032,JEWELL TOWNE VINEYARDS     ,11640,2024-08-14,2024-08-25,2024-09-06,2024-10-14,7.99,11,87.89,2
69_MOUNTMEND_15290,69,15290,Backhouse Pnt Nr,750mL,7153,PINE STATE TRADING CO      ,11760,2024-08-22,2024-09-02,2024-09-12,2024-10-09,3.99,48,191.52,2
59_CLAETHORPES_4269,59,4269,Calico Jack Spiced Rum,1.75L,12546,JIM BEAM BRANDS COMPANY    ,8659,2024-01-27,2024-02-03,2024-02-14,2024-03-19,9.22,5,46.1,1
66_EANVERNESS_24123,66,24123,Garnacha de Fuego 14 Rose Ar,750mL,9552,M S WALKER INC             ,9939,2024-04-25,2024-05-02,2024-05-16,2024-06-09,6.53,36,235.08,2
28_LARNWICK_5315,28,5315,B & B Liqueur Dom,750mL,480,BACARDI USA INC            ,10999,2024-07-01,2024-07-06,2024-07-14,2024-08-18,19.22,12,230.64,1
15_WANBORNE_5109,15,5109,Dr McGillicuddy's Menth Trav,750mL,8004,SAZERAC CO INC             ,11851,2024-08-29,2024-09-06,2024-09-13,2024-10-21,9.84,12,118.08,1
66_EANVERNESS_3746,66,3746,Gordons Vodka 80 Proof,1.75L,3960,DIAGEO NORTH AMERICA INC   ,8310,2024-01-03,2024-01-11,2024-01-19,2024-02-23,8.52,4,34.08,1
71_CLARCTON_45770,71,45770,Bonterra Mendocino Org Znfdl,750mL,9165,ULTRA BEVERAGE COMPANY LLP ,12142,2024-09-16,2024-09-20,2024-09-27,2024-10-28,9.45,12,113.4,2
53_HILLFAR_3054,53,3054,Smirnoff Kissed Caramel,750mL,3960,DIAGEO NORTH AMERICA INC   ,13597,2024-12-20,2024-12-30,2025-01-10,2025-02-08,8.14,9,73.26,1
73_DONCASTER_14194,73,14194,Caparzo Brnllo di Montalcino,750mL,4425,MARTIGNETTI COMPANIES,13652,2024-12-23,2024-12-29,2025-01-09,2025-02-18,25.5,12,306.0,2
25_CAERSHIRE_2120,25,2120,Canadian Club,1.75L,12546,JIM BEAM BRANDS COMPANY    ,12523,2024-10-09,2024-10-17,2024-10-30,2024-12-06,12.21,1,12.21,1
70_KELD_46447,70,46447,Gascon Malbec Mendoza,750mL,3252,E & J GALLO WINERY         ,8326,2024-01-04,2024-01-15,2024-01-22,2024-02-27,6.12,12,73.44,2
61_AETHELNEY_5734,61,5734,Malibu Rum,1.75L,17035,PERNOD RICARD USA          ,11483,2024-08-03,2024-08-10,2024-08-16,2024-09-16,15.82,24,379.68,1
32_MOUNTMEND_3436,32,3436,Bombay Dry Gin,1.75L,480,BACARDI USA INC            ,11188,2024-07-14,2024-07-19,2024-08-01,2024-09-09,18.79,6,112.74,1
34_PITMERDEN_3315,34,3315,Smirnoff Sorbet Rasp/Pomegra,50mL,3960,DIAGEO NORTH AMERICA INC   ,12676,2024-10-19,2024-10-26,2024-11-06,2024-12-05,0.74,114,84.36,1
39_EASTHALLOW_3910,39,3910,Hornitos Plata Tequila,375mL,12546,JIM BEAM BRANDS COMPANY    ,8659,2024-01-27,2024-02-01,2024-02-14,2024-03-19,8.84,24,212.16,1
56_BEGGAR'S HOLE_3687,56,3687,Fleischmanns Royal Traveler,750mL,660,SAZERAC NORTH AMERICA INC. ,11696,2024-08-17,2024-08-23,2024-08-29,2024-09-30,3.84,10,38.4,1
21_BALERNO_1634,21,1634,The Famous Grouse,1.75L,2561,EDRINGTON AMERICAS         ,12556,2024-10-11,2024-10-20,2024-10-26,2024-11-24,20.73,5,103.65,1
23_ARBINGTON_3706,23,3706,Pinnacle Citrus Vodka,1.75L,12546,JIM BEAM BRANDS COMPANY    ,13056,2024-11-14,2024-11-26,2024-11-28,2025-01-15,13.07,4,52.28,1
54_GUTHRAM_6459,54,6459,Freixenet Cordon Negro Extr,750mL,4425,MARTIGNETTI COMPANIES,9808,2024-04-15,2024-04-19,2024-05-02,2024-06-10,7.53,12,90.36,2
15_WANBORNE_3612,15,3612,Taaka Vodka,1.75L,8004,SAZERAC CO INC             ,10181,2024-05-11,2024-05-17,2024-05-24,2024-07-08,6.81,5,34.05,1
72_HARDERSFIELD_41714,72,41714,Fish Eye Pnt Grigio,750mL,9815,WINE GROUP INC             ,11474,2024-08-02,2024-08-12,2024-08-16,2024-09-21,3.22,12,38.64,2
55_DRY GULCH_2259,55,2259,Redemption Rye Whiskey,750mL,4425,MARTIGNETTI COMPANIES,12047,2024-09-11,2024-09-21,2024-10-02,2024-10-29,22.89,12,274.68,1
10_HORNSEY_6958,10,6958,Vendange Svgn Bl,1.5L,1392,CONSTELLATION BRANDS INC   ,12457,2024-10-04,2024-10-13,2024-10-25,2024-11-28,5.33,6,31.98,2
19_WINTERVALE_28947,19,28947,R M Woodbridge Merlot Cal,1.5L,1392,CONSTELLATION BRANDS INC   ,9331,2024-03-14,2024-03-24,2024-04-04,2024-05-04,5.91,11,65.01,2
35_HALIVAARA_6725,35,6725,Franzia Crisp White Tap,5L,9815,WINE GROUP INC             ,12124,2024-09-15,2024-09-20,2024-10-02,2024-10-29,8.44,2,16.88,2
2_ASHBORNE_8110,2,8110,Tribuno Dry Vermouth,1.5L,9815,WINE GROUP INC             ,8602,2024-01-22,2024-01-29,2024-02-03,2024-03-10,6.56,6,39.36,1
66_EANVERNESS_4260,66,4260,Capt Morgan Original Barrel,1.75L,3960,DIAGEO NORTH AMERICA INC   ,11300,2024-07-21,2024-07-27,2024-08-03,2024-09-14,16.66,114,1899.24,1
49_GARIGILL_7345,49,7345,M & R Asti,750mL,480,BACARDI USA INC            ,8548,2024-01-20,2024-01-27,2024-02-02,2024-03-19,6.75,12,81.0,2
58_HARTLEPOOL_4264,58,4264,Capt Morgan Spiced Rum Trav,750mL,3960,DIAGEO NORTH AMERICA INC   ,9919,2024-04-24,2024-05-05,2024-05-10,2024-06-11,11.53,22,253.66,1
81_PEMBROKE_5444,81,5444,E & J Superior RSV VSOP,1.75L,3252,E & J GALLO WINERY         ,12113,2024-09-15,2024-09-19,2024-10-01,2024-11-04,14.49,12,173.88,1
69_MOUNTMEND_1896,69,1896,The Glenlivet 18 Yr Single,750mL,17035,PERNOD RICARD USA          ,12070,2024-09-12,2024-09-22,2024-09-27,2024-11-13,68.83,6,412.98,1
67_EANVERNESS_14701,67,14701,Cupcake Red Velvet,750mL,9815,WINE GROUP INC             ,8602,2024-01-22,2024-01-27,2024-02-03,2024-03-10,4.57,11,50.27,2
51_ABERDEEN_5890,51,5890,Godiva Wh Chocolate Liqueur,750mL,3960,DIAGEO NORTH AMERICA INC   ,10566,2024-06-07,2024-06-15,2024-06-20,2024-08-04,16.66,12,199.92,1
79_BALLYMENA_22339,79,22339,Heartland Spice Trader Sh/CS,750mL,4425,MARTIGNETTI COMPANIES,8276,2023-12-31,2024-01-09,2024-01-18,2024-02-28,9.08,12,108.96,2
38_GOULCREST_12113,38,12113,Peter Lehmann Layers White,750mL,4425,MARTIGNETTI COMPANIES,9539,2024-03-28,2024-04-07,2024-04-16,2024-05-27,5.29,72,380.88,2
78_EASTHAVEN_8023,78,8023,DeKuyper Triple Sec,750mL,12546,JIM BEAM BRANDS COMPANY    ,11464,2024-08-02,2024-08-11,2024-08-22,2024-09-22,3.28,9,29.52,1
52_GRAYCOTT_3050,52,3050,Bowman Vodka,1.75L,8004,SAZERAC CO INC             ,9365,2024-03-16,2024-03-25,2024-03-29,2024-05-10,6.51,30,195.3,1
6_GOULCREST_26181,6,26181,Jaume Serra Cristalino Brut,750mL,4425,MARTIGNETTI COMPANIES,13652,2024-12-23,2024-12-26,2025-01-09,2025-02-18,4.57,9,41.13,2
73_DONCASTER_36750,73,36750,Big House Cardinal Bst Znfdl,750mL,9815,WINE GROUP INC             ,9599,2024-03-31,2024-04-05,2024-04-13,2024-05-26,4.79,12,57.48,2
50_MOUNTMEND_8066,50,8066,DeKuyper Triple Sec,1.75L,12546,JIM BEAM BRANDS COMPANY    ,11464,2024-08-02,2024-08-10,2024-08-22,2024-09-22,7.13,11,78.43,1
38_GOULCREST_1595,38,1595,Gentleman Jack,375mL,1128,BROWN-FORMAN CORP          ,11543,2024-08-08,2024-08-16,2024-08-26,2024-09-28,10.93,11,120.23,1
44_PORTHCRAWL_3960,44,3960,Tortilla Gold Tequila Liquer,1.75L,8004,SAZERAC CO INC             ,12476,2024-10-05,2024-10-13,2024-10-24,2024-12-03,9.52,6,57.12,1
38_GOULCREST_22389,38,22389,Villa Cornaro Prosecco,187mL,4425,MARTIGNETTI COMPANIES,11614,2024-08-11,2024-08-19,2024-08-22,2024-09-22,3.37,24,80.88,2
67_EANVERNESS_44761,67,44761,Gekkeikan Sake Zipang Spklg,250mL,8320,SHAW ROSS INT L IMP LTD    ,12364,2024-09-27,2024-10-03,2024-10-12,2024-11-17,3.68,12,44.16,2
27_MOUNTMEND_8120,27,8120,Tribuno Sweet Vermouth,1.5L,9815,WINE GROUP INC             ,11474,2024-08-02,2024-08-11,2024-08-16,2024-09-21,7.08,6,42.48,1
49_GARIGILL_5160,49,5160,Hpnotiq Liqueur,375mL,3924,HEAVEN HILL DISTILLERIES   ,13229,2024-11-25,2024-11-29,2024-12-12,2025-01-10,7.96,12,95.52,1
4_EANVERNESS_37840,4,37840,Los Cardos Malbec Mendoza,750mL,8892,TRINCHERO FAMILY ESTATES   ,9109,2024-02-26,2024-03-02,2024-03-12,2024-04-15,5.4,12,64.8,2
38_GOULCREST_15922,38,15922,Primo Amore Moscato,750mL,4425,MARTIGNETTI COMPANIES,12848,2024-10-31,2024-11-10,2024-11-20,2024-12-21,7.82,12,93.84,2
68_SOLARIS_4478,68,4478,Myers Original Dark Rum,750mL,3960,DIAGEO NORTH AMERICA INC   ,12748,2024-10-25,2024-11-04,2024-11-09,2024-12-22,13.53,12,162.36,1
69_MOUNTMEND_3210,69,3210,Smirnoff Sourced Pineapple,50mL,3960,DIAGEO NORTH AMERICA INC   ,10260,2024-05-17,2024-05-26,2024-06-06,2024-07-14,0.79,115,90.85,1
77_TAMWORTH_14701,77,14701,Cupcake Red Velvet,750mL,9815,WINE GROUP INC             ,13353,2024-12-04,2024-12-15,2024-12-23,2025-01-21,4.57,12,54.84,2
64_CESTERFIELD_33874,64,33874,Bella Sera Pinot Grigio Del,1.5L,3252,E & J GALLO WINERY         ,10118,2024-05-08,2024-05-19,2024-05-26,2024-06-28,6.62,3,19.86,2
76_DONCASTER_6654,76,6654,Veuve Clicquot Brut Yellow,750mL,8112,MOET HENNESSY USA INC      ,13398,2024-12-07,2024-12-15,2024-12-26,2025-01-19,27.2,8,217.6,2
69_MOUNTMEND_1233,69,1233,Jack Daniels No 7 Black,1.75L,1128,BROWN-FORMAN CORP          ,13224,2024-11-25,2024-11-28,2024-12-08,2025-01-15,26.27,21,551.67,1
11_CARDEND_23663,11,23663,Higher Ground Pinot Noir,750mL,4425,MARTIGNETTI COMPANIES,10573,2024-06-07,2024-06-14,2024-06-26,2024-07-28,8.49,12,101.88,2
73_DONCASTER_7891,73,7891,DeLeon Platinum Tequila,750mL,3960,DIAGEO NORTH AMERICA INC   ,11794,2024-08-24,2024-08-30,2024-09-09,2024-10-06,35.96,6,215.76,1
15_WANBORNE_16175,15,16175,The Naked Grape Moscato,750mL,3252,E & J GALLO WINERY         ,8238,2023-12-29,2024-01-06,2024-01-18,2024-02-14,4.69,12,56.28,2
34_PITMERDEN_8120,34,8120,Tribuno Sweet Vermouth,1.5L,9815,WINE GROUP INC             ,12551,2024-10-10,2024-10-21,2024-10-28,2024-12-05,7.08,6,42.48,1
32_MOUNTMEND_6570,32,6570,Kendall Jackson Chard Vt RSV,750mL,10000,MAJESTIC FINE WINES        ,10940,2024-06-27,2024-07-06,2024-07-12,2024-08-14,6.77,41,277.57,2
35_HALIVAARA_7254,35,7254,Cribari Marsala,750mL,1392,CONSTELLATION BRANDS INC   ,9283,2024-03-10,2024-03-17,2024-03-28,2024-04-27,5.36,12,64.32,2
53_HILLFAR_2757,53,2757,Johnnie Walker Red Label,1.75L,3960,DIAGEO NORTH AMERICA INC   ,9199,2024-03-04,2024-03-11,2024-03-21,2024-04-29,22.38,3,67.14,1
47_PELLA'S WISH_3583,47,3583,Smirnoff Orange Vodka,1.75L,3960,DIAGEO NORTH AMERICA INC   ,11907,2024-09-01,2024-09-09,2024-09-13,2024-10-19,13.23,6,79.38,1
50_MOUNTMEND_8275,50,8275,El Mayor Anejo Tequila,750mL,8352,LUXCO INC                  ,8929,2024-02-15,2024-02-23,2024-02-29,2024-04-12,20.71,6,124.26,1
51_ABERDEEN_24875,51,24875,Glen Ellen Merlot RSV,1.5L,9815,WINE GROUP INC             ,12012,2024-09-07,2024-09-12,2024-09-25,2024-10-28,4.57,6,27.42,2
72_HARDERSFIELD_8512,72,8512,Baileys Irish Cream,750mL,3960,DIAGEO NORTH AMERICA INC   ,10700,2024-06-16,2024-06-24,2024-06-29,2024-08-09,14.72,3,44.16,1
79_BALLYMENA_3522,79,3522,Platinum 7X Distilled Vodka,1.75L,8004,SAZERAC CO INC             ,13364,2024-12-05,2024-12-17,2024-12-19,2025-02-01,9.62,3,28.86,1
69_MOUNTMEND_4806,69,4806,Leroux Blackberry Brandy,1.75L,12546,JIM BEAM BRANDS COMPANY    ,13452,2024-12-11,2024-12-19,2025-01-01,2025-02-11,11.71,6,70.26,1
26_KNIFE'S EDGE_2590,26,2590,The Black Grouse Scotch,1.75L,2561,EDRINGTON AMERICAS         ,12707,2024-10-21,2024-10-28,2024-10-31,2024-12-04,28.98,6,173.88,1
50_MOUNTMEND_28681,50,28681,F Coppola Rosso Bianco Rosso,750mL,2000,SOUTHERN WINE & SPIRITS NE ,11580,2024-08-09,2024-08-17,2024-08-22,2024-09-22,5.95,36,214.2,2
2_ASHBORNE_18010,2,18010,Cocobon Red,750mL,9815,WINE GROUP INC             ,8651,2024-01-26,2024-02-04,2024-02-14,2024-03-15,3.92,12,47.04,2
38_GOULCREST_42735,38,42735,Magnificent Wine Co House Re,750mL,10754,PERFECTA WINES             ,12898,2024-11-03,2024-11-11,2024-11-22,2024-12-19,8.1,11,89.1,2
75_BARNCOMBE_5606,75,5606,Montezuma Blue Tequila Liqu,1.75L,660,SAZERAC NORTH AMERICA INC. ,13008,2024-11-10,2024-11-15,2024-11-28,2025-01-04,7.19,6,43.14,1
41_LARNWICK_19645,41,19645,Line 39 Pnt Nr,750mL,7153,PINE STATE TRADING CO      ,8749,2024-02-02,2024-02-10,2024-02-22,2024-03-21,5.26,12,63.12,2
17_OLDHAM_802,17,802,Bacardi Torched Cherry Rum,750mL,480,BACARDI USA INC            ,13238,2024-11-27,2024-12-08,2024-12-20,2025-01-23,7.99,12,95.88,1
1_HARDERSFIELD_2589,1,2589,Jameson Irish Whiskey,1.75L,17035,PERNOD RICARD USA          ,10353,2024-05-23,2024-06-01,2024-06-12,2024-07-23,30.76,6,184.56,1
67_EANVERNESS_8085,67,8085,Wild Turkey,1.75L,11567,CAMPARI AMERICA            ,12621,2024-10-16,2024-10-27,2024-11-03,2024-12-07,25.59,5,127.95,1
27_MOUNTMEND_3050,27,3050,Bowman Vodka,1.75L,8004,SAZERAC CO INC             ,12547,2024-10-10,2024-10-18,2024-10-24,2024-12-11,6.51,10,65.1,1
47_PELLA'S WISH_32796,47,32796,Warre's Otima 10-Yr Tawny,500mL,1587,VINEYARD BRANDS INC        ,13605,2024-12-20,2024-12-29,2025-01-05,2025-02-17,12.9,6,77.4,2
79_BALLYMENA_6420,79,6420,R M Woodbridge Chard Cal,750mL,1392,CONSTELLATION BRANDS INC   ,10394,2024-05-26,2024-05-30,2024-06-09,2024-07-20,3.18,12,38.16,2
56_BEGGAR'S HOLE_508,56,508,Bacardi Superior Rum,Liter,480,BACARDI USA INC            ,11686,2024-08-17,2024-08-23,2024-09-01,2024-10-07,9.77,12,117.24,1
34_PITMERDEN_19947,34,19947,Josh Cellars Svgn Bl,750mL,4425,MARTIGNETTI COMPANIES,10438,2024-05-29,2024-06-09,2024-06-17,2024-07-31,8.72,12,104.64,2
34_PITMERDEN_19554,34,19554,Insomnia Cab Svgn,750mL,9165,ULTRA BEVERAGE COMPANY LLP ,12689,2024-10-19,2024-10-25,2024-11-08,2024-12-11,5.29,12,63.48,2
34_PITMERDEN_5410,34,5410,Raspberry di Amore,750mL,660,SAZERAC NORTH AMERICA INC. ,8465,2024-01-13,2024-01-22,2024-01-25,2024-03-04,6.15,10,61.5,1
1_HARDERSFIELD_10609,1,10609,Oyster Bay Chard Marlboro,750mL,4425,MARTIGNETTI COMPANIES,9104,2024-02-26,2024-03-02,2024-03-13,2024-04-13,7.84,12,94.08,2
61_AETHELNEY_1239,61,1239,Booker's Bourbon,750mL,12546,JIM BEAM BRANDS COMPANY    ,8330,2024-01-04,2024-01-13,2024-01-20,2024-02-19,39.99,6,239.94,1
66_EANVERNESS_1180,66,1180,Evan Williams Black Label B,1.75L,3924,HEAVEN HILL DISTILLERIES   ,12521,2024-10-09,2024-10-19,2024-10-24,2024-12-03,13.07,11,143.77,1
79_BALLYMENA_4245,79,4245,Bacardi Superior Rum,750mL,480,BACARDI USA INC            ,9213,2024-03-06,2024-03-17,2024-03-23,2024-04-24,7.93,12,95.16,1
25_CAERSHIRE_115,25,115,Belvedere Vodka,Liter,8112,MOET HENNESSY USA INC      ,11289,2024-07-20,2024-07-30,2024-08-07,2024-09-15,21.37,10,213.7,1
13_TARMSWORTH_5285,13,5285,Jacquin Triple Sec,750mL,4380,CHARLES JACQUIN ET CIE INC ,10920,2024-06-26,2024-07-06,2024-07-14,2024-08-19,6.24,12,74.88,1
17_OLDHAM_6958,17,6958,Vendange Svgn Bl,1.5L,1392,CONSTELLATION BRANDS INC   ,8897,2024-02-12,2024-02-16,2024-02-23,2024-04-10,5.33,6,31.98,2
55_DRY GULCH_26717,55,26717,Arpa Pnt Grigio,750mL,10754,PERFECTA WINES             ,12798,2024-10-27,2024-11-01,2024-11-12,2024-12-08,6.66,48,319.68,2
76_DONCASTER_26464,76,26464,Golan Heights Yarden Svgn Bl,750mL,10754,PERFECTA WINES             ,9879,2024-04-20,2024-04-25,2024-05-04,2024-06-03,12.33,12,147.96,2
19_WINTERVALE_8072,19,8072,Taittinger Brut La Francais,750mL,4692,KOBRAND CORPORATION        ,12574,2024-10-12,2024-10-18,2024-10-29,2024-11-29,24.99,12,299.88,2
73_DONCASTER_3871,73,3871,Smirnoff Watermelon Vodka,750mL,3960,DIAGEO NORTH AMERICA INC   ,9585,2024-03-31,2024-04-04,2024-04-15,2024-05-26,8.2,12,98.4,1
64_CESTERFIELD_46060,64,46060,Martin Codax Albarino,750mL,3252,E & J GALLO WINERY         ,9958,2024-04-26,2024-05-02,2024-05-12,2024-06-20,8.49,12,101.88,2
36_LEWES_38457,36,38457,Smoking Loon Pnt Nr,750mL,9552,M S WALKER INC             ,11756,2024-08-22,2024-09-01,2024-09-13,2024-10-08,4.59,24,110.16,2
38_GOULCREST_5364,38,5364,Kahlua,1.75L,17035,PERNOD RICARD USA          ,12475,2024-10-05,2024-10-13,2024-10-25,2024-11-22,23.07,4,92.28,1
50_MOUNTMEND_3776,50,3776,Jose Cuervo Especial Silver,1.75L,7245,PROXIMO SPIRITS INC.       ,9977,2024-04-27,2024-05-02,2024-05-17,2024-06-23,18.56,1,18.56,1
53_HILLFAR_8036,53,8036,Livingston Chablis Cal,3L,3252,E & J GALLO WINERY         ,12395,2024-09-30,2024-10-07,2024-10-15,2024-11-18,8.27,3,24.81,2
38_GOULCREST_5033,38,5033,Fireball Cinnamon Whisky,Liter,8004,SAZERAC CO INC             ,13602,2024-12-20,2024-12-27,2025-01-05,2025-02-17,12.97,11,142.67,1
10_HORNSEY_5539,10,5539,DeKuyper Hot Damn 100*,750mL,12546,JIM BEAM BRANDS COMPANY    ,11549,2024-08-08,2024-08-17,2024-08-24,2024-09-22,8.39,11,92.29,1
55_DRY GULCH_35959,55,35959,Stags Leap Winery Cab Svgn,750mL,9819,TREASURY WINE ESTATES      ,12854,2024-10-31,2024-11-09,2024-11-14,2024-12-18,32.46,12,389.52,2
7_STANMORE_2143,7,2143,Canadian Mist,1.75L,1128,BROWN-FORMAN CORP          ,10666,2024-06-14,2024-06-24,2024-07-04,2024-08-08,10.07,18,181.26,1
67_EANVERNESS_3768,67,3768,Jenkins Vodka,750mL,9552,M S WALKER INC             ,13532,2024-12-15,2024-12-20,2024-12-27,2025-01-27,3.62,11,39.82,1
19_WINTERVALE_43359,19,43359,David Bruce Pnt Nr RRV,750mL,4425,MARTIGNETTI COMPANIES,13652,2024-12-23,2024-12-27,2025-01-09,2025-02-18,27.02,12,324.24,2
23_ARBINGTON_7740,23,7740,J Roget Brut,750mL,1392,CONSTELLATION BRANDS INC   ,9955,2024-04-26,2024-05-05,2024-05-11,2024-06-22,4.1,12,49.2,2
66_EANVERNESS_653,66,653,Dom de Canton Ginger Liqueur,750mL,3924,HEAVEN HILL DISTILLERIES   ,13433,2024-12-09,2024-12-15,2024-12-24,2025-01-24,21.73,6,130.38,1
55_DRY GULCH_1233,55,1233,Jack Daniels No 7 Black,1.75L,1128,BROWN-FORMAN CORP          ,10666,2024-06-14,2024-06-22,2024-07-04,2024-08-08,26.27,8,210.16,1
27_MOUNTMEND_2753,27,2753,Johnnie Walker Black Label,1.75L,3960,DIAGEO NORTH AMERICA INC   ,10700,2024-06-16,2024-06-23,2024-06-29,2024-08-09,44.77,5,223.85,1
78_EASTHAVEN_5255,78,5255,TGI Fridays Ultimte Mudslide,1.75L,4466,AMERICAN VINTAGE BEVERAGE  ,9244,2024-03-08,2024-03-17,2024-03-23,2024-04-21,9.35,6,56.1,1
49_GARIGILL_3684,49,3684,Fleischmanns Royal Vodka,1.75L,660,SAZERAC NORTH AMERICA INC. ,8397,2024-01-08,2024-01-13,2024-01-24,2024-03-02,7.68,3,23.04,1
11_CARDEND_8504,11,8504,R M Woodbridge Cab Svgn Cal,1.5L,1392,CONSTELLATION BRANDS INC   ,9134,2024-02-29,2024-03-07,2024-03-16,2024-04-28,5.84,4,23.36,2
67_EANVERNESS_5758,67,5758,1800 Ultimate Margarita RTD,1.75L,7245,PROXIMO SPIRITS INC.       ,11016,2024-07-01,2024-07-05,2024-07-12,2024-08-21,13.33,5,66.65,1
35_HALIVAARA_5734,35,5734,Malibu Rum,1.75L,17035,PERNOD RICARD USA          ,12475,2024-10-05,2024-10-13,2024-10-25,2024-11-22,15.82,6,94.92,1
64_CESTERFIELD_18865,64,18865,Mirafiore Barolo,750mL,10754,PERFECTA WINES             ,9290,2024-03-10,2024-03-17,2024-03-24,2024-05-08,23.22,12,278.64,2
79_BALLYMENA_14439,79,14439,Barefoot Sweet Red,750mL,3252,E & J GALLO WINERY         ,9477,2024-03-23,2024-03-30,2024-04-07,2024-05-17,3.42,12,41.04,2
69_MOUNTMEND_8562,69,8562,DeKuyper Peachtree Trav,1.75L,12546,JIM BEAM BRANDS COMPANY    ,12844,2024-10-31,2024-11-07,2024-11-19,2024-12-21,11.44,6,68.64,1
50_MOUNTMEND_21814,50,21814,Hartford OV Znfdl RRV,750mL,9552,M S WALKER INC             ,12171,2024-09-19,2024-09-29,2024-10-08,2024-11-03,21.19,12,254.28,2
33_HORNSEY_3243,33,3243,Burnetts Vodka,1.75L,3924,HEAVEN HILL DISTILLERIES   ,11941,2024-09-04,2024-09-15,2024-09-21,2024-10-23,8.26,5,41.3,1
40_BULLMAR_8680,40,8680,Crown Royal,1.75L,3960,DIAGEO NORTH AMERICA INC   ,8899,2024-02-12,2024-02-16,2024-02-29,2024-03-31,28.88,11,317.68,1
72_HARDERSFIELD_3503,72,3503,Smirnoff Sorbet Rasp/Pomegra,750mL,3960,DIAGEO NORTH AMERICA INC   ,8899,2024-02-12,2024-02-15,2024-02-29,2024-03-31,8.2,12,98.4,1
67_EANVERNESS_3982,67,3982,Hornitos Reposado Tequila,750mL,12546,JIM BEAM BRANDS COMPANY    ,12028,2024-09-09,2024-09-12,2024-09-21,2024-11-03,14.38,12,172.56,1
33_HORNSEY_3276,33,3276,Gordons London Dry,1.75L,3960,DIAGEO NORTH AMERICA INC   ,10260,2024-05-17,2024-05-26,2024-06-06,2024-07-14,9.62,5,48.1,1
33_HORNSEY_13837,33,13837,C Y Toro Frontera Pnt Grigio,1.5L,516,BANFI PRODUCTS CORP        ,11818,2024-08-26,2024-08-30,2024-09-12,2024-10-08,5.73,6,34.38,2
79_BALLYMENA_5365,79,5365,Kahlua,750mL,17035,PERNOD RICARD USA          ,13437,2024-12-09,2024-12-12,2024-12-19,2025-01-27,14.84,8,118.72,1
50_MOUNTMEND_6563,50,6563,Black Opal Cashmore Chard,750mL,9819,TREASURY WINE ESTATES      ,11619,2024-08-11,2024-08-17,2024-08-23,2024-09-29,4.54,12,54.48,2
62_KILMARNOCK_3457,62,3457,Olmeca Altos Plata Tequila,1.75L,17035,PERNOD RICARD USA          ,11372,2024-07-26,2024-08-03,2024-08-12,2024-09-12,22.38,5,111.9,1
11_CARDEND_5536,11,5536,St Brendans Irish Cream,50mL,8352,LUXCO INC                  ,8929,2024-02-15,2024-02-25,2024-02-29,2024-04-12,1.15,9,10.35,1
72_HARDERSFIELD_3237,72,3237,Firefly Sweet Tea Vodka,1.75L,8004,SAZERAC CO INC             ,10337,2024-05-22,2024-06-01,2024-06-06,2024-07-15,18.17,12,218.04,1
41_LARNWICK_16262,41,16262,The Dreaming Tree Crush Red,750mL,1392,CONSTELLATION BRANDS INC   ,10190,2024-05-12,2024-05-17,2024-05-27,2024-06-26,7.18,9,64.62,2
76_DONCASTER_46568,76,46568,R M Woodbridge Cab/Merlot,1.5L,1392,CONSTELLATION BRANDS INC   ,11703,2024-08-18,2024-08-24,2024-09-03,2024-10-01,6.03,5,30.15,2
39_EASTHALLOW_41254,39,41254,Ch St Jean Merlot Cal,750mL,9819,TREASURY WINE ESTATES      ,10078,2024-05-04,2024-05-12,2024-05-18,2024-06-16,5.85,11,64.35,2
38_GOULCREST_33348,38,33348,Greg Norman Limestone Shiraz,750mL,9819,TREASURY WINE ESTATES      ,13099,2024-11-16,2024-11-22,2024-12-05,2025-01-06,7.23,12,86.76,2
29_AYLESBURY_3512,29,3512,Pinnacle Vodka,1.75L,12546,JIM BEAM BRANDS COMPANY    ,12317,2024-09-25,2024-10-07,2024-10-11,2024-11-26,11.76,10,117.6,1
48_NORFOLK_8068,48,8068,Absolut 80 Proof,1.75L,17035,PERNOD RICARD USA          ,9291,2024-03-10,2024-03-17,2024-03-22,2024-05-08,18.24,28,510.72,1
60_IRRAGIN_4247,60,4247,Bacardi Limon Rum,750mL,480,BACARDI USA INC            ,12690,2024-10-20,2024-10-27,2024-11-04,2024-12-12,7.99,12,95.88,1
64_CESTERFIELD_25295,64,25295,Stark Conde Cab Svgn,750mL,1587,VINEYARD BRANDS INC        ,10830,2024-06-24,2024-06-28,2024-07-04,2024-08-08,6.89,5,34.45,2
54_GUTHRAM_6495,54,6495,Exotico Blanco Tequila,750mL,8352,LUXCO INC                  ,9961,2024-04-26,2024-05-06,2024-05-11,2024-06-21,11.02,36,396.72,1
6_GOULCREST_821,6,821,Grand Marnier,Liter,8112,MOET HENNESSY USA INC      ,11334,2024-07-24,2024-08-03,2024-08-12,2024-09-16,27.99,12,335.88,1
8_ALNERWICK_4989,8,4989,Martell VS Cognac,750mL,17035,PERNOD RICARD USA          ,13477,2024-12-12,2024-12-22,2025-01-03,2025-02-02,16.66,12,199.92,1
39_EASTHALLOW_11488,39,11488,C K Mondavi Cab Svgn,1.5L,2000,SOUTHERN WINE & SPIRITS NE ,11580,2024-08-09,2024-08-16,2024-08-22,2024-09-22,7.53,5,37.65,2
50_MOUNTMEND_13491,50,13491,Barefoot Cellars Rsl,1.5L,3252,E & J GALLO WINERY         ,13530,2024-12-15,2024-12-21,2024-12-26,2025-02-12,7.28,4,29.12,2
15_WANBORNE_4149,15,4149,Sailor Jerry Spiced Navy Rum,50mL,3664,WILLIAM GRANT & SONS INC   ,9582,2024-03-30,2024-04-08,2024-04-12,2024-05-28,1.16,114,132.24,1
55_DRY GULCH_858,55,858,Canadian Club,Liter,12546,JIM BEAM BRANDS COMPANY    ,12222,2024-09-22,2024-09-29,2024-10-04,2024-11-03,8.95,1,8.95,1
15_WANBORNE_3515,15,3515,Skyy Infusions Citrus Vodka,1.75L,11567,CAMPARI AMERICA            ,12584,2024-10-13,2024-10-20,2024-10-26,2024-12-11,15.5,6,93.0,1
33_HORNSEY_3452,33,3452,Vanya Light Vodka,1.75L,9552,M S WALKER INC             ,10572,2024-06-07,2024-06-16,2024-06-27,2024-07-26,5.55,5,27.75,1
81_PEMBROKE_1748,81,1748,William Grant Scotch,750mL,3664,WILLIAM GRANT & SONS INC   ,11747,2024-08-21,2024-08-30,2024-09-07,2024-10-23,10.29,12,123.48,1
55_DRY GULCH_13341,55,13341,Terra d'Oro Deaver Vyd Znfdl,750mL,8892,TRINCHERO FAMILY ESTATES   ,8399,2024-01-08,2024-01-12,2024-01-22,2024-03-05,13.24,6,79.44,2
27_MOUNTMEND_15393,27,15393,Cupcake Pnt Grigio,750mL,9815,WINE GROUP INC             ,13526,2024-12-14,2024-12-20,2025-01-03,2025-02-03,4.51,12,54.12,2
74_PAENTMARWY_18027,74,18027,Banfi Rosa Regale,750mL,516,BANFI PRODUCTS CORP        ,11342,2024-07-25,2024-08-03,2024-08-16,2024-09-10,9.08,6,54.48,2
57_LANTEGLOS_17168,57,17168,Kendall Jackson Vntrs Rsl Rs,750mL,10000,MAJESTIC FINE WINES        ,13294,2024-11-30,2024-12-08,2024-12-14,2025-01-14,5.99,10,59.9,2
55_DRY GULCH_8498,55,8498,R M Woodbridge Svgn Bl Cal,1.5L,1392,CONSTELLATION BRANDS INC   ,11793,2024-08-24,2024-08-30,2024-09-13,2024-10-08,5.84,6,35.04,2
34_PITMERDEN_5333,34,5333,Jenkins Amaretto,1.75L,9552,M S WALKER INC             ,9877,2024-04-20,2024-04-26,2024-05-10,2024-06-07,8.65,6,51.9,1
13_TARMSWORTH_1281,13,1281,Benchmark Old #8 Bourbon,1.75L,8004,SAZERAC CO INC             ,8366,2024-01-06,2024-01-13,2024-01-24,2024-02-22,11.19,10,111.9,1
8_ALNERWICK_1358,8,1358,Knob Creek Bourbon,1.75L,12546,JIM BEAM BRANDS COMPANY    ,9708,2024-04-08,2024-04-12,2024-04-20,2024-05-21,42.85,6,257.1,1
17_OLDHAM_3326,17,3326,Jenkins Gin,1.75L,9552,M S WALKER INC             ,10229,2024-05-15,2024-05-24,2024-06-05,2024-07-08,7.36,6,44.16,1
60_IRRAGIN_41546,60,41546,Monkey Bay Svgn Bl,750mL,1392,CONSTELLATION BRANDS INC   ,11156,2024-07-12,2024-07-21,2024-07-25,2024-09-04,5.51,9,49.59,2
65_LUTON_3489,65,3489,Tanqueray,1.75L,3960,DIAGEO NORTH AMERICA INC   ,9904,2024-04-22,2024-04-27,2024-05-07,2024-06-14,20.73,5,103.65,1
48_NORFOLK_5348,48,5348,St Brendans Irish Cream,750mL,8352,LUXCO INC                  ,11388,2024-07-27,2024-08-04,2024-08-15,2024-09-22,7.85,12,94.2,1
40_BULLMAR_8476,40,8476,1800 Reposado Gold Tequila,375mL,7245,PROXIMO SPIRITS INC.       ,11016,2024-07-01,2024-07-07,2024-07-12,2024-08-21,8.98,11,98.78,1
12_LEESIDE_44208,12,44208,Black Box Pnt Grigio,3L,1392,CONSTELLATION BRANDS INC   ,8522,2024-01-18,2024-01-28,2024-02-03,2024-03-14,10.95,6,65.7,2
67_EANVERNESS_35862,67,35862,Allegrini Palazzo Della Tor,750mL,3252,E & J GALLO WINERY         ,9751,2024-04-12,2024-04-18,2024-04-28,2024-05-30,13.6,10,136.0,2
1_HARDERSFIELD_2663,1,2663,Dewars White Label,1.75L,480,BACARDI USA INC            ,10325,2024-05-22,2024-05-31,2024-06-12,2024-07-13,21.42,5,107.1,1
77_TAMWORTH_2894,77,2894,Scoresby Rare,1.75L,3960,DIAGEO NORTH AMERICA INC   ,10936,2024-06-27,2024-07-05,2024-07-16,2024-08-13,12.94,5,64.7,1
66_EANVERNESS_20863,66,20863,W Hill Est Chard N Coast,750mL,3252,E & J GALLO WINERY         ,13358,2024-12-05,2024-12-13,2024-12-21,2025-02-01,8.84,11,97.24,2
33_HORNSEY_2196,33,2196,Canadian Hunter Whiskey,1.75L,8004,SAZERAC CO INC             ,12763,2024-10-25,2024-11-04,2024-11-15,2024-12-17,10.6,5,53.0,1
7_STANMORE_5445,7,5445,Jagermeister Liqueur,750mL,3089,SIDNEY FRANK IMPORTING CO  ,8958,2024-02-16,2024-02-23,2024-03-06,2024-04-13,11.76,83,976.08,1
34_PITMERDEN_17485,34,17485,Barefoot Cellars Red Moscato,1.5L,3252,E & J GALLO WINERY         ,12016,2024-09-08,2024-09-12,2024-09-26,2024-11-01,7.53,5,37.65,2
66_EANVERNESS_2580,66,2580,Barr Hill Gin,750mL,1273,CALEDONIA SPIRITS INC      ,12929,2024-11-06,2024-11-18,2024-11-25,2025-01-02,29.36,6,176.16,1
75_BARNCOMBE_7353,75,7353,1800 Ultimate Peach Margrita,1.75L,7245,PROXIMO SPIRITS INC.       ,13617,2024-12-21,2024-12-29,2025-01-10,2025-02-10,12.02,6,72.12,1
11_CARDEND_3876,11,3876,Smirnoff 80 Proof,1.75L,3960,DIAGEO NORTH AMERICA INC   ,12841,2024-10-31,2024-11-08,2024-11-14,2024-12-27,13.95,9,125.55,1
73_DONCASTER_39691,73,39691,Smith & Hook Lucia Cab Svgn,750mL,7153,PINE STATE TRADING CO      ,10505,2024-06-02,2024-06-10,2024-06-18,2024-07-31,13.79,12,165.48,2
39_EASTHALLOW_12586,39,12586,C Y Toro Frontera Malbec,1.5L,516,BANFI PRODUCTS CORP        ,8339,2024-01-05,2024-01-14,2024-01-21,2024-02-20,4.82,3,14.46,2
20_BREDWARDINE_1003,20,1003,Crown Royal +2 Reusable Cups,750mL,3960,DIAGEO NORTH AMERICA INC   ,13017,2024-11-11,2024-11-14,2024-11-29,2024-12-25,16.66,6,99.96,1
49_GARIGILL_45769,49,45769,Bonterra Svgn Bl Organic,750mL,9165,ULTRA BEVERAGE COMPANY LLP ,10344,2024-05-22,2024-05-30,2024-06-12,2024-07-23,6.65,12,79.8,2
56_BEGGAR'S HOLE_3422,56,3422,Beefeater,750mL,17035,PERNOD RICARD USA          ,12402,2024-09-30,2024-10-05,2024-10-18,2024-11-21,15.99,11,175.89,1
61_AETHELNEY_3760,61,3760,Absolut Pears,750mL,17035,PERNOD RICARD USA          ,9840,2024-04-18,2024-04-25,2024-05-05,2024-06-06,12.49,12,149.88,1
11_CARDEND_2114,11,2114,Black Velvet Canadian Whisky,1.75L,1392,CONSTELLATION BRANDS INC   ,9283,2024-03-10,2024-03-17,2024-03-28,2024-04-27,9.41,21,197.61,1
11_CARDEND_10236,11,10236,Layer Cake Malbec Mendoza,750mL,4425,MARTIGNETTI COMPANIES,9481,2024-03-23,2024-03-28,2024-04-04,2024-05-05,7.81,48,374.88,2
32_MOUNTMEND_8112,32,8112,Stolichnaya,1.75L,8664,"STOLI GROUP,(USA) LLC      ",9343,2024-03-14,2024-03-23,2024-04-05,2024-04-29,19.52,4,78.08,1
76_DONCASTER_3836,76,3836,Smirnoff Citrus Vodka,750mL,3960,DIAGEO NORTH AMERICA INC   ,10566,2024-06-07,2024-06-18,2024-06-20,2024-08-04,7.91,24,189.84,1
42_BLACK HOLLOW_14701,42,14701,Cupcake Red Velvet,750mL,9815,WINE GROUP INC             ,8602,2024-01-22,2024-01-26,2024-02-03,2024-03-10,4.57,24,109.68,2
5_SUTTON_31458,5,31458,Foxhorn Wh Znfdl Cal,1.5L,9815,WINE GROUP INC             ,12124,2024-09-15,2024-09-23,2024-10-02,2024-10-29,5.4,6,32.4,2
34_PITMERDEN_16441,34,16441,Bota Box RedVolution,3L,2242,DELICATO VINEYARDS INC     ,9135,2024-02-29,2024-03-09,2024-03-20,2024-04-25,10.96,3,32.88,2
74_PAENTMARWY_41252,74,41252,Beringer Classic Pnt Grigio,1.5L,9819,TREASURY WINE ESTATES      ,10408,2024-05-26,2024-05-30,2024-06-08,2024-07-17,5.13,47,241.11,2
10_HORNSEY_39599,10,39599,R M Woodbridge Chard Cal,187mL 4 Pk,1392,CONSTELLATION BRANDS INC   ,10190,2024-05-12,2024-05-17,2024-05-27,2024-06-26,4.51,6,27.06,2
12_LEESIDE_34904,12,34904,Smoking Loon Chard,750mL,9552,M S WALKER INC             ,12361,2024-09-27,2024-10-04,2024-10-10,2024-11-24,4.68,12,56.16,2
6_GOULCREST_1385,6,1385,Makers Mark,750mL,12546,JIM BEAM BRANDS COMPANY    ,9605,2024-04-01,2024-04-08,2024-04-17,2024-05-20,20.45,3,61.35,1
76_DONCASTER_3727,76,3727,Absolut Citron,50mL,17035,PERNOD RICARD USA          ,11103,2024-07-07,2024-07-12,2024-07-22,2024-08-27,1.47,120,176.4,1
38_GOULCREST_2713,38,2713,Inver House Green Plaid 3-Y,1.75L,660,SAZERAC NORTH AMERICA INC. ,11133,2024-07-10,2024-07-20,2024-08-02,2024-08-29,10.93,2,21.86,1
72_HARDERSFIELD_6349,72,6349,Glen Ellen Chard RSV,1.5L,9815,WINE GROUP INC             ,12234,2024-09-22,2024-09-26,2024-10-11,2024-11-09,4.63,16,74.08,2
40_BULLMAR_8111,40,8111,Smirnoff 80 Proof,50mL,3960,DIAGEO NORTH AMERICA INC   ,9904,2024-04-22,2024-04-28,2024-05-07,2024-06-14,0.77,115,88.55,1
8_ALNERWICK_5364,8,5364,Kahlua,1.75L,17035,PERNOD RICARD USA          ,13437,2024-12-09,2024-12-13,2024-12-19,2025-01-27,23.07,10,230.7,1
42_BLACK HOLLOW_5694,42,5694,Ice Box Mudslide,1.75L,8004,SAZERAC CO INC             ,11390,2024-07-27,2024-08-02,2024-08-13,2024-09-09,7.74,6,46.44,1
50_MOUNTMEND_4282,50,4282,Capt Morgan White Pineapple,750mL,3960,DIAGEO NORTH AMERICA INC   ,9624,2024-04-03,2024-04-11,2024-04-18,2024-05-24,9.69,12,116.28,1
67_EANVERNESS_19748,67,19748,Clos du Bois Chard,1.5L,1392,CONSTELLATION BRANDS INC   ,13121,2024-11-18,2024-11-23,2024-12-01,2024-12-29,9.2,4,36.8,2
53_HILLFAR_878,53,878,DeKuyper Green Creme de Ment,Liter,12546,JIM BEAM BRANDS COMPANY    ,13421,2024-12-08,2024-12-14,2024-12-24,2025-01-21,7.46,12,89.52,1
43_WOLFORD_8387,43,8387,Wild Turkey 101,750mL,11567,CAMPARI AMERICA            ,11279,2024-07-20,2024-07-27,2024-08-09,2024-09-01,17.45,12,209.4,1
38_GOULCREST_28889,38,28889,Peter Vella Chard Cal B/B,5L,3252,E & J GALLO WINERY         ,13631,2024-12-22,2024-12-28,2025-01-02,2025-02-18,10.61,3,31.83,2
38_GOULCREST_38406,38,38406,Simi Landslide Cab Svgn Alex,750mL,1392,CONSTELLATION BRANDS INC   ,10986,2024-06-30,2024-07-06,2024-07-17,2024-08-27,15.68,6,94.08,2
55_DRY GULCH_5849,55,5849,GranGala Triple Orange,750mL,8004,SAZERAC CO INC             ,13518,2024-12-14,2024-12-20,2024-12-26,2025-02-01,12.4,36,446.4,1
63_SWORDBREAK_32479,63,32479,Danzante Del Vnzi Pnt Grigio,750mL,9165,ULTRA BEVERAGE COMPANY LLP ,13369,2024-12-05,2024-12-13,2024-12-19,2025-02-04,6.75,10,67.5,2
79_BALLYMENA_24772,79,24772,3 Ball Znfdl,750mL,9552,M S WALKER INC             ,8865,2024-02-10,2024-02-19,2024-02-26,2024-04-01,8.78,12,105.36,2
12_LEESIDE_31915,12,31915,F Coppola Diamond Chard,750mL,2000,SOUTHERN WINE & SPIRITS NE ,8304,2024-01-01,2024-01-07,2024-01-17,2024-02-20,8.27,12,99.24,2
62_KILMARNOCK_14078,62,14078,Bota Box Malbec,3L,2242,DELICATO VINEYARDS INC     ,9358,2024-03-16,2024-03-23,2024-03-29,2024-05-09,11.25,3,33.75,2
48_NORFOLK_4261,48,4261,Capt Morgan Spiced Rum,1.75L,3960,DIAGEO NORTH AMERICA INC   ,9919,2024-04-24,2024-05-02,2024-05-10,2024-06-11,16.17,10,161.7,1
45_VERITAS_4882,45,4882,Arrow Coffee Brandy,750mL,8352,LUXCO INC                  ,10398,2024-05-26,2024-06-01,2024-06-14,2024-07-20,4.7,12,56.4,1
14_BROMWICH_4201,14,4201,Calico Jack Silver Rum,1.75L,12546,JIM BEAM BRANDS COMPANY    ,8443,2024-01-12,2024-01-20,2024-01-28,2024-03-04,9.55,4,38.2,1
36_LEWES_4269,36,4269,Calico Jack Spiced Rum,1.75L,12546,JIM BEAM BRANDS COMPANY    ,11755,2024-08-22,2024-09-01,2024-09-10,2024-10-13,9.22,5,46.1,1
19_WINTERVALE_8103,19,8103,Sauza Gold Tequila,50mL,12546,JIM BEAM BRANDS COMPANY    ,8443,2024-01-12,2024-01-21,2024-01-28,2024-03-04,0.77,10,7.7,1
38_GOULCREST_19164,38,19164,Tracia Malbec,750mL,9165,ULTRA BEVERAGE COMPANY LLP ,9412,2024-03-18,2024-03-21,2024-04-01,2024-05-09,3.99,12,47.88,2
38_GOULCREST_35472,38,35472,R M Woodbridge Pnt Grigio,1.5L,1392,CONSTELLATION BRANDS INC   ,9955,2024-04-26,2024-05-02,2024-05-11,2024-06-22,5.88,18,105.84,2
50_MOUNTMEND_3960,50,3960,Tortilla Gold Tequila Liquer,1.75L,8004,SAZERAC CO INC             ,9512,2024-03-25,2024-03-28,2024-04-12,2024-05-15,9.52,6,57.12,1
19_WINTERVALE_3979,19,3979,Vesica Potato Vodka,1.75L,60,ADAMBA IMPORTS INTL INC    ,12671,2024-10-19,2024-10-25,2024-11-05,2024-12-14,16.27,6,97.62,1
34_PITMERDEN_6635,34,6635,Gallo Twin Valley Hearty Bur,1.5L,3252,E & J GALLO WINERY         ,8624,2024-01-25,2024-02-01,2024-02-15,2024-03-25,6.66,6,39.96,2
40_BULLMAR_1634,40,1634,The Famous Grouse,1.75L,2561,EDRINGTON AMERICAS         ,12707,2024-10-21,2024-10-25,2024-10-31,2024-12-04,20.73,6,124.38,1
55_DRY GULCH_18879,55,18879,LaBelle Winery Seyval Blanc,750mL,90032,LABELLE VYDS AND WINERY    ,13531,2024-12-15,2024-12-22,2025-01-03,2025-02-08,9.99,11,109.89,2
15_WANBORNE_22143,15,22143,Simi Cab Svgn,750mL,1392,CONSTELLATION BRANDS INC   ,13486,2024-12-13,2024-12-23,2024-12-28,2025-02-12,10.52,13,136.76,2
69_MOUNTMEND_32968,69,32968,Alice White Chard Ausl,1.5L,1392,CONSTELLATION BRANDS INC   ,10394,2024-05-26,2024-05-30,2024-06-09,2024-07-20,6.8,6,40.8,2
62_KILMARNOCK_28887,62,28887,Livingston Nat Flvrs Chard,3L,3252,E & J GALLO WINERY         ,11248,2024-07-18,2024-07-27,2024-08-09,2024-09-01,8.38,4,33.52,2
70_KELD_10957,70,10957,Seaglass Svgn Bl Snt Barbara,750mL,8892,TRINCHERO FAMILY ESTATES   ,12249,2024-09-23,2024-09-30,2024-10-10,2024-11-04,6.12,12,73.44,2
15_WANBORNE_2757,15,2757,Johnnie Walker Red Label,1.75L,3960,DIAGEO NORTH AMERICA INC   ,12748,2024-10-25,2024-11-03,2024-11-09,2024-12-22,22.38,51,1141.38,1
9_BLACKPOOL_4245,9,4245,Bacardi Superior Rum,750mL,480,BACARDI USA INC            ,10497,2024-06-02,2024-06-08,2024-06-14,2024-07-28,7.93,8,63.44,1
22_SHARNWICK_6725,22,6725,Franzia Crisp White Tap,5L,9815,WINE GROUP INC             ,9150,2024-02-29,2024-03-10,2024-03-22,2024-04-18,8.44,3,25.32,2
6_GOULCREST_14006,6,14006,Apothic Winemakers Red Blend,750mL,3252,E & J GALLO WINERY         ,10293,2024-05-19,2024-05-24,2024-06-06,2024-07-11,5.44,10,54.4,2
33_HORNSEY_26821,33,26821,Estancia Merlot Central Cst,750mL,1392,CONSTELLATION BRANDS INC   ,11327,2024-07-24,2024-08-04,2024-08-09,2024-09-17,4.93,12,59.16,2
20_BREDWARDINE_3818,20,3818,Cabo Wabo Blanco Tequila,750mL,11567,CAMPARI AMERICA            ,10153,2024-05-10,2024-05-18,2024-05-29,2024-06-24,21.73,6,130.38,1
64_CESTERFIELD_3295,64,3295,Tito's Handmade Vodka,375mL,4425,MARTIGNETTI COMPANIES,11368,2024-07-26,2024-08-02,2024-08-16,2024-09-10,7.93,11,87.23,1
78_EASTHAVEN_39087,78,39087,Corbett Canyon Pnt Grigio,3L,9815,WINE GROUP INC             ,8718,2024-01-31,2024-02-11,2024-02-19,2024-03-27,6.66,6,39.96,2
61_AETHELNEY_3276,61,3276,Gordons London Dry,1.75L,3960,DIAGEO NORTH AMERICA INC   ,13487,2024-12-13,2024-12-23,2024-12-29,2025-02-06,9.62,6,57.72,1
79_BALLYMENA_3876,79,3876,Smirnoff 80 Proof,1.75L,3960,DIAGEO NORTH AMERICA INC   ,12149,2024-09-18,2024-09-28,2024-10-08,2024-11-07,13.95,11,153.45,1
39_EASTHALLOW_24805,39,24805,Menage a Trois Silk Soft Red,750mL,8892,TRINCHERO FAMILY ESTATES   ,10933,2024-06-26,2024-07-04,2024-07-18,2024-08-22,6.84,12,82.08,2
60_IRRAGIN_19224,60,19224,Miraval Cotes de Prvnce Rose,750mL,1587,VINEYARD BRANDS INC        ,10145,2024-05-09,2024-05-20,2024-05-28,2024-06-26,12.74,11,140.14,2
71_CLARCTON_3041,71,3041,Zhenka Pink Lemonade Vodka,1.75L,9552,M S WALKER INC             ,8626,2024-01-25,2024-02-02,2024-02-12,2024-03-19,5.83,26,151.58,1
10_HORNSEY_5297,10,5297,Southern Comfort,750mL,8004,SAZERAC CO INC             ,12763,2024-10-25,2024-10-31,2024-11-15,2024-12-17,10.76,11,118.36,1
71_CLARCTON_4368,71,4368,Capt Morgan Private Stock,1.75L,3960,DIAGEO NORTH AMERICA INC   ,13320,2024-12-02,2024-12-06,2024-12-19,2025-01-13,23.91,6,143.46,1
5_SUTTON_19848,5,19848,Carnivor Cab Svgn,750mL,3252,E & J GALLO WINERY         ,12932,2024-11-06,2024-11-18,2024-11-22,2024-12-24,5.33,12,63.96,2
23_ARBINGTON_6725,23,6725,Franzia Crisp White Tap,5L,9815,WINE GROUP INC             ,8943,2024-02-15,2024-02-25,2024-02-29,2024-04-09,8.44,6,50.64,2
15_WANBORNE_6349,15,6349,Glen Ellen Chard RSV,1.5L,9815,WINE GROUP INC             ,12551,2024-10-10,2024-10-20,2024-10-28,2024-12-05,4.63,16,74.08,2
47_PELLA'S WISH_13731,47,13731,Monkey Bay Svgn Bl,1.5L,1392,CONSTELLATION BRANDS INC   ,12655,2024-10-18,2024-10-28,2024-11-03,2024-12-13,11.61,6,69.66,2
35_HALIVAARA_3684,35,3684,Fleischmanns Royal Vodka,1.75L,660,SAZERAC NORTH AMERICA INC. ,8938,2024-02-15,2024-02-25,2024-02-29,2024-04-17,7.68,3,23.04,1
69_MOUNTMEND_3776,69,3776,Jose Cuervo Especial Silver,1.75L,7245,PROXIMO SPIRITS INC.       ,8852,2024-02-09,2024-02-17,2024-02-28,2024-04-04,18.56,5,92.8,1
76_DONCASTER_24398,76,24398,Fleur de Pnt Nr California,750mL,4425,MARTIGNETTI COMPANIES,11781,2024-08-23,2024-08-31,2024-09-07,2024-10-16,11.4,12,136.8,2
23_ARBINGTON_3834,23,3834,Skyy Vodka,750mL,11567,CAMPARI AMERICA            ,11687,2024-08-17,2024-08-23,2024-09-01,2024-10-12,10.23,12,122.76,1
2_ASHBORNE_28223,2,28223,Ch Ste Michelle Canoe Rdge C,750mL,8673,STE MICHELLE WINE ESTATES  ,12823,2024-10-28,2024-11-03,2024-11-08,2024-12-08,10.38,6,62.28,2
55_DRY GULCH_3982,55,3982,Hornitos Reposado Tequila,750mL,12546,JIM BEAM BRANDS COMPANY    ,12523,2024-10-09,2024-10-21,2024-10-30,2024-12-06,14.38,8,115.04,1
66_EANVERNESS_1376,66,1376,Jim Beam,1.75L,12546,JIM BEAM BRANDS COMPANY    ,12134,2024-09-16,2024-09-21,2024-09-29,2024-11-07,16.29,2,32.58,1
30_CULCHETH_3522,30,3522,Platinum 7X Distilled Vodka,1.75L,8004,SAZERAC CO INC             ,9713,2024-04-08,2024-04-15,2024-04-25,2024-05-28,9.62,10,96.2,1
1_HARDERSFIELD_39087,1,39087,Corbett Canyon Pnt Grigio,3L,9815,WINE GROUP INC             ,13661,2024-12-23,2024-12-31,2025-01-09,2025-02-08,6.66,3,19.98,2
11_CARDEND_6682,11,6682,R M Woodbridge Chard Cal,1.5L,1392,CONSTELLATION BRANDS INC   ,9749,2024-04-12,2024-04-18,2024-04-28,2024-05-26,6.03,23,138.69,2
39_EASTHALLOW_6451,39,6451,Columbia Crest G E Cab Svgn,750mL,8673,STE MICHELLE WINE ESTATES  ,9366,2024-03-16,2024-03-21,2024-04-03,2024-05-12,6.03,1,6.03,2
34_PITMERDEN_8131,34,8131,Lillet White French Aperiti,750mL,17035,PERNOD RICARD USA          ,9028,2024-02-21,2024-03-04,2024-03-09,2024-04-08,10.38,12,124.56,2
76_DONCASTER_44233,76,44233,A by Acacia Chard Cal,750mL,1590,DIAGEO CHATEAU ESTATE WINES,11636,2024-08-14,2024-08-22,2024-09-06,2024-10-03,6.84,12,82.08,2
55_DRY GULCH_2114,55,2114,Black Velvet Canadian Whisky,1.75L,1392,CONSTELLATION BRANDS INC   ,11246,2024-07-18,2024-07-27,2024-08-08,2024-09-09,9.41,17,159.97,1
73_DONCASTER_15193,73,15193,Billecart-Salmon Brut Rsv,750mL,10754,PERFECTA WINES             ,10524,2024-06-03,2024-06-07,2024-06-14,2024-07-29,30.96,13,402.48,2
9_BLACKPOOL_4267,9,4267,Bacardi Limon Rum,1.75L,480,BACARDI USA INC            ,12040,2024-09-11,2024-09-21,2024-10-03,2024-10-27,15.62,6,93.72,1
21_BALERNO_16655,21,16655,Dom Bousquet Cab Svgn Mendza,750mL,10754,PERFECTA WINES             ,10591,2024-06-08,2024-06-16,2024-06-24,2024-08-04,7.23,12,86.76,2
59_CLAETHORPES_513,59,513,Ocean Vodka,750mL,9165,ULTRA BEVERAGE COMPANY LLP ,8219,2023-12-27,2024-01-05,2024-01-16,2024-02-26,23.01,6,138.06,1
75_BARNCOMBE_3238,75,3238,Hendrick's Gin,750mL,3664,WILLIAM GRANT & SONS INC   ,8807,2024-02-05,2024-02-09,2024-02-20,2024-03-29,22.83,6,136.98,1
9_BLACKPOOL_1346,9,1346,Knob Creek Bourbon,750mL,12546,JIM BEAM BRANDS COMPANY    ,8903,2024-02-12,2024-02-15,2024-02-22,2024-03-29,22.55,6,135.3,1
50_MOUNTMEND_5342,50,5342,Grand Marnier,750mL,8112,MOET HENNESSY USA INC      ,10210,2024-05-13,2024-05-17,2024-05-27,2024-07-03,19.85,11,218.35,1
66_EANVERNESS_3209,66,3209,Hammer & Sickle Vodka,750mL,4550,KLIN SPIRITS LLC           ,10362,2024-05-24,2024-05-30,2024-06-11,2024-07-24,14.07,6,84.42,1
56_BEGGAR'S HOLE_20447,56,20447,Barefoot Bubbly Pink Moscato,187mL 4 Pk,3252,E & J GALLO WINERY         ,9260,2024-03-09,2024-03-15,2024-03-21,2024-05-03,6.53,6,39.18,2
23_ARBINGTON_2100,23,2100,Canadian Regal,1.75L,9552,M S WALKER INC             ,9571,2024-03-30,2024-04-07,2024-04-16,2024-05-28,7.24,4,28.96,1
6_GOULCREST_22569,6,22569,Bota Box Svgn Bl,3L,2242,DELICATO VINEYARDS INC     ,8796,2024-02-05,2024-02-09,2024-02-22,2024-03-25,11.72,3,35.16,2
73_DONCASTER_811,73,811,Jack Daniels No 7 Black,Liter,1128,BROWN-FORMAN CORP          ,8838,2024-02-09,2024-02-15,2024-02-23,2024-03-25,19.84,12,238.08,1
68_SOLARIS_13661,68,13661,Duckhorn Decoy Pnt Nr,750mL,4425,MARTIGNETTI COMPANIES,11303,2024-07-21,2024-07-28,2024-08-02,2024-09-18,11.61,60,696.6,2
25_CAERSHIRE_6565,25,6565,Clos du Bois Cab Svgn N Cst,750mL,1392,CONSTELLATION BRANDS INC   ,9134,2024-02-29,2024-03-08,2024-03-16,2024-04-28,5.99,9,53.91,2
6_GOULCREST_39798,6,39798,R M Woodbridge Pnt Grigio,187mL 4 Pk,1392,CONSTELLATION BRANDS INC   ,11793,2024-08-24,2024-08-30,2024-09-13,2024-10-08,4.69,6,28.14,2
39_EASTHALLOW_8258,39,8258,Campari,750mL,11567,CAMPARI AMERICA            ,10379,2024-05-25,2024-05-31,2024-06-12,2024-07-23,21.05,11,231.55,1
16_LUNDY_41251,16,41251,Beringer Classic Pnt Grigio,750mL,9819,TREASURY WINE ESTATES      ,11295,2024-07-20,2024-07-29,2024-08-02,2024-09-08,3.39,15,50.85,2
40_BULLMAR_2373,40,2373,Jim Beam Maple,750mL,12546,JIM BEAM BRANDS COMPANY    ,10295,2024-05-19,2024-05-26,2024-06-06,2024-07-16,10.29,12,123.48,1
10_HORNSEY_5694,10,5694,Ice Box Mudslide,1.75L,8004,SAZERAC CO INC             ,9713,2024-04-08,2024-04-12,2024-04-25,2024-05-28,7.74,6,46.44,1
76_DONCASTER_4233,76,4233,Castillo Silver Label Rum,1.75L,480,BACARDI USA INC            ,10240,2024-05-16,2024-05-25,2024-05-31,2024-07-16,7.87,3,23.61,1
73_DONCASTER_8191,73,8191,Savory & James Deluxe Cream,1.5L,4380,CHARLES JACQUIN ET CIE INC ,8392,2024-01-08,2024-01-11,2024-01-19,2024-02-20,14.45,6,86.7,1
61_AETHELNEY_1366,61,1366,Red Stag by Jim Beam,50mL,12546,JIM BEAM BRANDS COMPANY    ,10007,2024-04-29,2024-05-04,2024-05-12,2024-06-22,0.93,110,102.3,1
56_BEGGAR'S HOLE_3040,56,3040,Tito's Handmade Vodka,Liter,4425,MARTIGNETTI COMPANIES,10438,2024-05-29,2024-06-08,2024-06-17,2024-07-31,16.54,119,1968.26,1
76_DONCASTER_32108,76,32108,Erath Pnt Nr Oregon,750mL,8673,STE MICHELLE WINE ESTATES  ,13498,2024-12-13,2024-12-20,2024-12-29,2025-01-31,10.31,7,72.17,2
76_DONCASTER_3209,76,3209,Hammer & Sickle Vodka,750mL,4550,KLIN SPIRITS LLC           ,9606,2024-04-01,2024-04-07,2024-04-19,2024-05-13,14.07,4,56.28,1
74_PAENTMARWY_16320,74,16320,Ninety+Cellars Lot 42 Pnt Gr,750mL,4950,LATITUDE BEVERAGE COMPANY  ,9139,2024-02-29,2024-03-09,2024-03-16,2024-04-30,5.84,12,70.08,2
49_GARIGILL_3687,49,3687,Fleischmanns Royal Traveler,750mL,660,SAZERAC NORTH AMERICA INC. ,10806,2024-06-23,2024-06-29,2024-07-11,2024-08-20,3.84,9,34.56,1
69_MOUNTMEND_6523,69,6523,Franzia Burgundy Tap Red,5L,9815,WINE GROUP INC             ,12987,2024-11-08,2024-11-14,2024-11-23,2024-12-28,10.06,4,40.24,2
15_WANBORNE_29077,15,29077,Pine Ridge Chn Bl/Viognier,750mL,4425,MARTIGNETTI COMPANIES,8830,2024-02-08,2024-02-18,2024-03-01,2024-03-25,9.65,12,115.8,2
32_MOUNTMEND_5805,32,5805,Jose Cuervo Light Margaritas,1.75L,7245,PROXIMO SPIRITS INC.       ,9977,2024-04-27,2024-05-06,2024-05-17,2024-06-23,11.1,4,44.4,1
15_WANBORNE_4197,15,4197,Sailor Jerry Spiced Rum Trav,750mL,3664,WILLIAM GRANT & SONS INC   ,11849,2024-08-28,2024-09-08,2024-09-14,2024-10-18,13.07,12,156.84,1
40_BULLMAR_1281,40,1281,Benchmark Old #8 Bourbon,1.75L,8004,SAZERAC CO INC             ,9157,2024-03-01,2024-03-08,2024-03-20,2024-04-22,11.19,6,67.14,1
61_AETHELNEY_6755,61,6755,Peter Vella Chablis B/B,5L,3252,E & J GALLO WINERY         ,13530,2024-12-15,2024-12-21,2024-12-26,2025-02-12,10.34,4,41.36,2
8_ALNERWICK_46202,8,46202,Yellow Tail Pnt Grigio Ausl,1.5L,4425,MARTIGNETTI COMPANIES,9309,2024-03-11,2024-03-17,2024-03-22,2024-04-25,6.05,48,290.4,2
71_CLARCTON_4261,71,4261,Capt Morgan Spiced Rum,1.75L,3960,DIAGEO NORTH AMERICA INC   ,12585,2024-10-13,2024-10-18,2024-10-31,2024-11-29,16.17,21,339.57,1
64_CESTERFIELD_3423,64,3423,Beefeater,1.75L,17035,PERNOD RICARD USA          ,11552,2024-08-08,2024-08-15,2024-08-29,2024-09-28,21.25,5,106.25,1
21_BALERNO_18013,21,18013,Cecchi Sangiovese,750mL,9165,ULTRA BEVERAGE COMPANY LLP ,8219,2023-12-27,2024-01-05,2024-01-16,2024-02-26,4.69,12,56.28,2
59_CLAETHORPES_37731,59,37731,Corbett Canyon Chard,3L,9815,WINE GROUP INC             ,13526,2024-12-14,2024-12-19,2025-01-03,2025-02-03,6.7,6,40.2,2
23_ARBINGTON_24779,23,24779,Straccali Chianti,1.5L,6785,PALM BAY INTERNATIONAL INC ,12681,2024-10-19,2024-10-25,2024-11-02,2024-12-08,6.84,5,34.2,2
69_MOUNTMEND_39356,69,39356,Bota Box Chard Cal,3L,2242,DELICATO VINEYARDS INC     ,10987,2024-06-30,2024-07-08,2024-07-16,2024-08-19,11.56,2,23.12,2
63_SWORDBREAK_2114,63,2114,Black Velvet Canadian Whisky,1.75L,1392,CONSTELLATION BRANDS INC   ,12840,2024-10-31,2024-11-08,2024-11-18,2024-12-23,9.41,45,423.45,1
66_EANVERNESS_8680,66,8680,Crown Royal,1.75L,3960,DIAGEO NORTH AMERICA INC   ,13084,2024-11-16,2024-11-21,2024-12-03,2025-01-06,28.88,1,28.88,1
2_ASHBORNE_3879,2,3879,Smirnoff 80 Proof Traveler,750mL,3960,DIAGEO NORTH AMERICA INC   ,12585,2024-10-13,2024-10-17,2024-10-31,2024-11-29,7.91,10,79.1,1
74_PAENTMARWY_3984,74,3984,Sauza Tres Generacions Anejo,750mL,12546,JIM BEAM BRANDS COMPANY    ,13421,2024-12-08,2024-12-12,2024-12-24,2025-01-21,32.3,6,193.8,1
34_PITMERDEN_1892,34,1892,Yukon Jack,50mL,3960,DIAGEO NORTH AMERICA INC   ,9302,2024-03-11,2024-03-16,2024-03-28,2024-04-30,0.72,93,66.96,1
38_GOULCREST_25877,38,25877,Ravage Cab Svgn,750mL,1392,CONSTELLATION BRANDS INC   ,11883,2024-08-31,2024-09-09,2024-09-14,2024-10-30,9.67,12,116.04,2
69_MOUNTMEND_3276,69,3276,Gordons London Dry,1.75L,3960,DIAGEO NORTH AMERICA INC   ,10468,2024-05-31,2024-06-06,2024-06-15,2024-07-24,9.62,5,48.1,1
50_MOUNTMEND_13491,50,13491,Barefoot Cellars Rsl,1.5L,3252,E & J GALLO WINERY         ,9260,2024-03-09,2024-03-17,2024-03-21,2024-05-03,7.28,4,29.12,2
11_CARDEND_6288,11,6288,Almaden Chablis B/B,5L,9815,WINE GROUP INC             ,8876,2024-02-10,2024-02-18,2024-02-23,2024-04-05,10.06,4,40.24,2
60_IRRAGIN_3745,60,3745,Taaka Vodka Traveler,750mL,8004,SAZERAC CO INC             ,9924,2024-04-24,2024-05-05,2024-05-09,2024-06-19,3.07,8,24.56,1
55_DRY GULCH_3180,55,3180,New Amsterdam Vodka,1.75L,3252,E & J GALLO WINERY         ,9169,2024-03-02,2024-03-09,2024-03-18,2024-04-26,10.94,12,131.28,1
49_GARIGILL_1237,49,1237,Jack Daniels Single Barrel,750mL,1128,BROWN-FORMAN CORP          ,9017,2024-02-21,2024-03-02,2024-03-07,2024-04-21,33.83,12,405.96,1
18_FURNESS_31201,18,31201,Beringer Fndrs Est Cab Svgn,750mL,9819,TREASURY WINE ESTATES      ,9209,2024-03-04,2024-03-11,2024-03-18,2024-04-20,6.03,12,72.36,2
49_GARIGILL_43292,49,43292,Fish Eye Pnt Grigio,1.5L,9815,WINE GROUP INC             ,13526,2024-12-14,2024-12-21,2025-01-03,2025-02-03,6.49,6,38.94,2
66_EANVERNESS_6570,66,6570,Kendall Jackson Chard Vt RSV,750mL,10000,MAJESTIC FINE WINES        ,13453,2024-12-11,2024-12-19,2025-01-02,2025-02-04,6.77,25,169.25,2
77_TAMWORTH_8218,77,8218,Camarena Reposado Tequila,1.75L,3252,E & J GALLO WINERY         ,13530,2024-12-15,2024-12-22,2024-12-26,2025-02-12,23.87,6,143.22,1
10_HORNSEY_5758,10,5758,1800 Ultimate Margarita RTD,1.75L,7245,PROXIMO SPIRITS INC.       ,10071,2024-05-04,2024-05-11,2024-05-24,2024-06-20,13.33,6,79.98,1
73_DONCASTER_7198,73,7198,New Amsterdam Pineapple Vdka,750mL,3252,E & J GALLO WINERY         ,12417,2024-10-02,2024-10-13,2024-10-20,2024-11-30,7.4,12,88.8,1
66_EANVERNESS_8787,66,8787,Torresella Pinot Grigio Ven,750mL,4425,MARTIGNETTI COMPANIES,9973,2024-04-27,2024-05-03,2024-05-11,2024-06-24,6.7,12,80.4,2
56_BEGGAR'S HOLE_3405,56,3405,Tito's Handmade Vodka,1.75L,4425,MARTIGNETTI COMPANIES,12848,2024-10-31,2024-11-08,2024-11-20,2024-12-21,23.19,8,185.52,1
20_BREDWARDINE_7977,20,7977,M & R X Dry Vermouth,1.5L,480,BACARDI USA INC            ,10778,2024-06-22,2024-06-27,2024-07-09,2024-08-04,7.49,6,44.94,1
7_STANMORE_36344,7,36344,Latour Pinot Noir Valmoissin,750mL,9552,M S WALKER INC             ,11756,2024-08-22,2024-08-30,2024-09-13,2024-10-08,8.72,12,104.64,2
64_CESTERFIELD_3348,64,3348,Bombay Sapphire Gin,1.75L,480,BACARDI USA INC            ,8618,2024-01-25,2024-02-04,2024-02-16,2024-03-17,22.38,4,89.52,1
13_TARMSWORTH_4916,13,4916,Mr Boston Coffee Brandy,1.75L,660,SAZERAC NORTH AMERICA INC. ,12432,2024-10-02,2024-10-12,2024-10-21,2024-11-29,7.87,6,47.22,1
51_ABERDEEN_3826,51,3826,Skyy Vodka,1.75L,11567,CAMPARI AMERICA            ,12146,2024-09-18,2024-09-28,2024-10-11,2024-11-08,15.74,6,94.44,1
21_BALERNO_6438,21,6438,Beringer Classic Chenin Blan,750mL,9819,TREASURY WINE ESTATES      ,9579,2024-03-30,2024-04-05,2024-04-17,2024-05-18,3.22,15,48.3,2
62_KILMARNOCK_31465,62,31465,Franzia Tap Chard,5L,9815,WINE GROUP INC             ,11605,2024-08-10,2024-08-15,2024-08-26,2024-10-02,10.38,3,31.14,2
38_GOULCREST_8537,38,8537,Dom Chandon Brut Cuvee,750mL,8112,MOET HENNESSY USA INC      ,10687,2024-06-15,2024-06-24,2024-06-30,2024-08-12,9.39,3,28.17,2
38_GOULCREST_24605,38,24605,Fortant Chard,750mL,10754,PERFECTA WINES             ,8729,2024-02-01,2024-02-08,2024-02-20,2024-03-25,5.29,12,63.48,2
28_LARNWICK_5315,28,5315,B & B Liqueur Dom,750mL,480,BACARDI USA INC            ,12312,2024-09-25,2024-10-03,2024-10-13,2024-11-13,19.22,11,211.42,1
8_ALNERWICK_3637,8,3637,Zhenka Vodka Plastic,750mL,9552,M S WALKER INC             ,11145,2024-07-11,2024-07-21,2024-07-29,2024-09-09,3.89,9,35.01,1
27_MOUNTMEND_3794,27,3794,Cabo Wabo Reposado Tequila,750mL,11567,CAMPARI AMERICA            ,11279,2024-07-20,2024-07-28,2024-08-09,2024-09-01,27.77,6,166.62,1
2_ASHBORNE_3314,2,3314,El Jimador Blanco Tequila,1.75L,1128,BROWN-FORMAN CORP          ,12192,2024-09-21,2024-09-29,2024-10-10,2024-11-11,19.28,5,96.4,1
72_HARDERSFIELD_2443,72,2443,Seagrams VO,1.75L,3960,DIAGEO NORTH AMERICA INC   ,10754,2024-06-20,2024-06-29,2024-07-10,2024-08-20,13.48,8,107.84,1
60_IRRAGIN_4204,60,4204,Bacardi Coco Rum,750mL,480,BACARDI USA INC            ,11067,2024-07-05,2024-07-15,2024-07-24,2024-08-24,7.74,11,85.14,1
6_GOULCREST_497,6,497,Capt Morgan Spiced Rum,Liter,3960,DIAGEO NORTH AMERICA INC   ,8966,2024-02-17,2024-02-23,2024-03-07,2024-04-11,14.7,12,176.4,1
10_HORNSEY_15156,10,15156,Yago Sant'Gria Red,3L,8352,LUXCO INC                  ,11388,2024-07-27,2024-08-02,2024-08-15,2024-09-22,8.84,4,35.36,2
62_KILMARNOCK_9145,62,9145,Smirnoff Kissed Caramel,50mL,3960,DIAGEO NORTH AMERICA INC   ,12748,2024-10-25,2024-10-31,2024-11-09,2024-12-22,0.75,109,81.75,1
73_DONCASTER_3201,73,3201,Plymouth Gin,750mL,17035,PERNOD RICARD USA          ,13194,2024-11-23,2024-11-29,2024-12-09,2025-01-09,21.96,6,131.76,1
45_VERITAS_3512,45,3512,Pinnacle Vodka,1.75L,12546,JIM BEAM BRANDS COMPANY    ,11099,2024-07-07,2024-07-13,2024-07-19,2024-08-31,11.76,14,164.64,1
69_MOUNTMEND_42678,69,42678,Fish Eye Shiraz,750mL,9815,WINE GROUP INC             ,13160,2024-11-21,2024-11-28,2024-12-06,2025-01-20,3.33,12,39.96,2
34_PITMERDEN_43184,34,43184,Writer's Block Cab Franc,750mL,9552,M S WALKER INC             ,12962,2024-11-07,2024-11-17,2024-11-22,2025-01-07,10.45,12,125.4,2
38_GOULCREST_5337,38,5337,Drambuie,750mL,3664,WILLIAM GRANT & SONS INC   ,13065,2024-11-14,2024-11-26,2024-12-05,2025-01-03,20.6,4,82.4,1
79_BALLYMENA_13258,79,13258,ChocoVine,750mL,9165,ULTRA BEVERAGE COMPANY LLP ,12947,2024-11-06,2024-11-18,2024-11-22,2025-01-08,6.49,11,71.39,2
30_CULCHETH_8905,30,8905,Livingston Cellars Red Rose,3L,3252,E & J GALLO WINERY         ,8999,2024-02-19,2024-02-25,2024-02-29,2024-04-10,7.84,4,31.36,2
76_DONCASTER_2834,76,2834,Old Smuggler P E T,1.75L,8320,SHAW ROSS INT L IMP LTD    ,9649,2024-04-04,2024-04-12,2024-04-24,2024-06-03,12.3,4,49.2,1
34_PITMERDEN_33149,34,33149,Alamos Ridge Malbec Mendoza,750mL,3252,E & J GALLO WINERY         ,12859,2024-11-01,2024-11-09,2024-11-16,2024-12-20,4.79,12,57.48,2
47_PELLA'S WISH_32749,47,32749,Brancott Svgn Bl Marlboro,750mL,17035,PERNOD RICARD USA          ,10248,2024-05-16,2024-05-27,2024-06-06,2024-07-02,5.26,36,189.36,2
38_GOULCREST_6586,38,6586,Citra Montepulciano,1.5L,6785,PALM BAY INTERNATIONAL INC ,11824,2024-08-26,2024-09-01,2024-09-10,2024-10-23,6.7,6,40.2,2
28_LARNWICK_6876,28,6876,Sutter Home Clsc Chard,187mL 4 Pk,8892,TRINCHERO FAMILY ESTATES   ,9545,2024-03-28,2024-04-06,2024-04-18,2024-05-19,3.97,6,23.82,2
40_BULLMAR_5365,40,5365,Kahlua,750mL,17035,PERNOD RICARD USA          ,9631,2024-04-03,2024-04-12,2024-04-23,2024-05-23,14.84,11,163.24,1
41_LARNWICK_8691,41,8691,Jose Cuervo Especial,750mL,7245,PROXIMO SPIRITS INC.       ,10745,2024-06-19,2024-06-28,2024-07-04,2024-08-21,11.9,12,142.8,1
14_BROMWICH_6479,14,6479,Clos du Bois Chard,750mL,1392,CONSTELLATION BRANDS INC   ,10291,2024-05-19,2024-05-25,2024-06-01,2024-07-12,5.95,12,71.4,2
50_MOUNTMEND_14006,50,14006,Apothic Winemakers Red Blend,750mL,3252,E & J GALLO WINERY         ,10084,2024-05-05,2024-05-12,2024-05-16,2024-06-29,5.44,20,108.8,2
73_DONCASTER_2965,73,2965,Ardbeg 10 Yr Single Malt Sc,750mL,8112,MOET HENNESSY USA INC      ,9377,2024-03-17,2024-03-24,2024-03-31,2024-05-12,34.64,6,207.84,1
34_PITMERDEN_3272,34,3272,Sobieski Vodka,1.75L,9552,M S WALKER INC             ,9119,2024-02-28,2024-03-08,2024-03-16,2024-04-21,13.23,6,79.38,1
38_GOULCREST_1758,38,1758,Aberlour Glenlivet 12 Yr,750mL,17035,PERNOD RICARD USA          ,11552,2024-08-08,2024-08-18,2024-08-29,2024-09-28,29.76,5,148.8,1
22_SHARNWICK_2226,22,2226,Jim Beam Devils Cut,1.75L,12546,JIM BEAM BRANDS COMPANY    ,13557,2024-12-18,2024-12-30,2025-01-04,2025-02-17,27.6,6,165.6,1
79_BALLYMENA_4932,79,4932,Arrow Ginger Brandy,750mL,8352,LUXCO INC                  ,12093,2024-09-14,2024-09-22,2024-10-04,2024-11-01,4.5,12,54.0,1
59_CLAETHORPES_1892,59,1892,Yukon Jack,50mL,3960,DIAGEO NORTH AMERICA INC   ,9585,2024-03-31,2024-04-06,2024-04-15,2024-05-26,0.72,100,72.0,1
19_WINTERVALE_7716,19,7716,Andre Brut,750mL,3252,E & J GALLO WINERY         ,9958,2024-04-26,2024-05-05,2024-05-12,2024-06-20,3.79,44,166.76,2
55_DRY GULCH_1382,55,1382,Makers 46,750mL,12546,JIM BEAM BRANDS COMPANY    ,12816,2024-10-28,2024-11-02,2024-11-12,2024-12-10,28.56,6,171.36,1
73_DONCASTER_15094,73,15094,Butter Chard,750mL,9165,ULTRA BEVERAGE COMPANY LLP ,10051,2024-05-02,2024-05-11,2024-05-23,2024-06-23,9.08,9,81.72,2
1_HARDERSFIELD_34904,1,34904,Smoking Loon Chard,750mL,9552,M S WALKER INC             ,13138,2024-11-20,2024-11-29,2024-12-09,2025-01-21,4.68,24,112.32,2
41_LARNWICK_1634,41,1634,The Famous Grouse,1.75L,2561,EDRINGTON AMERICAS         ,9851,2024-04-19,2024-04-26,2024-05-09,2024-06-13,20.73,6,124.38,1
34_PITMERDEN_1637,34,1637,Fleischmanns Preferred,1.75L,660,SAZERAC NORTH AMERICA INC. ,11079,2024-07-05,2024-07-12,2024-07-24,2024-08-30,8.13,36,292.68,1
71_CLARCTON_4261,71,4261,Capt Morgan Spiced Rum,1.75L,3960,DIAGEO NORTH AMERICA INC   ,12149,2024-09-18,2024-09-26,2024-10-08,2024-11-07,16.17,26,420.42,1
73_DONCASTER_8075,73,8075,Sheffield Tawny Port,1.5L,3252,E & J GALLO WINERY         ,13631,2024-12-22,2024-12-27,2025-01-02,2025-02-18,6.75,6,40.5,2
9_BLACKPOOL_6918,9,6918,Franzia Tap Cab Svgn,5L,9815,WINE GROUP INC             ,11243,2024-07-17,2024-07-27,2024-08-08,2024-09-06,10.95,4,43.8,2
76_DONCASTER_4634,76,4634,Gold Crown Wh Rum,1.75L,9552,M S WALKER INC             ,9323,2024-03-13,2024-03-23,2024-04-02,2024-05-12,8.52,5,42.6,1
65_LUTON_37731,65,37731,Corbett Canyon Chard,3L,9815,WINE GROUP INC             ,13353,2024-12-04,2024-12-14,2024-12-23,2025-01-21,6.7,6,40.2,2
69_MOUNTMEND_35914,69,35914,Stone Cellars Chard,1.5L,9819,TREASURY WINE ESTATES      ,10078,2024-05-04,2024-05-09,2024-05-18,2024-06-16,5.51,6,33.06,2
66_EANVERNESS_10296,66,10296,Alamos Slcn Malbec Mendoza,750mL,3252,E & J GALLO WINERY         ,12417,2024-10-02,2024-10-14,2024-10-20,2024-11-30,9.73,12,116.76,2
73_DONCASTER_4878,73,4878,Allens Coffee Brandy,750mL,9552,M S WALKER INC             ,11942,2024-09-04,2024-09-13,2024-09-27,2024-11-01,4.92,11,54.12,1
2_ASHBORNE_4737,2,4737,St Remy VSOP Authentic Brndy,750mL,7239,REMY COINTREAU USA INC     ,11739,2024-08-21,2024-08-29,2024-09-08,2024-10-10,7.91,12,94.92,1
10_HORNSEY_28947,10,28947,R M Woodbridge Merlot Cal,1.5L,1392,CONSTELLATION BRANDS INC   ,12357,2024-09-27,2024-10-06,2024-10-17,2024-11-19,5.91,1,5.91,2
47_PELLA'S WISH_31201,47,31201,Beringer Fndrs Est Cab Svgn,750mL,9819,TREASURY WINE ESTATES      ,9928,2024-04-24,2024-05-06,2024-05-10,2024-06-10,6.03,12,72.36,2
34_PITMERDEN_8077,34,8077,Sheffield Very Dry Sherry,1.5L,3252,E & J GALLO WINERY         ,9905,2024-04-22,2024-04-25,2024-05-09,2024-06-17,6.84,6,41.04,2
20_BREDWARDINE_8513,20,8513,Baileys Irish Cream Mini's 4,100mL 4 Pk,3960,DIAGEO NORTH AMERICA INC   ,9585,2024-03-31,2024-04-04,2024-04-15,2024-05-26,6.56,24,157.44,1
50_MOUNTMEND_8452,50,8452,Cruzan Aged Light Rum,1.75L,12546,JIM BEAM BRANDS COMPANY    ,10087,2024-05-05,2024-05-13,2024-05-19,2024-06-21,12.68,5,63.4,1
34_PITMERDEN_21883,34,21883,Chusclan Les Genets CDR,750mL,9165,ULTRA BEVERAGE COMPANY LLP ,10444,2024-05-29,2024-06-08,2024-06-20,2024-07-18,4.6,17,78.2,2
76_DONCASTER_34904,76,34904,Smoking Loon Chard,750mL,9552,M S WALKER INC             ,8916,2024-02-14,2024-02-23,2024-03-05,2024-04-14,4.68,12,56.16,2
19_WINTERVALE_4673,19,4673,Hennessy VS Cognac,1.75L,8112,MOET HENNESSY USA INC      ,11800,2024-08-24,2024-08-30,2024-09-11,2024-10-12,46.66,6,279.96,1
81_PEMBROKE_8670,81,8670,Arrow Coffee Brandy,1.75L,8352,LUXCO INC                  ,13435,2024-12-09,2024-12-14,2024-12-26,2025-01-30,7.85,6,47.1,1
2_ASHBORNE_44035,2,44035,De Loach Pnt Nr,750mL,4425,MARTIGNETTI COMPANIES,12318,2024-09-25,2024-10-03,2024-10-17,2024-11-12,6.84,12,82.08,2
8_ALNERWICK_28887,8,28887,Livingston Nat Flvrs Chard,3L,3252,E & J GALLO WINERY         ,9477,2024-03-23,2024-03-29,2024-04-07,2024-05-17,8.38,2,16.76,2
48_NORFOLK_3878,48,3878,Smirnoff 80 Proof,750mL,3960,DIAGEO NORTH AMERICA INC   ,10126,2024-05-09,2024-05-20,2024-05-31,2024-07-04,7.96,10,79.6,1
65_LUTON_36378,65,36378,MezzaCorona Pnt Grigio,1.5L,9165,ULTRA BEVERAGE COMPANY LLP ,12565,2024-10-11,2024-10-19,2024-10-30,2024-11-27,6.83,35,239.05,2
76_DONCASTER_3921,76,3921,Espolon Reposado Tequila,750mL,11567,CAMPARI AMERICA            ,12146,2024-09-18,2024-09-28,2024-10-11,2024-11-08,17.9,6,107.4,1
73_DONCASTER_8627,73,8627,Jadot Beaujolais Villages,750mL,4692,KOBRAND CORPORATION        ,11798,2024-08-24,2024-09-01,2024-09-10,2024-10-09,5.47,24,131.28,2
10_HORNSEY_3699,10,3699,Chopin Vodka,1.75L,6213,MHW LTD                    ,11146,2024-07-11,2024-07-21,2024-08-01,2024-09-11,31.0,5,155.0,1
50_MOUNTMEND_3625,50,3625,Absolut 80 Proof,750mL,17035,PERNOD RICARD USA          ,8805,2024-02-05,2024-02-12,2024-02-17,2024-03-22,12.59,10,125.9,1
76_DONCASTER_2443,76,2443,Seagrams VO,1.75L,3960,DIAGEO NORTH AMERICA INC   ,13017,2024-11-11,2024-11-14,2024-11-29,2024-12-25,13.48,22,296.56,1
23_ARBINGTON_3545,23,3545,Ketel One Vodka,1.75L,3960,DIAGEO NORTH AMERICA INC   ,8271,2023-12-31,2024-01-05,2024-01-14,2024-02-11,21.89,21,459.69,1
10_HORNSEY_35914,10,35914,Stone Cellars Chard,1.5L,9819,TREASURY WINE ESTATES      ,8453,2024-01-12,2024-01-20,2024-02-01,2024-02-27,5.51,6,33.06,2
38_GOULCREST_5747,38,5747,Malibu Pineapple Rum,750mL,17035,PERNOD RICARD USA          ,10672,2024-06-14,2024-06-21,2024-06-27,2024-08-10,8.88,11,97.68,1
81_PEMBROKE_24634,81,24634,Marques de Caceres RSV Red,750mL,1587,VINEYARD BRANDS INC        ,11831,2024-08-26,2024-08-31,2024-09-06,2024-10-17,10.27,12,123.24,2
46_TYWARDREATH_16262,46,16262,The Dreaming Tree Crush Red,750mL,1392,CONSTELLATION BRANDS INC   ,9331,2024-03-14,2024-03-23,2024-04-04,2024-05-04,7.18,12,86.16,2
25_CAERSHIRE_16806,25,16806,Apothic Winemakers White,750mL,3252,E & J GALLO WINERY         ,11431,2024-07-31,2024-08-08,2024-08-21,2024-10-01,5.3,12,63.6,2
67_EANVERNESS_5734,67,5734,Malibu Rum,1.75L,17035,PERNOD RICARD USA          ,8918,2024-02-14,2024-02-26,2024-03-05,2024-04-01,15.82,1,15.82,1
67_EANVERNESS_8815,67,8815,Ch Ste Michelle Chard Colmbi,750mL,8673,STE MICHELLE WINE ESTATES  ,13367,2024-12-05,2024-12-12,2024-12-19,2025-01-28,6.07,11,66.77,2
41_LARNWICK_29248,41,29248,Toasted Head Chard,750mL,1392,CONSTELLATION BRANDS INC   ,9331,2024-03-14,2024-03-25,2024-04-04,2024-05-04,6.53,24,156.72,2
2_ASHBORNE_3072,2,3072,Ciroc Peach Vodka,750mL,3960,DIAGEO NORTH AMERICA INC   ,13017,2024-11-11,2024-11-17,2024-11-29,2024-12-25,18.24,23,419.52,1
76_DONCASTER_25932,76,25932,Gabbiano Chianti Clsc,750mL,9819,TREASURY WINE ESTATES      ,13349,2024-12-04,2024-12-14,2024-12-19,2025-02-01,6.49,12,77.88,2
17_OLDHAM_3102,17,3102,Smirnoff Traveler,1.75L,3960,DIAGEO NORTH AMERICA INC   ,10936,2024-06-27,2024-07-07,2024-07-16,2024-08-13,12.94,20,258.8,1
75_BARNCOMBE_2120,75,2120,Canadian Club,1.75L,12546,JIM BEAM BRANDS COMPANY    ,9420,2024-03-20,2024-03-31,2024-04-05,2024-05-19,12.21,20,244.2,1
10_HORNSEY_24592,10,24592,Vendange Cab Svgn,1.5L,1392,CONSTELLATION BRANDS INC   ,13319,2024-12-02,2024-12-07,2024-12-18,2025-01-28,4.69,6,28.14,2
23_ARBINGTON_27361,23,27361,Borsao Campo de Borja Red,750mL,9552,M S WALKER INC             ,11114,2024-07-08,2024-07-12,2024-07-22,2024-08-29,5.99,12,71.88,2
31_HORNSEY_31489,31,31489,Barefoot Chard Cal,1.5L,3252,E & J GALLO WINERY         ,13033,2024-11-13,2024-11-21,2024-12-03,2024-12-31,5.71,5,28.55,2
73_DONCASTER_6596,73,6596,Kenwood Svgn Bl Sonoma,750mL,17035,PERNOD RICARD USA          ,13246,2024-11-27,2024-12-07,2024-12-12,2025-01-19,5.97,12,71.64,2
22_SHARNWICK_7535,22,7535,Gekkeikan Sake,750mL,8320,SHAW ROSS INT L IMP LTD    ,10791,2024-06-22,2024-06-30,2024-07-04,2024-08-09,4.44,12,53.28,1
78_EASTHAVEN_24303,78,24303,Cupcake Black Forest,750mL,9815,WINE GROUP INC             ,13353,2024-12-04,2024-12-15,2024-12-23,2025-01-21,4.99,12,59.88,2
11_CARDEND_4196,11,4196,Bacardi Dragon Berry Rum,750mL,480,BACARDI USA INC            ,10240,2024-05-16,2024-05-23,2024-05-31,2024-07-16,7.46,12,89.52,1
64_CESTERFIELD_13708,64,13708,Bota Box Cab Svgn,3L,2242,DELICATO VINEYARDS INC     ,8678,2024-01-28,2024-02-04,2024-02-08,2024-03-25,11.33,3,33.99,2
79_BALLYMENA_11827,79,11827,Cupcake Merlot,750mL,9815,WINE GROUP INC             ,11065,2024-07-04,2024-07-13,2024-07-25,2024-09-02,4.76,12,57.12,2
10_HORNSEY_28889,10,28889,Peter Vella Chard Cal B/B,5L,3252,E & J GALLO WINERY         ,9477,2024-03-23,2024-03-31,2024-04-07,2024-05-17,10.61,3,31.83,2
76_DONCASTER_20406,76,20406,Tenuta Santo Pietro Percept,750mL,7255,PSP WINES ,9792,2024-04-14,2024-04-18,2024-04-27,2024-05-31,13.69,12,164.28,2
66_EANVERNESS_23943,66,23943,Canella Bellini Fusion,250mL,4425,MARTIGNETTI COMPANIES,10438,2024-05-29,2024-06-08,2024-06-17,2024-07-31,4.13,23,94.99,2
41_LARNWICK_8498,41,8498,R M Woodbridge Svgn Bl Cal,1.5L,1392,CONSTELLATION BRANDS INC   ,12182,2024-09-20,2024-09-29,2024-10-09,2024-11-18,5.84,6,35.04,2
2_ASHBORNE_17345,2,17345,Bogle Essential Red,750mL,4425,MARTIGNETTI COMPANIES,11053,2024-07-04,2024-07-14,2024-07-25,2024-08-22,6.01,12,72.12,2
75_BARNCOMBE_12505,75,12505,Angelini Pnt Nr Veneto,750mL,7153,PINE STATE TRADING CO      ,9647,2024-04-04,2024-04-12,2024-04-25,2024-05-24,6.16,12,73.92,2
61_AETHELNEY_8112,61,8112,Stolichnaya,1.75L,8664,"STOLI GROUP,(USA) LLC      ",11503,2024-08-04,2024-08-08,2024-08-23,2024-09-24,19.52,12,234.24,1
64_CESTERFIELD_32826,64,32826,Rombauer Carneros Chard,750mL,4425,MARTIGNETTI COMPANIES,11614,2024-08-11,2024-08-18,2024-08-22,2024-09-22,22.41,12,268.92,2
64_CESTERFIELD_36378,64,36378,MezzaCorona Pnt Grigio,1.5L,9165,ULTRA BEVERAGE COMPANY LLP ,12855,2024-10-31,2024-11-07,2024-11-19,2024-12-28,6.83,10,68.3,2
22_SHARNWICK_34133,22,34133,Turning Leaf RSV Cab Svgn,1.5L,3252,E & J GALLO WINERY         ,12016,2024-09-08,2024-09-15,2024-09-26,2024-11-01,6.12,6,36.72,2
48_NORFOLK_8691,48,8691,Jose Cuervo Especial,750mL,7245,PROXIMO SPIRITS INC.       ,12159,2024-09-18,2024-09-30,2024-10-10,2024-11-11,11.9,11,130.9,1
50_MOUNTMEND_3840,50,3840,Smirnoff Raspberry Vodka,1.75L,3960,DIAGEO NORTH AMERICA INC   ,9320,2024-03-13,2024-03-21,2024-04-02,2024-05-13,14.39,6,86.34,1
40_BULLMAR_6570,40,6570,Kendall Jackson Chard Vt RSV,750mL,10000,MAJESTIC FINE WINES        ,10940,2024-06-27,2024-07-05,2024-07-12,2024-08-14,6.77,11,74.47,2
35_HALIVAARA_8448,35,8448,Cruzan Aged Dark Rum,750mL,12546,JIM BEAM BRANDS COMPANY    ,11464,2024-08-02,2024-08-09,2024-08-22,2024-09-22,7.51,12,90.12,1
10_HORNSEY_24301,10,24301,Mija Sangria,750mL,4950,LATITUDE BEVERAGE COMPANY  ,10655,2024-06-13,2024-06-24,2024-07-03,2024-08-11,5.47,12,65.64,2
24_PALPERROTH_3726,24,3726,Gilbeys Vodka Traveler,750mL,12546,JIM BEAM BRANDS COMPANY    ,11549,2024-08-08,2024-08-18,2024-08-24,2024-09-22,3.78,24,90.72,1
64_CESTERFIELD_16749,64,16749,Ninety+Cellars Lot 50 Prosco,750mL,4950,LATITUDE BEVERAGE COMPANY  ,12845,2024-10-31,2024-11-10,2024-11-18,2024-12-29,7.53,11,82.83,2
32_MOUNTMEND_3668,32,3668,Belvedere Polish Vodka,1.75L,8112,MOET HENNESSY USA INC      ,10335,2024-05-22,2024-05-30,2024-06-09,2024-07-10,34.12,6,204.72,1
17_OLDHAM_38370,17,38370,Oyster Bay Svgn Bl Marlboro,750mL,4425,MARTIGNETTI COMPANIES,12425,2024-10-02,2024-10-11,2024-10-25,2024-12-04,6.59,36,237.24,2
77_TAMWORTH_2127,77,2127,Canadian Ltd,1.75L,660,SAZERAC NORTH AMERICA INC. ,9860,2024-04-19,2024-04-28,2024-05-07,2024-06-05,7.19,8,57.52,1
11_CARDEND_6859,11,6859,C Y Toro Frontera Chard,1.5L,516,BANFI PRODUCTS CORP        ,8402,2024-01-10,2024-01-19,2024-02-01,2024-03-09,4.69,6,28.14,2
67_EANVERNESS_17707,67,17707,Smoking Loon Steelbird Chard,750mL,9552,M S WALKER INC             ,11367,2024-07-26,2024-08-02,2024-08-13,2024-09-19,4.62,12,55.44,2
76_DONCASTER_3346,76,3346,Nautical Gin,750mL,9165,ULTRA BEVERAGE COMPANY LLP ,13202,2024-11-23,2024-11-29,2024-12-08,2025-01-08,25.57,6,153.42,1
6_GOULCREST_3637,6,3637,Zhenka Vodka Plastic,750mL,9552,M S WALKER INC             ,9323,2024-03-13,2024-03-22,2024-04-02,2024-05-12,3.89,9,35.01,1
34_PITMERDEN_37904,34,37904,Trapiche Broquel Mndz Malbec,750mL,9815,WINE GROUP INC             ,10221,2024-05-13,2024-05-17,2024-05-25,2024-07-07,6.45,12,77.4,2
17_OLDHAM_4246,17,4246,Bacardi Superior Rum,375mL,480,BACARDI USA INC            ,13103,2024-11-17,2024-11-25,2024-12-01,2025-01-03,4.22,48,202.56,1
55_DRY GULCH_14623,55,14623,The Naked Grape Pnt Grigio,750mL,3252,E & J GALLO WINERY         ,13321,2024-12-02,2024-12-08,2024-12-19,2025-01-27,4.69,12,56.28,2
49_GARIGILL_3505,49,3505,Tito's Handmade Vodka,750mL,4425,MARTIGNETTI COMPANIES,9808,2024-04-15,2024-04-18,2024-05-02,2024-06-10,13.76,10,137.6,1
6_GOULCREST_13661,6,13661,Duckhorn Decoy Pnt Nr,750mL,4425,MARTIGNETTI COMPANIES,13511,2024-12-14,2024-12-21,2025-01-02,2025-02-02,11.61,4,46.44,2
76_DONCASTER_408,76,408,Wild Turkey American Honey,750mL,11567,CAMPARI AMERICA            ,10985,2024-06-30,2024-07-06,2024-07-17,2024-08-18,12.97,10,129.7,1
41_LARNWICK_2127,41,2127,Canadian Ltd,1.75L,660,SAZERAC NORTH AMERICA INC. ,13563,2024-12-18,2024-12-28,2025-01-09,2025-02-13,7.19,3,21.57,1
10_HORNSEY_6725,10,6725,Franzia Crisp White Tap,5L,9815,WINE GROUP INC             ,11243,2024-07-17,2024-07-28,2024-08-08,2024-09-06,8.44,2,16.88,2
4_EANVERNESS_35976,4,35976,Zeller Schwarze Rsl Valcknbg,750mL,10754,PERFECTA WINES             ,10107,2024-05-06,2024-05-11,2024-05-21,2024-06-20,6.49,12,77.88,2
73_DONCASTER_443,73,443,St Germain Liqueur,750mL,480,BACARDI USA INC            ,10837,2024-06-25,2024-07-01,2024-07-05,2024-08-12,24.45,2,48.9,1
38_GOULCREST_4262,38,4262,Capt Morgan Spiced Rum,750mL,3960,DIAGEO NORTH AMERICA INC   ,12149,2024-09-18,2024-09-28,2024-10-08,2024-11-07,11.19,9,100.71,1
41_LARNWICK_4563,41,4563,Christian Bros Brandy,1.75L,3924,HEAVEN HILL DISTILLERIES   ,13543,2024-12-16,2024-12-22,2025-01-02,2025-02-05,12.14,6,72.84,1
75_BARNCOMBE_3893,75,3893,Zhenka 80 Proof,1.75L,9552,M S WALKER INC             ,12115,2024-09-15,2024-09-23,2024-09-26,2024-11-06,7.93,8,63.44,1
31_HORNSEY_3174,31,3174,Cold River Vodka,750mL,4425,MARTIGNETTI COMPANIES,8830,2024-02-08,2024-02-18,2024-03-01,2024-03-25,21.73,2,43.46,1
32_MOUNTMEND_3102,32,3102,Smirnoff Traveler,1.75L,3960,DIAGEO NORTH AMERICA INC   ,10468,2024-05-31,2024-06-10,2024-06-15,2024-07-24,12.94,8,103.52,1
10_HORNSEY_508,10,508,Bacardi Superior Rum,Liter,480,BACARDI USA INC            ,12040,2024-09-11,2024-09-23,2024-10-03,2024-10-27,9.77,55,537.35,1
66_EANVERNESS_1836,66,1836,Tyrconnell Irish Whiskey,750mL,12546,JIM BEAM BRANDS COMPANY    ,12661,2024-10-18,2024-10-27,2024-11-04,2024-12-05,21.73,5,108.65,1
24_PALPERROTH_3637,24,3637,Zhenka Vodka Plastic,750mL,9552,M S WALKER INC             ,11114,2024-07-08,2024-07-14,2024-07-22,2024-08-29,3.89,22,85.58,1
22_SHARNWICK_27350,22,27350,Almaden Cab Svgn Cal B/B,5L,9815,WINE GROUP INC             ,9150,2024-02-29,2024-03-10,2024-03-22,2024-04-18,10.8,4,43.2,2
41_LARNWICK_10421,41,10421,Barefoot Moscato Cal,1.5L,3252,E & J GALLO WINERY         ,12016,2024-09-08,2024-09-14,2024-09-26,2024-11-01,5.9,4,23.6,2
66_EANVERNESS_23438,66,23438,Frost Bitten Ice Rsl,375mL,10754,PERFECTA WINES             ,8851,2024-02-09,2024-02-17,2024-02-22,2024-03-28,8.55,11,94.05,2
67_EANVERNESS_14008,67,14008,Cigar Box Malbec Mendoza,750mL,9552,M S WALKER INC             ,10686,2024-06-15,2024-06-24,2024-06-30,2024-08-13,8.1,1,8.1,2
41_LARNWICK_19160,41,19160,Tommasi Tenuta Filo Prosecco,750mL,4425,MARTIGNETTI COMPANIES,10438,2024-05-29,2024-06-08,2024-06-17,2024-07-31,10.13,12,121.56,2
47_PELLA'S WISH_3835,47,3835,Smirnoff Raspberry Vodka,750mL,3960,DIAGEO NORTH AMERICA INC   ,11907,2024-09-01,2024-09-09,2024-09-13,2024-10-19,8.2,12,98.4,1
31_HORNSEY_3529,31,3529,U V Vodka,1.75L,9206,PHILLIPS PRODUCTS CO.      ,10945,2024-06-27,2024-07-07,2024-07-13,2024-08-18,10.14,2,20.28,1
68_SOLARIS_19635,68,19635,Ch St Jean Pnt Nr Sonoma Cst,750mL,9819,TREASURY WINE ESTATES      ,12596,2024-10-13,2024-10-19,2024-10-28,2024-12-11,13.07,6,78.42,2
50_MOUNTMEND_15355,50,15355,Decoy Duckhorn Chard Sonoma,750mL,4425,MARTIGNETTI COMPANIES,11614,2024-08-11,2024-08-17,2024-08-22,2024-09-22,9.12,192,1751.04,2
24_PALPERROTH_5810,24,5810,Cuervo Watermelon Margaritas,1.75L,7245,PROXIMO SPIRITS INC.       ,10745,2024-06-19,2024-06-30,2024-07-04,2024-08-21,10.6,6,63.6,1
60_IRRAGIN_1595,60,1595,Gentleman Jack,375mL,1128,BROWN-FORMAN CORP          ,8210,2023-12-27,2024-01-04,2024-01-15,2024-02-25,10.93,11,120.23,1
32_MOUNTMEND_3511,32,3511,New Amsterdam Vodka,750mL,3252,E & J GALLO WINERY         ,12859,2024-11-01,2024-11-10,2024-11-16,2024-12-20,7.24,7,50.68,1
11_CARDEND_8730,11,8730,Ruffino Orvieto Clsc,750mL,1392,CONSTELLATION BRANDS INC   ,10394,2024-05-26,2024-05-30,2024-06-09,2024-07-20,5.5,12,66.0,1
61_AETHELNEY_2164,61,2164,New Amsterdam Gin,1.75L,3252,E & J GALLO WINERY         ,9905,2024-04-22,2024-04-27,2024-05-09,2024-06-17,12.14,5,60.7,1
7_STANMORE_5003,7,5003,Brinley Shipwreck Coconut Cr,50mL,9165,ULTRA BEVERAGE COMPANY LLP ,11378,2024-07-26,2024-08-05,2024-08-16,2024-09-25,0.78,120,93.6,1
53_HILLFAR_5765,53,5765,Jose Cuervo Lime Margarita,1.75L,7245,PROXIMO SPIRITS INC.       ,12849,2024-10-31,2024-11-09,2024-11-21,2024-12-17,10.36,6,62.16,1
55_DRY GULCH_17175,55,17175,Beringer Classic Cab Svgn,1.5L,9819,TREASURY WINE ESTATES      ,10678,2024-06-14,2024-06-21,2024-06-29,2024-08-14,5.2,18,93.6,2
34_PITMERDEN_13065,34,13065,P Michael L'Espirit Brdx,750mL,4425,MARTIGNETTI COMPANIES,12201,2024-09-21,2024-09-29,2024-10-09,2024-11-14,60.4,1,60.4,2
73_DONCASTER_3804,73,3804,Svedka Vodka,750mL,1392,CONSTELLATION BRANDS INC   ,11327,2024-07-24,2024-08-04,2024-08-09,2024-09-17,7.63,12,91.56,1
77_TAMWORTH_1395,77,1395,Old Crow,750mL,12546,JIM BEAM BRANDS COMPANY    ,12028,2024-09-09,2024-09-13,2024-09-21,2024-11-03,5.88,12,70.56,1
6_GOULCREST_5401,6,5401,Jagermeister Liqueur,200mL,3089,SIDNEY FRANK IMPORTING CO  ,10627,2024-06-10,2024-06-15,2024-06-20,2024-08-07,4.64,48,222.72,1
53_HILLFAR_8202,53,8202,Sambuca Romana,750mL,3960,DIAGEO NORTH AMERICA INC   ,11300,2024-07-21,2024-07-25,2024-08-03,2024-09-14,13.33,4,53.32,1
37_PAETHSMOUTH_5364,37,5364,Kahlua,1.75L,17035,PERNOD RICARD USA          ,9028,2024-02-21,2024-03-04,2024-03-09,2024-04-08,23.07,5,115.35,1
14_BROMWICH_44038,14,44038,Barefoot Pnt Grigio Cal,1.5L,3252,E & J GALLO WINERY         ,10293,2024-05-19,2024-05-25,2024-06-06,2024-07-11,5.86,23,134.78,2
8_ALNERWICK_3153,8,3153,Rye Harbor Vodka,750mL,653,STATE WINE & SPIRITS   ,11933,2024-09-02,2024-09-06,2024-09-17,2024-10-29,13.23,6,79.38,1
27_MOUNTMEND_5391,27,5391,Kamora Coffee,1.75L,12546,JIM BEAM BRANDS COMPANY    ,10007,2024-04-29,2024-05-03,2024-05-12,2024-06-22,12.02,6,72.12,1
69_MOUNTMEND_46098,69,46098,Ch Ste Michelle Rsl Dry Colu,750mL,8673,STE MICHELLE WINE ESTATES  ,9615,2024-04-01,2024-04-05,2024-04-12,2024-05-23,6.03,12,72.36,2
15_WANBORNE_45632,15,45632,Fish Eye Chard Cal,3L,9815,WINE GROUP INC             ,8876,2024-02-10,2024-02-18,2024-02-23,2024-04-05,11.1,3,33.3,2
32_MOUNTMEND_4410,32,4410,Cruzan Mango Flavored Rum,750mL,12546,JIM BEAM BRANDS COMPANY    ,12844,2024-10-31,2024-11-07,2024-11-19,2024-12-21,7.93,24,190.32,1
60_IRRAGIN_8898,60,8898,Yukon Jack,1.75L,3960,DIAGEO NORTH AMERICA INC   ,8899,2024-02-12,2024-02-18,2024-02-29,2024-03-31,18.83,6,112.98,1
76_DONCASTER_34428,76,34428,Frei Bros RSV Chard RRV,750mL,3252,E & J GALLO WINERY         ,8999,2024-02-19,2024-02-24,2024-02-29,2024-04-10,9.55,12,114.6,2
53_HILLFAR_3396,53,3396,Smirnoff Vanilla Vodka,1.75L,3960,DIAGEO NORTH AMERICA INC   ,13597,2024-12-20,2024-12-26,2025-01-10,2025-02-08,13.73,6,82.38,1
16_LUNDY_3894,16,3894,Zhenka Vodka 100 Proof,1.75L,9552,M S WALKER INC             ,9422,2024-03-20,2024-04-01,2024-04-08,2024-05-19,9.08,6,54.48,1
38_GOULCREST_4264,38,4264,Capt Morgan Spiced Rum Trav,750mL,3960,DIAGEO NORTH AMERICA INC   ,10260,2024-05-17,2024-05-26,2024-06-06,2024-07-14,11.53,6,69.18,1
26_KNIFE'S EDGE_5356,26,5356,Kahlua,375mL,17035,PERNOD RICARD USA          ,8257,2023-12-30,2024-01-04,2024-01-13,2024-02-25,7.14,24,171.36,1
73_DONCASTER_8965,73,8965,St George Absinthe Verte,750mL,9165,ULTRA BEVERAGE COMPANY LLP ,11969,2024-09-05,2024-09-13,2024-09-27,2024-10-21,39.85,6,239.1,1
71_CLARCTON_3726,71,3726,Gilbeys Vodka Traveler,750mL,12546,JIM BEAM BRANDS COMPANY    ,11867,2024-08-30,2024-09-06,2024-09-13,2024-10-18,3.78,9,34.02,1
67_EANVERNESS_2467,67,2467,Catskill Most Righteous Brbn,375mL,7153,PINE STATE TRADING CO      ,10788,2024-06-22,2024-06-29,2024-07-04,2024-08-16,17.96,12,215.52,1
38_GOULCREST_12110,38,12110,La Crema Chardonnay Monterey,750mL,10000,MAJESTIC FINE WINES        ,10452,2024-05-30,2024-06-08,2024-06-19,2024-07-17,10.45,12,125.4,2
73_DONCASTER_35358,73,35358,Cataldi Madonna Malandrino,750mL,9552,M S WALKER INC             ,11497,2024-08-04,2024-08-12,2024-08-17,2024-09-18,9.05,1,9.05,2
73_DONCASTER_39449,73,39449,Ponzi Pnt Gris Willamette,750mL,4425,MARTIGNETTI COMPANIES,11614,2024-08-11,2024-08-19,2024-08-22,2024-09-22,5.44,4,21.76,2
34_PITMERDEN_3335,34,3335,Tanqueray Sterling Vodka,750mL,3960,DIAGEO NORTH AMERICA INC   ,10126,2024-05-09,2024-05-17,2024-05-31,2024-07-04,8.14,10,81.4,1
62_KILMARNOCK_24002,62,24002,Corbett Canyon Chard,1.5L,9815,WINE GROUP INC             ,10950,2024-06-27,2024-07-05,2024-07-19,2024-08-18,4.63,5,23.15,2
33_HORNSEY_3842,33,3842,Barton Vodka,Liter,660,SAZERAC NORTH AMERICA INC. ,12734,2024-10-23,2024-11-01,2024-11-14,2024-12-11,4.39,11,48.29,1
12_LEESIDE_2623,12,2623,Ballantines,1.75L,17035,PERNOD RICARD USA          ,9156,2024-03-01,2024-03-10,2024-03-17,2024-04-30,18.24,6,109.44,1
34_PITMERDEN_5391,34,5391,Kamora Coffee,1.75L,12546,JIM BEAM BRANDS COMPANY    ,10938,2024-06-27,2024-07-06,2024-07-13,2024-08-16,12.02,4,48.08,1
67_EANVERNESS_8262,67,8262,Metcalfe's Vermont Maple,750mL,9165,ULTRA BEVERAGE COMPANY LLP ,13202,2024-11-23,2024-12-01,2024-12-08,2025-01-08,15.82,5,79.1,1
56_BEGGAR'S HOLE_5875,56,5875,Malibu Light Bl Hawaiian RTD,1.75L,17035,PERNOD RICARD USA          ,10672,2024-06-14,2024-06-21,2024-06-27,2024-08-10,12.22,6,73.32,1
79_BALLYMENA_3879,79,3879,Smirnoff 80 Proof Traveler,750mL,3960,DIAGEO NORTH AMERICA INC   ,10700,2024-06-16,2024-06-22,2024-06-29,2024-08-09,7.91,10,79.1,1
76_DONCASTER_13141,76,13141,Noble Vines 181 Merlot Lodi,750mL,2242,DELICATO VINEYARDS INC     ,13628,2024-12-22,2024-12-30,2025-01-08,2025-02-14,7.18,12,86.16,2
78_EASTHAVEN_3736,78,3736,Smirnoff Cherry Vodka,750mL,3960,DIAGEO NORTH AMERICA INC   ,12369,2024-09-28,2024-10-03,2024-10-13,2024-11-24,8.2,12,98.4,1
66_EANVERNESS_2114,66,2114,Black Velvet Canadian Whisky,1.75L,1392,CONSTELLATION BRANDS INC   ,10448,2024-05-30,2024-06-06,2024-06-13,2024-07-27,9.41,3,28.23,1
68_SOLARIS_6938,68,6938,Vendange Chard,1.5L,1392,CONSTELLATION BRANDS INC   ,10681,2024-06-15,2024-06-24,2024-06-28,2024-08-08,4.69,6,28.14,2
20_BREDWARDINE_2418,20,2418,Crown Royal Regal Apple,750mL,3960,DIAGEO NORTH AMERICA INC   ,11907,2024-09-01,2024-09-07,2024-09-13,2024-10-19,16.53,12,198.36,1
35_HALIVAARA_3253,35,3253,Gilbeys London Dry,1.75L,12546,JIM BEAM BRANDS COMPANY    ,10603,2024-06-09,2024-06-16,2024-06-26,2024-08-03,9.08,6,54.48,1
11_CARDEND_3396,11,3396,Smirnoff Vanilla Vodka,1.75L,3960,DIAGEO NORTH AMERICA INC   ,9919,2024-04-24,2024-05-02,2024-05-10,2024-06-11,13.73,6,82.38,1
34_PITMERDEN_5689,34,5689,Villa Massa Limoncello,750mL,4425,MARTIGNETTI COMPANIES,12318,2024-09-25,2024-10-06,2024-10-17,2024-11-12,14.84,6,89.04,1
49_GARIGILL_2723,49,2723,J & B Rare,1.75L,3960,DIAGEO NORTH AMERICA INC   ,13017,2024-11-11,2024-11-16,2024-11-29,2024-12-25,21.42,6,128.52,1
49_GARIGILL_8746,49,8746,Cavit Pinot Grigio,750mL,6785,PALM BAY INTERNATIONAL INC ,12491,2024-10-06,2024-10-12,2024-10-25,2024-11-30,4.02,11,44.22,2
39_EASTHALLOW_6682,39,6682,R M Woodbridge Chard Cal,1.5L,1392,CONSTELLATION BRANDS INC   ,11883,2024-08-31,2024-09-08,2024-09-14,2024-10-30,6.03,18,108.54,2
73_DONCASTER_2606,73,2606,Glenmorangie Original 18Yr,750mL,8112,MOET HENNESSY USA INC      ,11334,2024-07-24,2024-08-01,2024-08-12,2024-09-16,79.36,6,476.16,1
19_WINTERVALE_3960,19,3960,Tortilla Gold Tequila Liquer,1.75L,8004,SAZERAC CO INC             ,9729,2024-04-10,2024-04-21,2024-04-27,2024-06-02,9.52,5,47.6,1
25_CAERSHIRE_4261,25,4261,Capt Morgan Spiced Rum,1.75L,3960,DIAGEO NORTH AMERICA INC   ,11996,2024-09-07,2024-09-12,2024-09-21,2024-10-25,16.17,15,242.55,1
41_LARNWICK_3216,41,3216,Fleischmanns X Dry Gin,1.75L,660,SAZERAC NORTH AMERICA INC. ,10806,2024-06-23,2024-06-28,2024-07-11,2024-08-20,7.68,4,30.72,1
40_BULLMAR_35914,40,35914,Stone Cellars Chard,1.5L,9819,TREASURY WINE ESTATES      ,9746,2024-04-11,2024-04-21,2024-04-28,2024-06-04,5.51,5,27.55,2
24_PALPERROTH_39087,24,39087,Corbett Canyon Pnt Grigio,3L,9815,WINE GROUP INC             ,9670,2024-04-05,2024-04-14,2024-04-22,2024-05-26,6.66,1,6.66,2
38_GOULCREST_21117,38,21117,Wicked Bright Pnt Gr Veneto,750mL,9165,ULTRA BEVERAGE COMPANY LLP ,11650,2024-08-14,2024-08-26,2024-09-05,2024-10-16,5.51,12,66.12,2
33_HORNSEY_126,33,126,Grey Goose Vodka,Liter,480,BACARDI USA INC            ,10187,2024-05-12,2024-05-16,2024-05-30,2024-07-07,20.14,6,120.84,1
58_HARTLEPOOL_3050,58,3050,Bowman Vodka,1.75L,8004,SAZERAC CO INC             ,13125,2024-11-18,2024-11-22,2024-11-28,2024-12-29,6.51,3,19.53,1
65_LUTON_42099,65,42099,Bota Box Pnt Grigio Cal,3L,2242,DELICATO VINEYARDS INC     ,11776,2024-08-23,2024-08-31,2024-09-07,2024-10-19,11.4,6,68.4,2
57_LANTEGLOS_3731,57,3731,Absolut Apeach,750mL,17035,PERNOD RICARD USA          ,10973,2024-06-29,2024-07-07,2024-07-12,2024-08-26,13.38,12,160.56,1
38_GOULCREST_8120,38,8120,Tribuno Sweet Vermouth,1.5L,9815,WINE GROUP INC             ,8876,2024-02-10,2024-02-19,2024-02-23,2024-04-05,7.08,5,35.4,1
41_LARNWICK_3945,41,3945,Sauza Conmemorativo,750mL,12546,JIM BEAM BRANDS COMPANY    ,12469,2024-10-05,2024-10-14,2024-10-21,2024-11-28,13.84,12,166.08,1
34_PITMERDEN_3679,34,3679,Chopin Vodka,750mL,6213,MHW LTD                    ,13344,2024-12-04,2024-12-12,2024-12-26,2025-02-03,14.49,3,43.47,1
23_ARBINGTON_36523,23,36523,Ch Macard Brdx Superieur,750mL,4425,MARTIGNETTI COMPANIES,12525,2024-10-09,2024-10-18,2024-10-26,2024-11-29,10.34,12,124.08,2
8_ALNERWICK_6570,8,6570,Kendall Jackson Chard Vt RSV,750mL,10000,MAJESTIC FINE WINES        ,10299,2024-05-19,2024-05-24,2024-05-31,2024-07-17,6.77,36,243.72,2
75_BARNCOMBE_4412,75,4412,Pusser's British Navy Rum,750mL,8320,SHAW ROSS INT L IMP LTD    ,8493,2024-01-15,2024-01-21,2024-01-28,2024-03-05,13.63,6,81.78,1
10_HORNSEY_2856,10,2856,Cragganmore 12-Yr Sngle Malt,750mL,3960,DIAGEO NORTH AMERICA INC   ,12149,2024-09-18,2024-09-29,2024-10-08,2024-11-07,42.1,12,505.2,1
29_AYLESBURY_8504,29,8504,R M Woodbridge Cab Svgn Cal,1.5L,1392,CONSTELLATION BRANDS INC   ,13319,2024-12-02,2024-12-09,2024-12-18,2025-01-28,5.84,18,105.12,2
34_PITMERDEN_4722,34,4722,Remy Martin VSOP Cognac,750mL,7239,REMY COINTREAU USA INC     ,9105,2024-02-26,2024-03-02,2024-03-08,2024-04-07,27.77,8,222.16,1
14_BROMWICH_14622,14,14622,La Marca Prosecco,750mL,3252,E & J GALLO WINERY         ,11413,2024-07-29,2024-08-01,2024-08-08,2024-09-21,8.66,36,311.76,2
16_LUNDY_37678,16,37678,Castle Rock Pnt Nr,750mL,4425,MARTIGNETTI COMPANIES,10720,2024-06-17,2024-06-24,2024-07-01,2024-07-30,6.53,11,71.83,2
56_BEGGAR'S HOLE_3040,56,3040,Tito's Handmade Vodka,Liter,4425,MARTIGNETTI COMPANIES,12318,2024-09-25,2024-10-04,2024-10-17,2024-11-12,16.54,24,396.96,1
39_EASTHALLOW_17176,39,17176,Beringer Classic Chard,1.5L,9819,TREASURY WINE ESTATES      ,13349,2024-12-04,2024-12-15,2024-12-19,2025-02-01,5.23,2,10.46,2
60_IRRAGIN_7982,60,7982,M & R Sweet Vermouth,750mL,480,BACARDI USA INC            ,12988,2024-11-09,2024-11-18,2024-11-25,2024-12-22,3.95,11,43.45,1
49_GARIGILL_27644,49,27644,Cline Znfdl Cal,750mL,4425,MARTIGNETTI COMPANIES,8917,2024-02-14,2024-02-23,2024-02-29,2024-04-15,6.84,12,82.08,2
69_MOUNTMEND_31346,69,31346,Florio Dry Marsala Italy,750mL,516,BANFI PRODUCTS CORP        ,8570,2024-01-21,2024-01-29,2024-02-06,2024-03-20,7.48,1,7.48,2
81_PEMBROKE_44494,81,44494,Smoking Loon Pnt Grigio Cal,750mL,9552,M S WALKER INC             ,11756,2024-08-22,2024-08-31,2024-09-13,2024-10-08,4.5,12,54.0,2
67_EANVERNESS_6975,67,6975,Jacobs Crk Chard,750mL,17035,PERNOD RICARD USA          ,13580,2024-12-19,2024-12-29,2025-01-10,2025-02-11,4.79,12,57.48,2
58_HARTLEPOOL_5587,58,5587,Jose Cuervo Golden Margarita,1.75L,7245,PROXIMO SPIRITS INC.       ,13536,2024-12-15,2024-12-20,2024-12-29,2025-02-06,13.17,6,79.02,1
73_DONCASTER_3728,73,3728,Absolut Citron,1.75L,17035,PERNOD RICARD USA          ,10973,2024-06-29,2024-07-05,2024-07-12,2024-08-26,18.93,18,340.74,1
20_BREDWARDINE_6682,20,6682,R M Woodbridge Chard Cal,1.5L,1392,CONSTELLATION BRANDS INC   ,12518,2024-10-09,2024-10-19,2024-10-24,2024-11-28,6.03,3,18.09,2
34_PITMERDEN_31787,34,31787,Peter Vella Merlot Calif B/B,5L,3252,E & J GALLO WINERY         ,8624,2024-01-25,2024-02-05,2024-02-15,2024-03-25,10.8,4,43.2,2
71_CLARCTON_1396,71,1396,Old Crow,1.75L,12546,JIM BEAM BRANDS COMPANY    ,11416,2024-07-29,2024-08-01,2024-08-16,2024-09-10,10.44,4,41.76,1
17_OLDHAM_7374,17,7374,New Amsterdam Mango Vodka,750mL,3252,E & J GALLO WINERY         ,11796,2024-08-24,2024-09-01,2024-09-08,2024-10-07,6.86,12,82.32,1
15_WANBORNE_2100,15,2100,Canadian Regal,1.75L,9552,M S WALKER INC             ,11114,2024-07-08,2024-07-14,2024-07-22,2024-08-29,7.24,5,36.2,1
52_GRAYCOTT_3522,52,3522,Platinum 7X Distilled Vodka,1.75L,8004,SAZERAC CO INC             ,11038,2024-07-03,2024-07-15,2024-07-25,2024-09-03,9.62,18,173.16,1
6_GOULCREST_1346,6,1346,Knob Creek Bourbon,750mL,12546,JIM BEAM BRANDS COMPANY    ,12028,2024-09-09,2024-09-16,2024-09-21,2024-11-03,22.55,3,67.65,1
31_HORNSEY_8469,31,8469,1800 Reposado Gold Tequila,750mL,7245,PROXIMO SPIRITS INC.       ,13617,2024-12-21,2024-12-30,2025-01-10,2025-02-10,16.29,12,195.48,1
21_BALERNO_2120,21,2120,Canadian Club,1.75L,12546,JIM BEAM BRANDS COMPANY    ,8241,2023-12-29,2024-01-07,2024-01-16,2024-02-15,12.21,9,109.89,1
7_STANMORE_11826,7,11826,Cupcake Chard,750mL,9815,WINE GROUP INC             ,13160,2024-11-21,2024-12-02,2024-12-06,2025-01-20,4.72,12,56.64,2
73_DONCASTER_4702,73,4702,Metaxa Amphora,750mL,7239,REMY COINTREAU USA INC     ,10122,2024-05-08,2024-05-20,2024-05-27,2024-06-24,16.66,1,16.66,1
60_IRRAGIN_11828,60,11828,Cupcake Svgn Bl,750mL,9815,WINE GROUP INC             ,9846,2024-04-18,2024-04-28,2024-05-09,2024-06-18,3.97,84,333.48,2
7_STANMORE_14357,7,14357,Chilensis Pnt Nr,750mL,90037,THE PIERPONT GROUP LLC     ,11205,2024-07-14,2024-07-19,2024-08-01,2024-09-06,6.8,12,81.6,2
24_PALPERROTH_8342,24,8342,Korbel X Dry,750mL,1128,BROWN-FORMAN CORP          ,10971,2024-06-29,2024-07-07,2024-07-11,2024-08-11,8.21,15,123.15,2
7_STANMORE_4296,7,4296,Ronrico Silver Rum,1.75L,12546,JIM BEAM BRANDS COMPANY    ,9605,2024-04-01,2024-04-08,2024-04-17,2024-05-20,9.29,5,46.45,1
55_DRY GULCH_34905,55,34905,Smoking Loon Merlot,750mL,9552,M S WALKER INC             ,13326,2024-12-02,2024-12-08,2024-12-14,2025-01-14,4.41,11,48.51,2
69_MOUNTMEND_36874,69,36874,Yellow Tail Merlot Ausl,750mL,4425,MARTIGNETTI COMPANIES,11781,2024-08-23,2024-09-02,2024-09-07,2024-10-16,4.63,12,55.56,2
53_HILLFAR_2143,53,2143,Canadian Mist,1.75L,1128,BROWN-FORMAN CORP          ,13642,2024-12-23,2024-12-30,2025-01-07,2025-02-17,10.07,5,50.35,1
60_IRRAGIN_5891,60,5891,Ryans Irish Cream,1.75L,8004,SAZERAC CO INC             ,8366,2024-01-06,2024-01-14,2024-01-24,2024-02-22,11.84,5,59.2,1
35_HALIVAARA_25506,35,25506,B Doon The Heart Has Rieslin,750mL,4425,MARTIGNETTI COMPANIES,10943,2024-06-27,2024-07-05,2024-07-13,2024-08-28,5.22,12,62.64,2
64_CESTERFIELD_36539,64,36539,Liberty Creek Prem RSV Chard,1.5L,3252,E & J GALLO WINERY         ,10617,2024-06-10,2024-06-16,2024-06-24,2024-08-01,5.33,6,31.98,2
34_PITMERDEN_18010,34,18010,Cocobon Red,750mL,9815,WINE GROUP INC             ,10064,2024-05-03,2024-05-11,2024-05-22,2024-06-25,3.92,12,47.04,2
67_EANVERNESS_17707,67,17707,Smoking Loon Steelbird Chard,750mL,9552,M S WALKER INC             ,8216,2023-12-27,2024-01-05,2024-01-12,2024-02-23,4.62,12,55.44,2
47_PELLA'S WISH_4062,47,4062,Goslings Dark'N Stormy RTD,250mL 4 Pk,1485,CASTLE BRANDS CORP.        ,11508,2024-08-05,2024-08-12,2024-08-17,2024-09-23,5.83,6,34.98,1
1_HARDERSFIELD_4181,1,4181,Calypso Spiced Rum,1.75L,660,SAZERAC NORTH AMERICA INC. ,8397,2024-01-08,2024-01-14,2024-01-24,2024-03-02,9.37,6,56.22,1
44_PORTHCRAWL_2624,44,2624,Dewars 18 Yr Old Founders Rv,750mL,480,BACARDI USA INC            ,9738,2024-04-11,2024-04-19,2024-04-30,2024-05-26,46.76,6,280.56,1
44_PORTHCRAWL_8018,44,8018,La Vieille Ferme Red Ventoux,750mL,1587,VINEYARD BRANDS INC        ,9013,2024-02-19,2024-02-24,2024-03-08,2024-04-07,4.6,12,55.2,2
41_LARNWICK_45848,41,45848,Kendall Jackson Summation Re,750mL,10000,MAJESTIC FINE WINES        ,13600,2024-12-20,2024-12-28,2025-01-07,2025-02-04,6.63,9,59.67,2
39_EASTHALLOW_15094,39,15094,Butter Chard,750mL,9165,ULTRA BEVERAGE COMPANY LLP ,12462,2024-10-04,2024-10-10,2024-10-25,2024-12-04,9.08,8,72.64,2
10_HORNSEY_4565,10,4565,Christian Bros VS Brandy,750mL,3924,HEAVEN HILL DISTILLERIES   ,13324,2024-12-02,2024-12-07,2024-12-15,2025-01-13,6.71,11,73.81,1
51_ABERDEEN_8670,51,8670,Arrow Coffee Brandy,1.75L,8352,LUXCO INC                  ,10501,2024-06-02,2024-06-06,2024-06-14,2024-07-19,7.85,6,47.1,1
76_DONCASTER_17978,76,17978,Calling All Angels Chard,750mL,9815,WINE GROUP INC             ,10256,2024-05-16,2024-05-24,2024-06-05,2024-07-12,5.47,12,65.64,2
34_PITMERDEN_39087,34,39087,Corbett Canyon Pnt Grigio,3L,9815,WINE GROUP INC             ,12773,2024-10-25,2024-11-02,2024-11-07,2024-12-19,6.66,6,39.96,2
23_ARBINGTON_2143,23,2143,Canadian Mist,1.75L,1128,BROWN-FORMAN CORP          ,10839,2024-06-25,2024-07-01,2024-07-11,2024-08-21,10.07,9,90.63,1
64_CESTERFIELD_15035,64,15035,Morellino d Scansano Rsv,750mL,9165,ULTRA BEVERAGE COMPANY LLP ,9654,2024-04-04,2024-04-14,2024-04-24,2024-06-01,7.33,11,80.63,2
14_BROMWICH_22531,14,22531,BV Coastal Estate Chard,750mL,1590,DIAGEO CHATEAU ESTATE WINES,10565,2024-06-07,2024-06-13,2024-06-22,2024-07-30,6.16,12,73.92,2
1_HARDERSFIELD_3637,1,3637,Zhenka Vodka Plastic,750mL,9552,M S WALKER INC             ,8553,2024-01-20,2024-01-26,2024-02-01,2024-03-13,3.89,4,15.56,1
67_EANVERNESS_8627,67,8627,Jadot Beaujolais Villages,750mL,4692,KOBRAND CORPORATION        ,9185,2024-03-03,2024-03-11,2024-03-21,2024-04-27,5.47,7,38.29,2
53_HILLFAR_6876,53,6876,Sutter Home Clsc Chard,187mL 4 Pk,8892,TRINCHERO FAMILY ESTATES   ,13011,2024-11-10,2024-11-16,2024-11-27,2024-12-23,3.97,6,23.82,2
34_PITMERDEN_8652,34,8652,Grande Absente Absinthe,750mL,6213,MHW LTD                    ,12640,2024-10-17,2024-10-26,2024-11-05,2024-12-18,39.84,6,239.04,1
42_BLACK HOLLOW_1883,42,1883,Seagrams 7 Crown,1.75L,3960,DIAGEO NORTH AMERICA INC   ,12149,2024-09-18,2024-09-29,2024-10-08,2024-11-07,13.23,6,79.38,1
40_BULLMAR_2757,40,2757,Johnnie Walker Red Label,1.75L,3960,DIAGEO NORTH AMERICA INC   ,11300,2024-07-21,2024-07-28,2024-08-03,2024-09-14,22.38,3,67.14,1
73_DONCASTER_1133,73,1133,Glenmorangie Collection 4 Pk,100mL 4 Pk,8112,MOET HENNESSY USA INC      ,12795,2024-10-27,2024-11-04,2024-11-10,2024-12-23,23.01,6,138.06,1
72_HARDERSFIELD_6725,72,6725,Franzia Crisp White Tap,5L,9815,WINE GROUP INC             ,9761,2024-04-12,2024-04-20,2024-05-03,2024-05-26,8.44,4,33.76,2
76_DONCASTER_24995,76,24995,Roth Est Svgn Bl Alex Vly,750mL,4425,MARTIGNETTI COMPANIES,10247,2024-05-16,2024-05-24,2024-06-07,2024-07-05,5.47,23,125.81,2
56_BEGGAR'S HOLE_8068,56,8068,Absolut 80 Proof,1.75L,17035,PERNOD RICARD USA          ,12996,2024-11-09,2024-11-15,2024-11-28,2024-12-23,18.24,6,109.44,1
40_BULLMAR_7221,40,7221,M & R Sweet Vermouth,1.5L,480,BACARDI USA INC            ,13641,2024-12-23,2024-12-27,2025-01-10,2025-02-14,6.86,6,41.16,2
1_HARDERSFIELD_3464,1,3464,UV Blue Raspberry Vodka,1.75L,9206,PHILLIPS PRODUCTS CO.      ,9265,2024-03-09,2024-03-16,2024-03-23,2024-04-30,10.06,6,60.36,1
4_EANVERNESS_6420,4,6420,R M Woodbridge Chard Cal,750mL,1392,CONSTELLATION BRANDS INC   ,11793,2024-08-24,2024-08-31,2024-09-13,2024-10-08,3.18,12,38.16,2
14_BROMWICH_28262,14,28262,Nathanson Creek Merlot,1.5L,1392,CONSTELLATION BRANDS INC   ,11459,2024-08-02,2024-08-10,2024-08-22,2024-09-15,5.15,6,30.9,2
15_WANBORNE_3158,15,3158,Pinnacle Tropical Punch,1.75L,12546,JIM BEAM BRANDS COMPANY    ,10332,2024-05-22,2024-05-31,2024-06-09,2024-07-08,12.77,6,76.62,1
10_HORNSEY_3238,10,3238,Hendrick's Gin,750mL,3664,WILLIAM GRANT & SONS INC   ,9747,2024-04-11,2024-04-20,2024-05-03,2024-06-06,22.83,6,136.98,1
32_MOUNTMEND_3276,32,3276,Gordons London Dry,1.75L,3960,DIAGEO NORTH AMERICA INC   ,10754,2024-06-20,2024-06-29,2024-07-10,2024-08-20,9.62,5,48.1,1
67_EANVERNESS_7865,67,7865,Moet & Chandon Imperial,750mL,8112,MOET HENNESSY USA INC      ,13153,2024-11-21,2024-12-01,2024-12-08,2025-01-08,23.97,18,431.46,2
15_WANBORNE_2665,15,2665,Dewars White Label,750mL,480,BACARDI USA INC            ,8288,2024-01-01,2024-01-07,2024-01-19,2024-02-18,15.38,12,184.56,1
6_GOULCREST_1232,6,1232,Jack Daniels No 7 Black,750mL,1128,BROWN-FORMAN CORP          ,11109,2024-07-08,2024-07-15,2024-07-22,2024-09-01,15.93,3,47.79,1
9_BLACKPOOL_2152,9,2152,New Amsterdam Gin,750mL,3252,E & J GALLO WINERY         ,11528,2024-08-07,2024-08-17,2024-08-26,2024-10-09,7.19,12,86.28,1
5_SUTTON_6647,5,6647,Estancia Chard,750mL,1392,CONSTELLATION BRANDS INC   ,12077,2024-09-13,2024-09-23,2024-10-01,2024-10-27,4.99,12,59.88,2
50_MOUNTMEND_2255,50,2255,Crown Royal Party Pak,1.75L,3960,DIAGEO NORTH AMERICA INC   ,11589,2024-08-10,2024-08-18,2024-08-30,2024-10-05,30.76,5,153.8,1
66_EANVERNESS_4261,66,4261,Capt Morgan Spiced Rum,1.75L,3960,DIAGEO NORTH AMERICA INC   ,10023,2024-05-01,2024-05-10,2024-05-19,2024-06-21,16.17,37,598.29,1
3_HORNSEY_4246,3,4246,Bacardi Superior Rum,375mL,480,BACARDI USA INC            ,12455,2024-10-04,2024-10-10,2024-10-23,2024-11-29,4.22,24,101.28,1
66_EANVERNESS_8346,66,8346,Marques de Riscal Rioja Red,750mL,8320,SHAW ROSS INT L IMP LTD    ,9108,2024-02-26,2024-03-01,2024-03-10,2024-04-14,9.93,12,119.16,2
66_EANVERNESS_8838,66,8838,Ch Ste Michelle Cab Svgn Col,750mL,8673,STE MICHELLE WINE ESTATES  ,11487,2024-08-03,2024-08-09,2024-08-18,2024-09-19,7.71,12,92.52,2
12_LEESIDE_31384,12,31384,Benton Lane Pnt Nr Ore,750mL,9552,M S WALKER INC             ,11942,2024-09-04,2024-09-13,2024-09-27,2024-11-01,17.44,12,209.28,2
61_AETHELNEY_77,61,77,Three Olives Espresso Vodka,750mL,7245,PROXIMO SPIRITS INC.       ,12700,2024-10-20,2024-10-26,2024-11-03,2024-12-18,10.39,12,124.68,1
66_EANVERNESS_2986,66,2986,Hibiki Harmony Japan Whiskey,750mL,12546,JIM BEAM BRANDS COMPANY    ,11705,2024-08-18,2024-08-24,2024-09-04,2024-10-16,51.96,5,259.8,1
71_CLARCTON_14930,71,14930,Yellow Tail Moscato,1.5L,4425,MARTIGNETTI COMPANIES,9140,2024-02-29,2024-03-07,2024-03-20,2024-04-16,5.93,6,35.58,2
23_ARBINGTON_2120,23,2120,Canadian Club,1.75L,12546,JIM BEAM BRANDS COMPANY    ,10295,2024-05-19,2024-05-24,2024-06-06,2024-07-16,12.21,6,73.26,1
21_BALERNO_32831,21,32831,Carpineto Dogajolo Tuscan Rd,750mL,9165,ULTRA BEVERAGE COMPANY LLP ,9866,2024-04-19,2024-04-28,2024-05-03,2024-06-05,6.75,48,324.0,2
76_DONCASTER_7725,76,7725,Great Western Brut,750mL,9165,ULTRA BEVERAGE COMPANY LLP ,12142,2024-09-16,2024-09-22,2024-09-27,2024-10-28,6.07,12,72.84,2
81_PEMBROKE_4413,81,4413,Casamigos Blanco,50mL,6213,MHW LTD                    ,13534,2024-12-15,2024-12-22,2024-12-30,2025-02-11,1.44,60,86.4,1
1_HARDERSFIELD_6595,1,6595,Bogle Merlot,750mL,4425,MARTIGNETTI COMPANIES,12711,2024-10-21,2024-10-27,2024-11-06,2024-12-08,4.48,12,53.76,2
1_HARDERSFIELD_5391,1,5391,Kamora Coffee,1.75L,12546,JIM BEAM BRANDS COMPANY    ,10007,2024-04-29,2024-05-02,2024-05-12,2024-06-22,12.02,4,48.08,1
78_EASTHAVEN_6451,78,6451,Columbia Crest G E Cab Svgn,750mL,8673,STE MICHELLE WINE ESTATES  ,12823,2024-10-28,2024-10-31,2024-11-08,2024-12-08,6.03,12,72.36,2
76_DONCASTER_4198,76,4198,Sailor Jerry Spiced Navy Rum,1.75L,3664,WILLIAM GRANT & SONS INC   ,12950,2024-11-06,2024-11-15,2024-11-23,2024-12-22,17.51,11,192.61,1
73_DONCASTER_4313,73,4313,Sauza Blue Silver Tequila,1.75L,12546,JIM BEAM BRANDS COMPANY    ,10938,2024-06-27,2024-07-08,2024-07-13,2024-08-16,19.42,3,58.26,1
17_OLDHAM_6857,17,6857,Sutter Home Wh Znfdl,1.5L,8892,TRINCHERO FAMILY ESTATES   ,9444,2024-03-21,2024-03-31,2024-04-04,2024-05-11,5.37,6,32.22,2
76_DONCASTER_39285,76,39285,Dow LBV Port,750mL,4425,MARTIGNETTI COMPANIES,12425,2024-10-02,2024-10-10,2024-10-25,2024-12-04,16.89,12,202.68,2
15_WANBORNE_6570,15,6570,Kendall Jackson Chard Vt RSV,750mL,10000,MAJESTIC FINE WINES        ,10787,2024-06-22,2024-06-30,2024-07-07,2024-08-04,6.77,86,582.22,2
35_HALIVAARA_3841,35,3841,Stolichnaya Citros Vodka,Liter,8664,"STOLI GROUP,(USA) LLC      ",11151,2024-07-11,2024-07-19,2024-07-29,2024-08-25,15.14,3,45.42,1
54_GUTHRAM_3512,54,3512,Pinnacle Vodka,1.75L,12546,JIM BEAM BRANDS COMPANY    ,12816,2024-10-28,2024-11-04,2024-11-12,2024-12-10,11.76,12,141.12,1
66_EANVERNESS_8202,66,8202,Sambuca Romana,750mL,3960,DIAGEO NORTH AMERICA INC   ,12585,2024-10-13,2024-10-18,2024-10-31,2024-11-29,13.33,11,146.63,1
38_GOULCREST_5137,38,5137,Irish Manor Irish Cream,750mL,4380,CHARLES JACQUIN ET CIE INC ,11326,2024-07-24,2024-08-04,2024-08-12,2024-09-15,6.61,6,39.66,1
77_TAMWORTH_7977,77,7977,M & R X Dry Vermouth,1.5L,480,BACARDI USA INC            ,9062,2024-02-24,2024-03-03,2024-03-15,2024-04-24,7.49,6,44.94,1
78_EASTHAVEN_5661,78,5661,Dr McGillicuddy's Root Beer,750mL,8004,SAZERAC CO INC             ,8199,2023-12-25,2024-01-01,2024-01-10,2024-02-20,10.31,35,360.85,1
55_DRY GULCH_10472,55,10472,Clos du Bois Pnt Nr Cal,750mL,1392,CONSTELLATION BRANDS INC   ,9749,2024-04-12,2024-04-19,2024-04-28,2024-05-26,6.07,11,66.77,2
62_KILMARNOCK_3609,62,3609,Smirnoff Vanilla Vodka,50mL,3960,DIAGEO NORTH AMERICA INC   ,10023,2024-05-01,2024-05-09,2024-05-19,2024-06-21,0.74,106,78.44,1
69_MOUNTMEND_36770,69,36770,Yellow Tail Cab Svgn Ausl,1.5L,4425,MARTIGNETTI COMPANIES,11978,2024-09-06,2024-09-13,2024-09-21,2024-11-06,6.13,6,36.78,2
76_DONCASTER_15889,76,15889,R M Woodbridge Malbec,1.5L,1392,CONSTELLATION BRANDS INC   ,12792,2024-10-27,2024-11-02,2024-11-08,2024-12-16,5.95,12,71.4,2
41_LARNWICK_45848,41,45848,Kendall Jackson Summation Re,750mL,10000,MAJESTIC FINE WINES        ,8242,2023-12-29,2024-01-05,2024-01-13,2024-02-20,6.63,12,79.56,2
41_LARNWICK_8370,41,8370,Chi Chi's Margarita,1.75L,660,SAZERAC NORTH AMERICA INC. ,8938,2024-02-15,2024-02-24,2024-02-29,2024-04-17,5.71,6,34.26,1
33_HORNSEY_16843,33,16843,Barefoot Cellars Red Moscato,750mL,3252,E & J GALLO WINERY         ,12812,2024-10-28,2024-11-01,2024-11-11,2024-12-17,3.44,12,41.28,2
10_HORNSEY_3736,10,3736,Smirnoff Cherry Vodka,750mL,3960,DIAGEO NORTH AMERICA INC   ,13084,2024-11-16,2024-11-23,2024-12-03,2025-01-06,8.2,11,90.2,1
19_WINTERVALE_3980,19,3980,Hornitos Reposado Tequila,1.75L,12546,JIM BEAM BRANDS COMPANY    ,11464,2024-08-02,2024-08-09,2024-08-22,2024-09-22,31.99,5,159.95,1
73_DONCASTER_1883,73,1883,Seagrams 7 Crown,1.75L,3960,DIAGEO NORTH AMERICA INC   ,11907,2024-09-01,2024-09-05,2024-09-13,2024-10-19,13.23,23,304.29,1
50_MOUNTMEND_1237,50,1237,Jack Daniels Single Barrel,750mL,1128,BROWN-FORMAN CORP          ,11311,2024-07-22,2024-07-25,2024-08-01,2024-09-08,33.83,4,135.32,1
19_WINTERVALE_23889,19,23889,Corbett Canyon Wh Znfdl,1.5L,9815,WINE GROUP INC             ,10950,2024-06-27,2024-07-06,2024-07-19,2024-08-18,4.82,6,28.92,2
73_DONCASTER_39087,73,39087,Corbett Canyon Pnt Grigio,3L,9815,WINE GROUP INC             ,11728,2024-08-19,2024-08-25,2024-09-04,2024-10-15,6.66,5,33.3,2
68_SOLARIS_12768,68,12768,Castle Rock Pnt Nr Cal Cuvee,750mL,4425,MARTIGNETTI COMPANIES,10193,2024-05-12,2024-05-17,2024-05-29,2024-07-09,6.62,12,79.44,2
37_PAETHSMOUTH_5735,37,5735,Malibu Rum,750mL,17035,PERNOD RICARD USA          ,11679,2024-08-16,2024-08-26,2024-08-29,2024-10-13,9.29,10,92.9,1
37_PAETHSMOUTH_3696,37,3696,Gilbeys Vodka,1.75L,12546,JIM BEAM BRANDS COMPANY    ,13056,2024-11-14,2024-11-26,2024-11-28,2025-01-15,7.6,6,45.6,1
20_BREDWARDINE_34137,20,34137,Fat Bastard Chard,750mL,7153,PINE STATE TRADING CO      ,10180,2024-05-11,2024-05-18,2024-05-28,2024-07-09,6.84,12,82.08,2
63_SWORDBREAK_3039,63,3039,Stoli Salted Karamel,750mL,8664,"STOLI GROUP,(USA) LLC      ",11647,2024-08-14,2024-08-23,2024-09-05,2024-10-16,13.38,12,160.56,1
6_GOULCREST_39599,6,39599,R M Woodbridge Chard Cal,187mL 4 Pk,1392,CONSTELLATION BRANDS INC   ,8252,2023-12-30,2024-01-05,2024-01-12,2024-02-11,4.51,5,22.55,2
34_PITMERDEN_23196,34,23196,Yellow Tail Sangria Bubbles,750mL,4425,MARTIGNETTI COMPANIES,9140,2024-02-29,2024-03-11,2024-03-20,2024-04-16,3.39,6,20.34,2
8_ALNERWICK_3694,8,3694,Stolichnaya Razberi,750mL,8664,"STOLI GROUP,(USA) LLC      ",8262,2023-12-30,2024-01-05,2024-01-12,2024-02-12,13.48,12,161.76,1
67_EANVERNESS_2760,67,2760,Jack Daniels Tennessee Honey,1.75L,1128,BROWN-FORMAN CORP          ,9521,2024-03-27,2024-04-07,2024-04-15,2024-05-23,28.02,5,140.1,1
71_CLARCTON_7715,71,7715,Andre Extra Dry,750mL,3252,E & J GALLO WINERY         ,8238,2023-12-29,2024-01-07,2024-01-18,2024-02-14,3.01,36,108.36,2
5_SUTTON_5445,5,5445,Jagermeister Liqueur,750mL,3089,SIDNEY FRANK IMPORTING CO  ,9926,2024-04-24,2024-05-06,2024-05-09,2024-06-25,11.76,10,117.6,1
41_LARNWICK_16129,41,16129,Pol Roger Brut,750mL,9744,FREDERICK WILDMAN & SONS   ,12979,2024-11-08,2024-11-15,2024-11-24,2024-12-29,25.33,12,303.96,2
76_DONCASTER_8815,76,8815,Ch Ste Michelle Chard Colmbi,750mL,8673,STE MICHELLE WINE ESTATES  ,8752,2024-02-02,2024-02-10,2024-02-15,2024-03-29,6.07,8,48.56,2
72_HARDERSFIELD_3667,72,3667,Boru Original Irish Vodka,1.75L,1485,CASTLE BRANDS CORP.        ,11298,2024-07-21,2024-07-27,2024-08-06,2024-09-10,13.13,4,52.52,1
76_DONCASTER_19260,76,19260,The Beach House Pinot Grigio,750mL,653,STATE WINE & SPIRITS   ,12174,2024-09-19,2024-09-29,2024-10-06,2024-11-03,6.45,1,6.45,2
78_EASTHAVEN_3549,78,3549,Ketel One Vodka,750mL,3960,DIAGEO NORTH AMERICA INC   ,10260,2024-05-17,2024-05-26,2024-06-06,2024-07-14,17.82,12,213.84,1
73_DONCASTER_3377,73,3377,Tanqueray Rangpur Gin,750mL,3960,DIAGEO NORTH AMERICA INC   ,12369,2024-09-28,2024-10-03,2024-10-13,2024-11-24,18.25,12,219.0,1
49_GARIGILL_2164,49,2164,New Amsterdam Gin,1.75L,3252,E & J GALLO WINERY         ,11248,2024-07-18,2024-07-27,2024-08-09,2024-09-01,12.14,6,72.84,1
76_DONCASTER_31497,76,31497,Barefoot Svgn Bl Cal,1.5L,3252,E & J GALLO WINERY         ,8537,2024-01-19,2024-01-25,2024-02-07,2024-03-08,7.28,6,43.68,2
34_PITMERDEN_12211,34,12211,Black Box Rsl,3L,1392,CONSTELLATION BRANDS INC   ,12840,2024-10-31,2024-11-08,2024-11-18,2024-12-23,11.03,6,66.18,2
78_EASTHAVEN_1725,78,1725,Ole Smoky White Lightnin',750mL,6359,OLE SMOKY DISTILLERY LLC   ,12385,2024-09-29,2024-10-06,2024-10-14,2024-11-12,14.17,5,70.85,1
7_STANMORE_1377,7,1377,Jim Beam Honey,1.75L,12546,JIM BEAM BRANDS COMPANY    ,11416,2024-07-29,2024-08-05,2024-08-16,2024-09-10,19.19,6,115.14,1
43_WOLFORD_9145,43,9145,Smirnoff Kissed Caramel,50mL,3960,DIAGEO NORTH AMERICA INC   ,9302,2024-03-11,2024-03-16,2024-03-28,2024-04-30,0.75,10,7.5,1
76_DONCASTER_28580,76,28580,Silverado Chard,750mL,4425,MARTIGNETTI COMPANIES,12525,2024-10-09,2024-10-20,2024-10-26,2024-11-29,14.83,12,177.96,2
76_DONCASTER_5765,76,5765,Jose Cuervo Lime Margarita,1.75L,7245,PROXIMO SPIRITS INC.       ,9977,2024-04-27,2024-05-02,2024-05-17,2024-06-23,10.36,34,352.24,1
32_MOUNTMEND_13661,32,13661,Duckhorn Decoy Pnt Nr,750mL,4425,MARTIGNETTI COMPANIES,11781,2024-08-23,2024-08-30,2024-09-07,2024-10-16,11.61,12,139.32,2
23_ARBINGTON_5587,23,5587,Jose Cuervo Golden Margarita,1.75L,7245,PROXIMO SPIRITS INC.       ,9635,2024-04-03,2024-04-12,2024-04-18,2024-05-29,13.17,6,79.02,1
33_HORNSEY_35960,33,35960,Stags Leap Winery Chard Napa,750mL,9819,TREASURY WINE ESTATES      ,13236,2024-11-25,2024-11-28,2024-12-05,2025-01-05,20.26,12,243.12,2
75_BARNCOMBE_14129,75,14129,14 Hands Hot to Trot Red,750mL,8673,STE MICHELLE WINE ESTATES  ,10062,2024-05-03,2024-05-10,2024-05-18,2024-07-03,6.01,12,72.12,2
50_MOUNTMEND_33819,50,33819,Sokol Blosser Evolution Whit,750mL,4425,MARTIGNETTI COMPANIES,8331,2024-01-04,2024-01-12,2024-01-26,2024-02-28,10.8,12,129.6,2
53_HILLFAR_4198,53,4198,Sailor Jerry Spiced Navy Rum,1.75L,3664,WILLIAM GRANT & SONS INC   ,10324,2024-05-20,2024-05-27,2024-06-04,2024-07-10,17.51,2,35.02,1
14_BROMWICH_3826,14,3826,Skyy Vodka,1.75L,11567,CAMPARI AMERICA            ,9787,2024-04-14,2024-04-20,2024-04-25,2024-05-27,15.74,4,62.96,1
12_LEESIDE_3827,12,3827,Popov Vodka,1.75L,3960,DIAGEO NORTH AMERICA INC   ,12748,2024-10-25,2024-11-03,2024-11-09,2024-12-22,9.28,6,55.68,1
34_PITMERDEN_28069,34,28069,Sutter Home Merlot Cal,1.5L,8892,TRINCHERO FAMILY ESTATES   ,8648,2024-01-26,2024-02-01,2024-02-11,2024-03-11,5.45,6,32.7,2
28_LARNWICK_2589,28,2589,Jameson Irish Whiskey,1.75L,17035,PERNOD RICARD USA          ,12919,2024-11-04,2024-11-07,2024-11-18,2024-12-25,30.76,6,184.56,1
38_GOULCREST_27351,38,27351,Almaden Chard Cal B/B,5L,9815,WINE GROUP INC             ,9503,2024-03-24,2024-03-30,2024-04-11,2024-05-17,10.38,3,31.14,2
67_EANVERNESS_1767,67,1767,Buffalo Trace Bourbon,750mL,8004,SAZERAC CO INC             ,11452,2024-08-01,2024-08-12,2024-08-16,2024-09-20,19.37,9,174.33,1
24_PALPERROTH_39254,24,39254,Las Rocas Garnacha San Alej,750mL,3252,E & J GALLO WINERY         ,11796,2024-08-24,2024-09-01,2024-09-08,2024-10-07,6.9,12,82.8,2
76_DONCASTER_15156,76,15156,Yago Sant'Gria Red,3L,8352,LUXCO INC                  ,13213,2024-11-24,2024-11-28,2024-12-06,2025-01-08,8.84,4,35.36,2
46_TYWARDREATH_13940,46,13940,Black Box Malbec,3L,1392,CONSTELLATION BRANDS INC   ,10190,2024-05-12,2024-05-18,2024-05-27,2024-06-26,10.45,6,62.7,2
7_STANMORE_23126,7,23126,Giorgio Carnevale Barbr Asti,750mL,7255,PSP WINES ,8730,2024-02-01,2024-02-12,2024-02-22,2024-03-29,8.1,21,170.1,2
52_GRAYCOTT_14184,52,14184,Ch M Vert Lussac St Emilion,750mL,7153,PINE STATE TRADING CO      ,9842,2024-04-18,2024-04-29,2024-05-02,2024-06-04,8.72,12,104.64,2
6_GOULCREST_33682,6,33682,R Mondavi Pvt Slctn Cab Sv,1.5L,1392,CONSTELLATION BRANDS INC   ,11526,2024-08-07,2024-08-17,2024-08-26,2024-09-24,10.88,6,65.28,2
25_CAERSHIRE_6938,25,6938,Vendange Chard,1.5L,1392,CONSTELLATION BRANDS INC   ,11956,2024-09-05,2024-09-14,2024-09-20,2024-10-27,4.69,2,9.38,2
66_EANVERNESS_3583,66,3583,Smirnoff Orange Vodka,1.75L,3960,DIAGEO NORTH AMERICA INC   ,13017,2024-11-11,2024-11-15,2024-11-29,2024-12-25,13.23,6,79.38,1
13_TARMSWORTH_3746,13,3746,Gordons Vodka 80 Proof,1.75L,3960,DIAGEO NORTH AMERICA INC   ,12841,2024-10-31,2024-11-09,2024-11-14,2024-12-27,8.52,10,85.2,1
56_BEGGAR'S HOLE_3368,56,3368,Pinnacle Grape Vodka,1.75L,12546,JIM BEAM BRANDS COMPANY    ,11416,2024-07-29,2024-08-03,2024-08-16,2024-09-10,12.22,6,73.32,1
11_CARDEND_19848,11,19848,Carnivor Cab Svgn,750mL,3252,E & J GALLO WINERY         ,11796,2024-08-24,2024-08-29,2024-09-08,2024-10-07,5.33,23,122.59,2
69_MOUNTMEND_5392,69,5392,Goldschlager Cinnamon Schnps,750mL,3960,DIAGEO NORTH AMERICA INC   ,9018,2024-02-21,2024-03-01,2024-03-10,2024-04-09,13.63,12,163.56,1
55_DRY GULCH_25531,55,25531,BR Cohn Silver Cab Svgn Snm,750mL,9165,ULTRA BEVERAGE COMPANY LLP ,10751,2024-06-19,2024-06-28,2024-07-11,2024-08-18,15.68,12,188.16,2
67_EANVERNESS_21017,67,21017,Estancia Monterey County GSM,750mL,1392,CONSTELLATION BRANDS INC   ,13121,2024-11-18,2024-11-23,2024-12-01,2024-12-29,9.52,6,57.12,2
1_HARDERSFIELD_3804,1,3804,Svedka Vodka,750mL,1392,CONSTELLATION BRANDS INC   ,9819,2024-04-17,2024-04-27,2024-05-09,2024-06-12,7.63,10,76.3,1
72_HARDERSFIELD_2661,72,2661,Laphroaig Cask Strength 10Yr,750mL,12546,JIM BEAM BRANDS COMPANY    ,8659,2024-01-27,2024-02-02,2024-02-14,2024-03-19,47.99,6,287.94,1
74_PAENTMARWY_4370,74,4370,Ron Virgin White,1.75L,9552,M S WALKER INC             ,13138,2024-11-20,2024-11-30,2024-12-09,2025-01-21,7.96,6,47.76,1
55_DRY GULCH_15548,55,15548,Seaglass Chard,750mL,8892,TRINCHERO FAMILY ESTATES   ,9545,2024-03-28,2024-04-08,2024-04-18,2024-05-19,6.07,12,72.84,2
76_DONCASTER_11213,76,11213,Meiomi Pnt Nr,750mL,1392,CONSTELLATION BRANDS INC   ,11703,2024-08-18,2024-08-23,2024-09-03,2024-10-01,12.66,5,63.3,2
73_DONCASTER_3858,73,3858,Grey Goose Vodka,750mL,480,BACARDI USA INC            ,10240,2024-05-16,2024-05-24,2024-05-31,2024-07-16,17.77,24,426.48,1
69_MOUNTMEND_567,69,567,Ketel One Vodka,Liter,3960,DIAGEO NORTH AMERICA INC   ,13597,2024-12-20,2024-12-26,2025-01-10,2025-02-08,20.71,12,248.52,1
62_KILMARNOCK_5445,62,5445,Jagermeister Liqueur,750mL,3089,SIDNEY FRANK IMPORTING CO  ,11306,2024-07-21,2024-07-25,2024-08-01,2024-09-09,11.76,11,129.36,1
58_HARTLEPOOL_2589,58,2589,Jameson Irish Whiskey,1.75L,17035,PERNOD RICARD USA          ,9631,2024-04-03,2024-04-14,2024-04-23,2024-05-23,30.76,5,153.8,1
78_EASTHAVEN_3802,78,3802,Three Olives Vodka,1.75L,7245,PROXIMO SPIRITS INC.       ,9327,2024-03-13,2024-03-24,2024-04-05,2024-05-02,13.43,11,147.73,1
19_WINTERVALE_6224,19,6224,La Belle Orange Liqueur,750mL,8004,SAZERAC CO INC             ,10946,2024-06-27,2024-07-06,2024-07-11,2024-08-13,12.22,12,146.64,1
66_EANVERNESS_8474,66,8474,1800 Reposado Gold Tequila,1.75L,7245,PROXIMO SPIRITS INC.       ,10555,2024-06-06,2024-06-14,2024-06-24,2024-07-28,24.62,6,147.72,1
13_TARMSWORTH_2663,13,2663,Dewars White Label,1.75L,480,BACARDI USA INC            ,8618,2024-01-25,2024-02-03,2024-02-16,2024-03-17,21.42,6,128.52,1
67_EANVERNESS_689,67,689,McManis Pnt Nr Cal,750mL,653,STATE WINE & SPIRITS   ,8790,2024-02-04,2024-02-09,2024-02-22,2024-03-25,7.33,12,87.96,2
32_MOUNTMEND_19831,32,19831,Cesari Boscarel,750mL,9165,ULTRA BEVERAGE COMPANY LLP ,12689,2024-10-19,2024-10-26,2024-11-08,2024-12-11,6.84,6,41.04,2
8_ALNERWICK_5489,8,5489,DeKuyper Hot Damn Cinnamon,750mL,12546,JIM BEAM BRANDS COMPANY    ,12661,2024-10-18,2024-10-25,2024-11-04,2024-12-05,7.57,12,90.84,1
72_HARDERSFIELD_1376,72,1376,Jim Beam,1.75L,12546,JIM BEAM BRANDS COMPANY    ,11416,2024-07-29,2024-08-02,2024-08-16,2024-09-10,16.29,1,16.29,1
7_STANMORE_2143,7,2143,Canadian Mist,1.75L,1128,BROWN-FORMAN CORP          ,8210,2023-12-27,2024-01-05,2024-01-15,2024-02-25,10.07,12,120.84,1
19_WINTERVALE_5268,19,5268,Mr Boston Rock & Rye,750mL,660,SAZERAC NORTH AMERICA INC. ,13494,2024-12-13,2024-12-20,2025-01-02,2025-02-10,6.56,7,45.92,1
60_IRRAGIN_653,60,653,Dom de Canton Ginger Liqueur,750mL,3924,HEAVEN HILL DISTILLERIES   ,8343,2024-01-05,2024-01-14,2024-01-20,2024-02-18,21.73,6,130.38,1
54_GUTHRAM_4243,54,4243,Bacardi Superior Rum,1.75L,480,BACARDI USA INC            ,9929,2024-04-25,2024-05-03,2024-05-16,2024-06-20,14.49,6,86.94,1
35_HALIVAARA_45647,35,45647,Masciarelli Rose d'Abruzzo,750mL,10754,PERFECTA WINES             ,10138,2024-05-09,2024-05-17,2024-05-30,2024-07-07,6.49,12,77.88,2
59_CLAETHORPES_8097,59,8097,Patron Citronge Orange,375mL,9165,ULTRA BEVERAGE COMPANY LLP ,9298,2024-03-10,2024-03-16,2024-03-22,2024-04-21,9.44,12,113.28,1
76_DONCASTER_6579,76,6579,J Lohr Riverstone Chard,750mL,4425,MARTIGNETTI COMPANIES,9140,2024-02-29,2024-03-07,2024-03-20,2024-04-16,5.8,13,75.4,2
67_EANVERNESS_8622,67,8622,Dom Perignon,750mL,8112,MOET HENNESSY USA INC      ,10335,2024-05-22,2024-05-31,2024-06-09,2024-07-10,87.09,6,522.54,2
74_PAENTMARWY_6455,74,6455,Folonari Pinot Grigio Venez,1.5L,9744,FREDERICK WILDMAN & SONS   ,8551,2024-01-20,2024-01-29,2024-02-04,2024-03-06,6.09,1,6.09,2
41_LARNWICK_3859,41,3859,Smirnoff 80 Proof,375mL,3960,DIAGEO NORTH AMERICA INC   ,9624,2024-04-03,2024-04-13,2024-04-18,2024-05-24,6.81,23,156.63,1
8_ALNERWICK_5817,8,5817,GranGala Triple Orange,1.75L,8004,SAZERAC CO INC             ,10442,2024-05-29,2024-06-09,2024-06-20,2024-07-26,22.89,6,137.34,1
55_DRY GULCH_8562,55,8562,DeKuyper Peachtree Trav,1.75L,12546,JIM BEAM BRANDS COMPANY    ,11867,2024-08-30,2024-09-06,2024-09-13,2024-10-18,11.44,6,68.64,1
21_BALERNO_14706,21,14706,Cupcake Prosecco,750mL,9815,WINE GROUP INC             ,10950,2024-06-27,2024-07-07,2024-07-19,2024-08-18,4.6,36,165.6,2
6_GOULCREST_24096,6,24096,Gallo Copperidge Chard Cal,1.5L,3252,E & J GALLO WINERY         ,12635,2024-10-17,2024-10-24,2024-11-02,2024-12-14,4.57,12,54.84,2
42_BLACK HOLLOW_15105,42,15105,Kendall Jackson Avant Chard,750mL,10000,MAJESTIC FINE WINES        ,12590,2024-10-13,2024-10-20,2024-10-25,2024-12-03,6.86,12,82.32,2
64_CESTERFIELD_4261,64,4261,Capt Morgan Spiced Rum,1.75L,3960,DIAGEO NORTH AMERICA INC   ,9919,2024-04-24,2024-05-05,2024-05-10,2024-06-11,16.17,17,274.89,1
24_PALPERROTH_4429,24,4429,Capt Morgan Silver Spicd Rum,1.75L,3960,DIAGEO NORTH AMERICA INC   ,13320,2024-12-02,2024-12-08,2024-12-19,2025-01-13,17.31,6,103.86,1
55_DRY GULCH_15876,55,15876,3 Brooms Svgn Bl Marlborough,750mL,10754,PERFECTA WINES             ,12983,2024-11-08,2024-11-15,2024-11-22,2024-12-31,9.65,12,115.8,2
7_STANMORE_1233,7,1233,Jack Daniels No 7 Black,1.75L,1128,BROWN-FORMAN CORP          ,9763,2024-04-13,2024-04-19,2024-05-03,2024-06-09,26.27,7,183.89,1
38_GOULCREST_8480,38,8480,Clan MacGregor,1.75L,3664,WILLIAM GRANT & SONS INC   ,13538,2024-12-15,2024-12-19,2024-12-31,2025-02-08,11.19,4,44.76,1
25_CAERSHIRE_33874,25,33874,Bella Sera Pinot Grigio Del,1.5L,3252,E & J GALLO WINERY         ,8537,2024-01-19,2024-01-27,2024-02-07,2024-03-08,6.62,11,72.82,2
34_PITMERDEN_8688,34,8688,Paul Masson Chablis,3L,1392,CONSTELLATION BRANDS INC   ,9819,2024-04-17,2024-04-25,2024-05-09,2024-06-12,6.62,4,26.48,2
39_EASTHALLOW_3326,39,3326,Jenkins Gin,1.75L,9552,M S WALKER INC             ,9049,2024-02-23,2024-03-03,2024-03-11,2024-04-13,7.36,6,44.16,1
31_HORNSEY_29169,31,29169,Franzia Tap Merlot,5L,9815,WINE GROUP INC             ,13132,2024-11-18,2024-11-25,2024-12-06,2025-01-15,10.88,4,43.52,2
50_MOUNTMEND_2465,50,2465,Crown Royal Mini,50mL,3960,DIAGEO NORTH AMERICA INC   ,9919,2024-04-24,2024-05-05,2024-05-10,2024-06-11,2.15,57,122.55,1
67_EANVERNESS_35472,67,35472,R M Woodbridge Pnt Grigio,1.5L,1392,CONSTELLATION BRANDS INC   ,9065,2024-02-24,2024-03-01,2024-03-13,2024-04-13,5.88,9,52.92,2
10_HORNSEY_8111,10,8111,Smirnoff 80 Proof,50mL,3960,DIAGEO NORTH AMERICA INC   ,9302,2024-03-11,2024-03-18,2024-03-28,2024-04-30,0.77,103,79.31,1
65_LUTON_178,65,178,Wild Turkey Russell's RSV,750mL,11567,CAMPARI AMERICA            ,10985,2024-06-30,2024-07-06,2024-07-17,2024-08-18,20.76,2,41.52,1
69_MOUNTMEND_4734,69,4734,Capt Morgan Cannon Blast,750mL,3960,DIAGEO NORTH AMERICA INC   ,11329,2024-07-24,2024-08-01,2024-08-16,2024-09-14,11.9,6,71.4,1
59_CLAETHORPES_7990,59,7990,Noilly Prat Sweet Vermouth,Liter,480,BACARDI USA INC            ,8433,2024-01-12,2024-01-20,2024-01-29,2024-03-10,7.68,12,92.16,1
72_HARDERSFIELD_1233,72,1233,Jack Daniels No 7 Black,1.75L,1128,BROWN-FORMAN CORP          ,12517,2024-10-09,2024-10-17,2024-10-27,2024-12-11,26.27,1,26.27,1
72_HARDERSFIELD_14672,72,14672,Duckhorn Decoy Cab Svgn,750mL,4425,MARTIGNETTI COMPANIES,10247,2024-05-16,2024-05-27,2024-06-07,2024-07-05,11.61,11,127.71,2
53_HILLFAR_8694,53,8694,Skinnygirl Cosmopolitan,750mL,12546,JIM BEAM BRANDS COMPANY    ,8928,2024-02-15,2024-02-24,2024-03-07,2024-04-03,7.99,12,95.88,1
72_HARDERSFIELD_5725,72,5725,DeKuyper Sour Apple Pucker,750mL,12546,JIM BEAM BRANDS COMPANY    ,10451,2024-05-30,2024-06-10,2024-06-20,2024-07-14,7.4,11,81.4,1
76_DONCASTER_29477,76,29477,R Mondavi Pvt Sel Rsl,750mL,1392,CONSTELLATION BRANDS INC   ,11459,2024-08-02,2024-08-10,2024-08-22,2024-09-15,4.75,11,52.25,2
34_PITMERDEN_1883,34,1883,Seagrams 7 Crown,1.75L,3960,DIAGEO NORTH AMERICA INC   ,9451,2024-03-22,2024-04-01,2024-04-06,2024-05-10,13.23,1,13.23,1
55_DRY GULCH_3422,55,3422,Beefeater,750mL,17035,PERNOD RICARD USA          ,10772,2024-06-21,2024-06-28,2024-07-07,2024-08-20,15.99,11,175.89,1
49_GARIGILL_3834,49,3834,Skyy Vodka,750mL,11567,CAMPARI AMERICA            ,10379,2024-05-25,2024-06-01,2024-06-12,2024-07-23,10.23,11,112.53,1
1_HARDERSFIELD_8068,1,8068,Absolut 80 Proof,1.75L,17035,PERNOD RICARD USA          ,8918,2024-02-14,2024-02-24,2024-03-05,2024-04-01,18.24,8,145.92,1
34_PITMERDEN_4064,34,4064,Calico Jack Pin/Coc Rum,1.75L,12546,JIM BEAM BRANDS COMPANY    ,10451,2024-05-30,2024-06-06,2024-06-20,2024-07-14,9.41,5,47.05,1
14_BROMWICH_5311,14,5311,Amaretto DiSaronno,1.75L,2555,DISARONNO INTERNATIONAL LLC,13053,2024-11-14,2024-11-23,2024-12-05,2025-01-15,23.7,5,118.5,1
50_MOUNTMEND_14920,50,14920,Broadbent Gruner Veltliner,Liter,90024,VINILANDIA USA             ,11583,2024-08-09,2024-08-17,2024-08-26,2024-10-06,7.84,24,188.16,2
46_TYWARDREATH_2586,46,2586,Jameson Irish Whiskey,50mL,17035,PERNOD RICARD USA          ,9291,2024-03-10,2024-03-16,2024-03-22,2024-05-08,2.21,12,26.52,1
41_LARNWICK_2518,41,2518,Woodford Reserve Double Oak,750mL,1128,BROWN-FORMAN CORP          ,13390,2024-12-07,2024-12-14,2024-12-19,2025-01-30,36.49,6,218.94,1
81_PEMBROKE_7272,81,7272,Deep Eddy Cranberry Vodka,750mL,3924,HEAVEN HILL DISTILLERIES   ,12421,2024-10-02,2024-10-12,2024-10-23,2024-11-25,14.28,28,399.84,1
56_BEGGAR'S HOLE_5253,56,5253,Kahlua Original Mudslide RTD,1.75L,17035,PERNOD RICARD USA          ,13580,2024-12-19,2024-12-28,2025-01-10,2025-02-11,11.84,6,71.04,1
64_CESTERFIELD_3858,64,3858,Grey Goose Vodka,750mL,480,BACARDI USA INC            ,10022,2024-05-01,2024-05-10,2024-05-18,2024-06-28,17.77,7,124.39,1
76_DONCASTER_4330,76,4330,Capt Morgan Spiced Rum 100,1.75L,3960,DIAGEO NORTH AMERICA INC   ,10023,2024-05-01,2024-05-10,2024-05-19,2024-06-21,20.79,5,103.95,1
55_DRY GULCH_19336,55,19336,Moletto Prosecco,187mL,4848,LAIRD & CO                 ,13057,2024-11-14,2024-11-22,2024-11-28,2025-01-11,2.71,24,65.04,2
56_BEGGAR'S HOLE_35412,56,35412,Yellow Tail Chard Ausl,1.5L,4425,MARTIGNETTI COMPANIES,11368,2024-07-26,2024-08-03,2024-08-16,2024-09-10,5.97,9,53.73,2
73_DONCASTER_2839,73,2839,Ardmore Legacy Single Malt,750mL,12546,JIM BEAM BRANDS COMPANY    ,12134,2024-09-16,2024-09-19,2024-09-29,2024-11-07,27.0,6,162.0,1
1_HARDERSFIELD_6682,1,6682,R M Woodbridge Chard Cal,1.5L,1392,CONSTELLATION BRANDS INC   ,9134,2024-02-29,2024-03-08,2024-03-16,2024-04-28,6.03,18,108.54,2
48_NORFOLK_1637,48,1637,Fleischmanns Preferred,1.75L,660,SAZERAC NORTH AMERICA INC. ,8820,2024-02-07,2024-02-19,2024-02-24,2024-04-10,8.13,6,48.78,1
7_STANMORE_3579,7,3579,Ciroc Pineapple Vodka,375mL,3960,DIAGEO NORTH AMERICA INC   ,11907,2024-09-01,2024-09-09,2024-09-13,2024-10-19,8.88,12,106.56,1
34_PITMERDEN_3724,34,3724,Absolut Citron,750mL,17035,PERNOD RICARD USA          ,10179,2024-05-11,2024-05-19,2024-05-28,2024-06-30,12.31,10,123.1,1
19_WINTERVALE_3769,19,3769,Jenkins Vodka,1.75L,9552,M S WALKER INC             ,11869,2024-08-30,2024-09-08,2024-09-12,2024-10-27,7.02,35,245.7,1
22_SHARNWICK_36770,22,36770,Yellow Tail Cab Svgn Ausl,1.5L,4425,MARTIGNETTI COMPANIES,11435,2024-07-31,2024-08-11,2024-08-16,2024-10-02,6.13,18,110.34,2
7_STANMORE_4829,7,4829,Mr Boston Blackberry Brandy,1.75L,660,SAZERAC NORTH AMERICA INC. ,10558,2024-06-06,2024-06-17,2024-06-20,2024-08-04,9.59,6,57.54,1
50_MOUNTMEND_18741,50,18741,Ca'Momi Pinot Noir Napa Vall,750mL,10754,PERFECTA WINES             ,9038,2024-02-22,2024-03-01,2024-03-13,2024-04-10,9.8,12,117.6,2
42_BLACK HOLLOW_8265,42,8265,Cockburns Fine Ruby Port,750mL,7240,"PREMIUM PORT WINES, INC.   ",11662,2024-08-15,2024-08-24,2024-08-31,2024-10-14,6.89,12,82.68,2
27_MOUNTMEND_6281,27,6281,Franzia Sunset Blush Tap,5L,9815,WINE GROUP INC             ,10763,2024-06-20,2024-06-28,2024-07-05,2024-08-14,8.96,4,35.84,2
66_EANVERNESS_18381,66,18381,Block Nine Caiden Vyd Pnt Nr,750mL,9552,M S WALKER INC             ,13059,2024-11-14,2024-11-23,2024-11-29,2025-01-05,8.44,12,101.28,2
77_TAMWORTH_3737,77,3737,Pinnacle Blueberry Vodka,1.75L,12546,JIM BEAM BRANDS COMPANY    ,8659,2024-01-27,2024-02-02,2024-02-14,2024-03-19,12.4,30,372.0,1
78_EASTHAVEN_38502,78,38502,Ruffino Lumina Pnt Grigio,750mL,1392,CONSTELLATION BRANDS INC   ,11246,2024-07-18,2024-07-27,2024-08-08,2024-09-09,4.57,24,109.68,2
2_ASHBORNE_8606,2,8606,Baileys Espresso Creme,50mL,3960,DIAGEO NORTH AMERICA INC   ,8575,2024-01-21,2024-01-25,2024-02-03,2024-03-06,0.73,80,58.4,1
66_EANVERNESS_8476,66,8476,1800 Reposado Gold Tequila,375mL,7245,PROXIMO SPIRITS INC.       ,10389,2024-05-25,2024-05-30,2024-06-12,2024-07-24,8.98,12,107.76,1
66_EANVERNESS_4225,66,4225,Goslings Black Seal Bermuda,1.75L,1485,CASTLE BRANDS CORP.        ,12775,2024-10-26,2024-11-01,2024-11-10,2024-12-19,18.37,6,110.22,1
11_CARDEND_2764,11,2764,Hatfield & McCoy Whiskey,750mL,9552,M S WALKER INC             ,12962,2024-11-07,2024-11-17,2024-11-22,2025-01-07,23.99,6,143.94,1
16_LUNDY_8838,16,8838,Ch Ste Michelle Cab Svgn Col,750mL,8673,STE MICHELLE WINE ESTATES  ,12852,2024-10-31,2024-11-12,2024-11-17,2024-12-26,7.71,12,92.52,2
74_PAENTMARWY_3405,74,3405,Tito's Handmade Vodka,1.75L,4425,MARTIGNETTI COMPANIES,12730,2024-10-23,2024-10-31,2024-11-11,2024-12-18,23.19,3,69.57,1
47_PELLA'S WISH_47014,47,47014,Juan Gil Jumilla Rd,750mL,9552,M S WALKER INC             ,11145,2024-07-11,2024-07-19,2024-07-29,2024-09-09,8.16,12,97.92,2
6_GOULCREST_39348,6,39348,Sterling Vintners Cltn Pnt N,750mL,1590,DIAGEO CHATEAU ESTATE WINES,12725,2024-10-23,2024-11-04,2024-11-14,2024-12-19,6.5,10,65.0,2
34_PITMERDEN_90609,34,90609,Flavor Essence Variety 5 Pak,5/2 oz,2,"IRA GOLDMAN AND WILLIAMS, LLP          ",9855,2024-04-19,2024-04-29,2024-05-09,2024-06-08,17.0,32,544.0,2
81_PEMBROKE_2589,81,2589,Jameson Irish Whiskey,1.75L,17035,PERNOD RICARD USA          ,11783,2024-08-23,2024-09-03,2024-09-08,2024-10-16,30.76,90,2768.4,1
42_BLACK HOLLOW_13963,42,13963,Yellow Tail Pnt Nr,1.5L,4425,MARTIGNETTI COMPANIES,12201,2024-09-21,2024-09-27,2024-10-09,2024-11-14,6.75,6,40.5,2
76_DONCASTER_16429,76,16429,HandCraft Artisan Coll Pnt N,750mL,2242,DELICATO VINEYARDS INC     ,10682,2024-06-15,2024-06-20,2024-07-04,2024-08-01,5.8,12,69.6,2
1_HARDERSFIELD_38946,1,38946,Bully Hill Sweet Walter Rd,750mL,2000,SOUTHERN WINE & SPIRITS NE ,13586,2024-12-19,2024-12-28,2025-01-03,2025-02-17,5.59,12,67.08,2
71_CLARCTON_3758,71,3758,Margaritaville Gold Tequila,1.75L,8004,SAZERAC CO INC             ,10181,2024-05-11,2024-05-19,2024-05-24,2024-07-08,14.59,6,87.54,1
23_ARBINGTON_10596,23,10596,Almaden Mt Rhine Calif B/B,5L,9815,WINE GROUP INC             ,10221,2024-05-13,2024-05-17,2024-05-25,2024-07-07,9.86,4,39.44,2
50_MOUNTMEND_1373,50,1373,Jim Beam Honey,750mL,12546,JIM BEAM BRANDS COMPANY    ,13325,2024-12-02,2024-12-08,2024-12-13,2025-01-23,10.36,8,82.88,1
49_GARIGILL_8368,49,8368,Bacardi Superior Rum,100mL,480,BACARDI USA INC            ,8548,2024-01-20,2024-01-26,2024-02-02,2024-03-19,1.51,47,70.97,1
77_TAMWORTH_7262,77,7262,Gallo Sweet Vermouth,750mL,3252,E & J GALLO WINERY         ,9035,2024-02-22,2024-03-01,2024-03-07,2024-04-15,3.59,12,43.08,2
8_ALNERWICK_4064,8,4064,Calico Jack Pin/Coc Rum,1.75L,12546,JIM BEAM BRANDS COMPANY    ,12661,2024-10-18,2024-10-25,2024-11-04,2024-12-05,9.41,5,47.05,1
41_LARNWICK_3233,41,3233,Belvedere Wild Berry,750mL,8112,MOET HENNESSY USA INC      ,11720,2024-08-19,2024-08-24,2024-09-03,2024-10-03,16.66,7,116.62,1
66_EANVERNESS_5735,66,5735,Malibu Rum,750mL,17035,PERNOD RICARD USA          ,10179,2024-05-11,2024-05-18,2024-05-28,2024-06-30,9.29,8,74.32,1
18_FURNESS_2398,18,2398,Tullamore Dew,750mL,3664,WILLIAM GRANT & SONS INC   ,12178,2024-09-19,2024-09-30,2024-10-11,2024-11-10,16.4,12,196.8,1
7_STANMORE_3234,7,3234,Hendrick's Gin,1.75L,3664,WILLIAM GRANT & SONS INC   ,9179,2024-03-02,2024-03-11,2024-03-16,2024-04-20,45.92,6,275.52,1
59_CLAETHORPES_8673,59,8673,Skinnygirl Margarita,750mL,12546,JIM BEAM BRANDS COMPANY    ,9907,2024-04-22,2024-04-28,2024-05-04,2024-06-17,7.87,12,94.44,1
35_HALIVAARA_3038,35,3038,Zhenka Raspberry Vodka,1.75L,9552,M S WALKER INC             ,13326,2024-12-02,2024-12-08,2024-12-14,2025-01-14,7.13,6,42.78,1
74_PAENTMARWY_19748,74,19748,Clos du Bois Chard,1.5L,1392,CONSTELLATION BRANDS INC   ,11526,2024-08-07,2024-08-19,2024-08-26,2024-09-24,9.2,9,82.8,2
48_NORFOLK_5254,48,5254,DeKuyper Buttershots Schnpps,750mL,12546,JIM BEAM BRANDS COMPANY    ,8800,2024-02-05,2024-02-08,2024-02-19,2024-04-01,7.35,12,88.2,1
72_HARDERSFIELD_6967,72,6967,Santa Margherita Pnt Grigio,750mL,4425,MARTIGNETTI COMPANIES,11166,2024-07-12,2024-07-20,2024-07-29,2024-09-10,11.89,2,23.78,2
69_MOUNTMEND_8482,69,8482,Cabot Trail Cana Cream Maple,750mL,9165,ULTRA BEVERAGE COMPANY LLP ,10444,2024-05-29,2024-06-08,2024-06-20,2024-07-18,14.28,12,171.36,1
11_CARDEND_8023,11,8023,DeKuyper Triple Sec,750mL,12546,JIM BEAM BRANDS COMPANY    ,12222,2024-09-22,2024-09-29,2024-10-04,2024-11-03,3.28,12,39.36,1
60_IRRAGIN_8085,60,8085,Wild Turkey,1.75L,11567,CAMPARI AMERICA            ,12621,2024-10-16,2024-10-24,2024-11-03,2024-12-07,25.59,5,127.95,1
56_BEGGAR'S HOLE_5096,56,5096,DeKuyper Peachtree Schnapps,750mL,12546,JIM BEAM BRANDS COMPANY    ,11227,2024-07-17,2024-07-26,2024-08-01,2024-09-17,7.99,8,63.92,1
48_NORFOLK_21985,48,21985,Menage a Trois Midnight,750mL,8892,TRINCHERO FAMILY ESTATES   ,13368,2024-12-05,2024-12-16,2024-12-23,2025-02-05,6.59,10,65.9,2
38_GOULCREST_24552,38,24552,Gnarly Head 1924 Double Blac,750mL,2242,DELICATO VINEYARDS INC     ,8378,2024-01-07,2024-01-11,2024-01-22,2024-02-22,6.7,60,402.0,2
14_BROMWICH_3040,14,3040,Tito's Handmade Vodka,Liter,4425,MARTIGNETTI COMPANIES,10193,2024-05-12,2024-05-18,2024-05-29,2024-07-09,16.54,11,181.94,1
61_AETHELNEY_6873,61,6873,Guigal Cotes du Rhone Red,750mL,4425,MARTIGNETTI COMPANIES,12995,2024-11-09,2024-11-16,2024-11-29,2025-01-03,9.2,11,101.2,2
15_WANBORNE_19668,15,19668,Gnarly Head Malbec,750mL,2242,DELICATO VINEYARDS INC     ,9789,2024-04-14,2024-04-21,2024-04-26,2024-05-29,6.53,12,78.36,2
25_CAERSHIRE_39356,25,39356,Bota Box Chard Cal,3L,2242,DELICATO VINEYARDS INC     ,11884,2024-08-31,2024-09-07,2024-09-15,2024-10-17,11.56,3,34.68,2
67_EANVERNESS_14393,67,14393,Ch Montaud Cotes de Prov Rse,750mL,7153,PINE STATE TRADING CO      ,12449,2024-10-03,2024-10-14,2024-10-20,2024-12-03,6.5,22,143.0,2
55_DRY GULCH_8453,55,8453,1800 Silver Tequila,50mL,7245,PROXIMO SPIRITS INC.       ,13363,2024-12-05,2024-12-16,2024-12-20,2025-02-02,2.11,59,124.49,1
23_ARBINGTON_3696,23,3696,Gilbeys Vodka,1.75L,12546,JIM BEAM BRANDS COMPANY    ,13421,2024-12-08,2024-12-15,2024-12-24,2025-01-21,7.6,11,83.6,1
22_SHARNWICK_4198,22,4198,Sailor Jerry Spiced Navy Rum,1.75L,3664,WILLIAM GRANT & SONS INC   ,11747,2024-08-21,2024-09-01,2024-09-07,2024-10-23,17.51,3,52.53,1
7_STANMORE_8512,7,8512,Baileys Irish Cream,750mL,3960,DIAGEO NORTH AMERICA INC   ,11191,2024-07-14,2024-07-22,2024-08-01,2024-09-07,14.72,7,103.04,1
33_HORNSEY_3244,33,3244,Burnetts Vodka,750mL,3924,HEAVEN HILL DISTILLERIES   ,11226,2024-07-17,2024-07-29,2024-08-02,2024-09-03,4.32,11,47.52,1
60_IRRAGIN_14078,60,14078,Bota Box Malbec,3L,2242,DELICATO VINEYARDS INC     ,10292,2024-05-19,2024-05-23,2024-06-03,2024-07-16,11.25,3,33.75,2
60_IRRAGIN_42766,60,42766,14 Hands Merlot Wash,750mL,8673,STE MICHELLE WINE ESTATES  ,13300,2024-11-30,2024-12-05,2024-12-15,2025-01-22,5.85,11,64.35,2
71_CLARCTON_3180,71,3180,New Amsterdam Vodka,1.75L,3252,E & J GALLO WINERY         ,11431,2024-07-31,2024-08-11,2024-08-21,2024-10-01,10.94,2,21.88,1
34_PITMERDEN_4679,34,4679,Courvoisier VS Cognac,375mL,12546,JIM BEAM BRANDS COMPANY    ,13325,2024-12-02,2024-12-07,2024-12-13,2025-01-23,8.63,11,94.93,1
35_HALIVAARA_3246,35,3246,Bentley's Vodka,1.75L,8004,SAZERAC CO INC             ,12246,2024-09-23,2024-09-29,2024-10-05,2024-11-15,6.71,9,60.39,1
25_CAERSHIRE_31915,25,31915,F Coppola Diamond Chard,750mL,2000,SOUTHERN WINE & SPIRITS NE ,10458,2024-05-30,2024-06-07,2024-06-19,2024-07-28,8.27,12,99.24,2
8_ALNERWICK_12154,8,12154,Cousino Macul RSV Cab Svgn,750mL,9552,M S WALKER INC             ,11114,2024-07-08,2024-07-12,2024-07-22,2024-08-29,10.06,12,120.72,2
55_DRY GULCH_11825,55,11825,Cupcake Cab Svgn,750mL,9815,WINE GROUP INC             ,9846,2024-04-18,2024-04-27,2024-05-09,2024-06-18,4.66,12,55.92,2
71_CLARCTON_27351,71,27351,Almaden Chard Cal B/B,5L,9815,WINE GROUP INC             ,12670,2024-10-18,2024-10-25,2024-11-01,2024-12-11,10.38,3,31.14,2
64_CESTERFIELD_2781,64,2781,High West Campfire Whiskey,750mL,9165,ULTRA BEVERAGE COMPANY LLP ,13369,2024-12-05,2024-12-13,2024-12-19,2025-02-04,44.11,1,44.11,1
49_GARIGILL_3502,49,3502,Pinnacle Vodka,750mL,12546,JIM BEAM BRANDS COMPANY    ,8659,2024-01-27,2024-02-03,2024-02-14,2024-03-19,8.14,12,97.68,1
1_HARDERSFIELD_3684,1,3684,Fleischmanns Royal Vodka,1.75L,660,SAZERAC NORTH AMERICA INC. ,13008,2024-11-10,2024-11-15,2024-11-28,2025-01-04,7.68,3,23.04,1
61_AETHELNEY_19895,61,19895,Skeleton Malbec,Liter,9165,ULTRA BEVERAGE COMPANY LLP ,12947,2024-11-06,2024-11-18,2024-11-22,2025-01-08,6.45,6,38.7,2
31_HORNSEY_800,31,800,Jameson Irish Whiskey,Liter,17035,PERNOD RICARD USA          ,12819,2024-10-28,2024-11-03,2024-11-13,2024-12-13,24.02,24,576.48,1
15_WANBORNE_21101,15,21101,Niner Twisted Spur 10 Red,750mL,653,STATE WINE & SPIRITS   ,10994,2024-06-30,2024-07-07,2024-07-15,2024-08-25,12.24,23,281.52,2
23_ARBINGTON_3876,23,3876,Smirnoff 80 Proof,1.75L,3960,DIAGEO NORTH AMERICA INC   ,11329,2024-07-24,2024-08-02,2024-08-16,2024-09-14,13.95,5,69.75,1
79_BALLYMENA_25519,79,25519,R.Mondavi PS Bourbon Barrel,750mL,1392,CONSTELLATION BRANDS INC   ,12077,2024-09-13,2024-09-23,2024-10-01,2024-10-27,9.58,48,459.84,2
21_BALERNO_24003,21,24003,Corbett Canyon Cab Svgn,1.5L,9815,WINE GROUP INC             ,8401,2024-01-08,2024-01-12,2024-01-19,2024-03-03,4.54,4,18.16,2
15_WANBORNE_13422,15,13422,Gnarly Head Pnt Nr,750mL,2242,DELICATO VINEYARDS INC     ,12811,2024-10-28,2024-11-03,2024-11-07,2024-12-14,6.45,12,77.4,2
69_MOUNTMEND_43809,69,43809,R M Woodbridge Pnt Nr,1.5L,1392,CONSTELLATION BRANDS INC   ,11246,2024-07-18,2024-07-25,2024-08-08,2024-09-09,5.84,15,87.6,2
39_EASTHALLOW_7383,39,7383,BeatBox Blue Razzberry Rtd,5L,9165,ULTRA BEVERAGE COMPANY LLP ,10641,2024-06-12,2024-06-21,2024-06-28,2024-08-03,14.7,20,294.0,1
34_PITMERDEN_18642,34,18642,Yellow Tail Pink Moscato,1.5L,4425,MARTIGNETTI COMPANIES,13214,2024-11-24,2024-12-01,2024-12-13,2025-01-07,5.81,6,34.86,2
2_ASHBORNE_38950,2,38950,Corvo Sicily Nero D'Avola,750mL,10754,PERFECTA WINES             ,12898,2024-11-03,2024-11-07,2024-11-22,2024-12-19,6.8,12,81.6,2
30_CULCHETH_11022,30,11022,Hogue Cab Svgn Columbia,750mL,1392,CONSTELLATION BRANDS INC   ,13486,2024-12-13,2024-12-19,2024-12-28,2025-02-12,6.16,12,73.92,2
52_GRAYCOTT_3840,52,3840,Smirnoff Raspberry Vodka,1.75L,3960,DIAGEO NORTH AMERICA INC   ,12676,2024-10-19,2024-10-28,2024-11-06,2024-12-05,14.39,5,71.95,1
8_ALNERWICK_20357,8,20357,Apothic Dark,750mL,3252,E & J GALLO WINERY         ,12932,2024-11-06,2024-11-15,2024-11-22,2024-12-24,5.19,10,51.9,2
53_HILLFAR_2482,53,2482,Clase Azul Reposado Tequila,750mL,6213,MHW LTD                    ,11889,2024-08-31,2024-09-07,2024-09-18,2024-10-21,78.73,6,472.38,1
41_LARNWICK_2062,41,2062,Woodford Reserve Bourbon,1.75L,1128,BROWN-FORMAN CORP          ,12788,2024-10-27,2024-11-01,2024-11-12,2024-12-10,44.11,3,132.33,1
6_GOULCREST_8922,6,8922,Taylor Lake Country Red,3L,1392,CONSTELLATION BRANDS INC   ,10448,2024-05-30,2024-06-08,2024-06-13,2024-07-27,5.4,4,21.6,2
38_GOULCREST_3243,38,3243,Burnetts Vodka,1.75L,3924,HEAVEN HILL DISTILLERIES   ,10419,2024-05-27,2024-06-01,2024-06-10,2024-07-17,8.26,4,33.04,1
63_SWORDBREAK_5232,63,5232,DeKuyper Buttershots Schnaps,1.75L,12546,JIM BEAM BRANDS COMPANY    ,13056,2024-11-14,2024-11-22,2024-11-28,2025-01-15,10.71,6,64.26,1
67_EANVERNESS_24805,67,24805,Menage a Trois Silk Soft Red,750mL,8892,TRINCHERO FAMILY ESTATES   ,9010,2024-02-19,2024-02-26,2024-03-01,2024-04-03,6.84,7,47.88,2
50_MOUNTMEND_3818,50,3818,Cabo Wabo Blanco Tequila,750mL,11567,CAMPARI AMERICA            ,12621,2024-10-16,2024-10-24,2024-11-03,2024-12-07,21.73,6,130.38,1
25_CAERSHIRE_37821,25,37821,Frescobaldi Sangiovese Remo,750mL,9165,ULTRA BEVERAGE COMPANY LLP ,10051,2024-05-02,2024-05-10,2024-05-23,2024-06-23,4.6,12,55.2,2
8_ALNERWICK_35471,8,35471,R M Woodbridge Pnt Grigio,750mL,1392,CONSTELLATION BRANDS INC   ,11956,2024-09-05,2024-09-15,2024-09-20,2024-10-27,3.35,22,73.7,2
56_BEGGAR'S HOLE_3237,56,3237,Firefly Sweet Tea Vodka,1.75L,8004,SAZERAC CO INC             ,11695,2024-08-17,2024-08-23,2024-08-30,2024-10-10,18.17,12,218.04,1
23_ARBINGTON_35412,23,35412,Yellow Tail Chard Ausl,1.5L,4425,MARTIGNETTI COMPANIES,10875,2024-06-25,2024-07-01,2024-07-07,2024-08-17,5.97,29,173.13,2
56_BEGGAR'S HOLE_31231,56,31231,Nobilo Svgn Bl MarlborougH,750mL,1392,CONSTELLATION BRANDS INC   ,13319,2024-12-02,2024-12-07,2024-12-18,2025-01-28,6.49,12,77.88,2
54_GUTHRAM_5872,54,5872,Godiva Chocolate Liqueur,50mL,3960,DIAGEO NORTH AMERICA INC   ,13597,2024-12-20,2024-12-30,2025-01-10,2025-02-08,2.32,9,20.88,1
35_HALIVAARA_3970,35,3970,El Toro Gold,750mL,660,SAZERAC NORTH AMERICA INC. ,12118,2024-09-15,2024-09-20,2024-09-28,2024-11-07,6.78,12,81.36,1
33_HORNSEY_3733,33,3733,Patron Silver Tequila,1.75L,9165,ULTRA BEVERAGE COMPANY LLP ,8739,2024-02-01,2024-02-09,2024-02-17,2024-03-23,83.96,3,251.88,1
38_GOULCREST_1346,38,1346,Knob Creek Bourbon,750mL,12546,JIM BEAM BRANDS COMPANY    ,9420,2024-03-20,2024-03-30,2024-04-05,2024-05-19,22.55,4,90.2,1
76_DONCASTER_24029,76,24029,W Hill Est Cntrl Cst Pnt Nr,750mL,3252,E & J GALLO WINERY         ,12859,2024-11-01,2024-11-10,2024-11-16,2024-12-20,10.34,12,124.08,2
61_AETHELNEY_3522,61,3522,Platinum 7X Distilled Vodka,1.75L,8004,SAZERAC CO INC             ,9859,2024-04-19,2024-04-29,2024-05-05,2024-06-08,9.62,95,913.9,1
22_SHARNWICK_6281,22,6281,Franzia Sunset Blush Tap,5L,9815,WINE GROUP INC             ,10256,2024-05-16,2024-05-26,2024-06-05,2024-07-12,8.96,3,26.88,2
24_PALPERROTH_13963,24,13963,Yellow Tail Pnt Nr,1.5L,4425,MARTIGNETTI COMPANIES,9309,2024-03-11,2024-03-17,2024-03-22,2024-04-25,6.75,6,40.5,2
70_KELD_10957,70,10957,Seaglass Svgn Bl Snt Barbara,750mL,8892,TRINCHERO FAMILY ESTATES   ,10933,2024-06-26,2024-07-08,2024-07-18,2024-08-22,6.12,12,73.44,2
74_PAENTMARWY_7221,74,7221,M & R Sweet Vermouth,1.5L,480,BACARDI USA INC            ,12988,2024-11-09,2024-11-16,2024-11-25,2024-12-22,6.86,6,41.16,2
68_SOLARIS_5138,68,5138,Fireball Cinnamon Whisky,750mL,8004,SAZERAC CO INC             ,9924,2024-04-24,2024-05-06,2024-05-09,2024-06-19,11.1,8,88.8,1
2_ASHBORNE_3941,2,3941,Tres Generaciones Reposado,750mL,12546,JIM BEAM BRANDS COMPANY    ,11867,2024-08-30,2024-09-08,2024-09-13,2024-10-18,29.36,6,176.16,1
27_MOUNTMEND_4066,27,4066,Bacardi Oakheart Spiced Rum,1.75L,480,BACARDI USA INC            ,12690,2024-10-20,2024-10-25,2024-11-04,2024-12-12,12.85,5,64.25,1
54_GUTHRAM_3684,54,3684,Fleischmanns Royal Vodka,1.75L,660,SAZERAC NORTH AMERICA INC. ,13156,2024-11-21,2024-11-29,2024-12-05,2025-01-18,7.68,6,46.08,1
58_HARTLEPOOL_3746,58,3746,Gordons Vodka 80 Proof,1.75L,3960,DIAGEO NORTH AMERICA INC   ,12149,2024-09-18,2024-09-29,2024-10-08,2024-11-07,8.52,18,153.36,1
74_PAENTMARWY_3899,74,3899,Platinum 7X Distilled Vodka,375mL,8004,SAZERAC CO INC             ,8492,2024-01-15,2024-01-20,2024-02-01,2024-03-13,2.2,22,48.4,1
38_GOULCREST_16829,38,16829,C Y Toro Gran Reserva Cab Sv,750mL,516,BANFI PRODUCTS CORP        ,11953,2024-09-05,2024-09-15,2024-09-27,2024-10-28,9.52,6,57.12,2
48_NORFOLK_2244,48,2244,Crown Royal Vanilla,750mL,3960,DIAGEO NORTH AMERICA INC   ,11670,2024-08-16,2024-08-22,2024-09-01,2024-10-13,17.9,24,429.6,1
32_MOUNTMEND_12586,32,12586,C Y Toro Frontera Malbec,1.5L,516,BANFI PRODUCTS CORP        ,8632,2024-01-26,2024-02-03,2024-02-08,2024-03-16,4.82,6,28.92,2
32_MOUNTMEND_19662,32,19662,Santa Rita 120 Svgn Bl,750mL,6785,PALM BAY INTERNATIONAL INC ,8225,2023-12-28,2024-01-06,2024-01-15,2024-02-20,4.07,12,48.84,2
66_EANVERNESS_4359,66,4359,Mr Boston Light Rum,1.75L,660,SAZERAC NORTH AMERICA INC. ,10214,2024-05-13,2024-05-19,2024-05-28,2024-06-30,7.71,4,30.84,1
72_HARDERSFIELD_2114,72,2114,Black Velvet Canadian Whisky,1.75L,1392,CONSTELLATION BRANDS INC   ,10847,2024-06-25,2024-07-01,2024-07-05,2024-08-16,9.41,36,338.76,1
41_LARNWICK_5378,41,5378,Galliano L'Autentico Liqueur,750mL,6213,MHW LTD                    ,13344,2024-12-04,2024-12-14,2024-12-26,2025-02-03,20.15,12,241.8,1
9_BLACKPOOL_3689,9,3689,Stolichnaya Vanil,750mL,8664,"STOLI GROUP,(USA) LLC      ",13564,2024-12-18,2024-12-28,2025-01-10,2025-02-07,12.77,12,153.24,1
7_STANMORE_34460,7,34460,Dr Loosen Rsl 'Dr L' M,750mL,4425,MARTIGNETTI COMPANIES,10573,2024-06-07,2024-06-17,2024-06-26,2024-07-28,7.23,12,86.76,2
67_EANVERNESS_1479,67,1479,Ten High,1.75L,660,SAZERAC NORTH AMERICA INC. ,8465,2024-01-13,2024-01-22,2024-01-25,2024-03-04,9.22,5,46.1,1
34_PITMERDEN_7931,34,7931,Tooters Blu-D Kamikazi 15 Pk,375mL,5270,MANGO BOTTLING INC         ,13139,2024-11-20,2024-12-02,2024-12-12,2025-01-13,6.47,8,51.76,1
14_BROMWICH_5707,14,5707,Art in the Age Rhubarb Tea,750mL,3664,WILLIAM GRANT & SONS INC   ,10981,2024-06-29,2024-07-06,2024-07-15,2024-08-13,21.42,3,64.26,1
74_PAENTMARWY_6682,74,6682,R M Woodbridge Chard Cal,1.5L,1392,CONSTELLATION BRANDS INC   ,9523,2024-03-27,2024-04-06,2024-04-17,2024-05-18,6.03,64,385.92,2
34_PITMERDEN_3464,34,3464,UV Blue Raspberry Vodka,1.75L,9206,PHILLIPS PRODUCTS CO.      ,10284,2024-05-18,2024-05-25,2024-06-04,2024-07-04,10.06,5,50.3,1
76_DONCASTER_8361,76,8361,Carlo Rossi Chablis Calif,4L,3252,E & J GALLO WINERY         ,10633,2024-06-12,2024-06-22,2024-07-03,2024-08-08,10.06,1,10.06,2
32_MOUNTMEND_13991,32,13991,Colombo Cape Bleue Rose VdP,750mL,6785,PALM BAY INTERNATIONAL INC ,8333,2024-01-04,2024-01-13,2024-01-22,2024-02-23,6.57,12,78.84,2
66_EANVERNESS_26580,66,26580,Sullivan Toile Cab Svgn Napa,750mL,9165,ULTRA BEVERAGE COMPANY LLP ,13369,2024-12-05,2024-12-15,2024-12-19,2025-02-04,15.06,11,165.66,2
27_MOUNTMEND_44038,27,44038,Barefoot Pnt Grigio Cal,1.5L,3252,E & J GALLO WINERY         ,8438,2024-01-12,2024-01-21,2024-01-25,2024-03-12,5.86,5,29.3,2
35_HALIVAARA_18125,35,18125,Laya Tinto Almansa,750mL,9552,M S WALKER INC             ,11145,2024-07-11,2024-07-19,2024-07-29,2024-09-09,6.16,1,6.16,2
76_DONCASTER_17176,76,17176,Beringer Classic Chard,1.5L,9819,TREASURY WINE ESTATES      ,9041,2024-02-22,2024-03-02,2024-03-11,2024-04-20,5.23,6,31.38,2
71_CLARCTON_3630,71,3630,Stolichnaya Razberi,1.75L,8664,"STOLI GROUP,(USA) LLC      ",10321,2024-05-20,2024-05-26,2024-06-06,2024-07-15,19.83,6,118.98,1
15_WANBORNE_21985,15,21985,Menage a Trois Midnight,750mL,8892,TRINCHERO FAMILY ESTATES   ,10598,2024-06-08,2024-06-14,2024-06-25,2024-07-25,6.59,12,79.08,2
73_DONCASTER_3921,73,3921,Espolon Reposado Tequila,750mL,11567,CAMPARI AMERICA            ,11772,2024-08-23,2024-08-31,2024-09-12,2024-10-16,17.9,6,107.4,1
44_PORTHCRAWL_2164,44,2164,New Amsterdam Gin,1.75L,3252,E & J GALLO WINERY         ,11796,2024-08-24,2024-09-01,2024-09-08,2024-10-07,12.14,6,72.84,1
58_HARTLEPOOL_3133,58,3133,Svedka Strwbry Lemonad Vodka,750mL,1392,CONSTELLATION BRANDS INC   ,9065,2024-02-24,2024-03-03,2024-03-13,2024-04-13,8.79,12,105.48,1
34_PITMERDEN_13708,34,13708,Bota Box Cab Svgn,3L,2242,DELICATO VINEYARDS INC     ,13504,2024-12-14,2024-12-19,2024-12-31,2025-02-08,11.33,3,33.99,2
76_DONCASTER_4798,76,4798,Sambuca Romana Liqueur,50mL,3960,DIAGEO NORTH AMERICA INC   ,9018,2024-02-21,2024-02-29,2024-03-10,2024-04-09,1.54,119,183.26,1
19_WINTERVALE_8265,19,8265,Cockburns Fine Ruby Port,750mL,7240,"PREMIUM PORT WINES, INC.   ",10088,2024-05-05,2024-05-12,2024-05-23,2024-06-29,6.89,12,82.68,2
57_LANTEGLOS_8670,57,8670,Arrow Coffee Brandy,1.75L,8352,LUXCO INC                  ,11230,2024-07-17,2024-07-28,2024-08-02,2024-09-05,7.85,5,39.25,1
41_LARNWICK_23650,41,23650,Tom Gore Chardonnay CA,750mL,1392,CONSTELLATION BRANDS INC   ,10448,2024-05-30,2024-06-08,2024-06-13,2024-07-27,7.99,12,95.88,2
60_IRRAGIN_2760,60,2760,Jack Daniels Tennessee Honey,1.75L,1128,BROWN-FORMAN CORP          ,11208,2024-07-15,2024-07-18,2024-08-02,2024-09-09,28.02,10,280.2,1
68_SOLARIS_361,68,361,Effen Cucumber Vodka,750mL,12546,JIM BEAM BRANDS COMPANY    ,10295,2024-05-19,2024-05-25,2024-06-06,2024-07-16,14.28,4,57.12,1
73_DONCASTER_2810,73,2810,Bib & Tucker Bourbon,750mL,653,STATE WINE & SPIRITS   ,12594,2024-10-13,2024-10-18,2024-10-30,2024-12-08,43.74,6,262.44,1
73_DONCASTER_6281,73,6281,Franzia Sunset Blush Tap,5L,9815,WINE GROUP INC             ,12670,2024-10-18,2024-10-26,2024-11-01,2024-12-11,8.96,4,35.84,2
67_EANVERNESS_14622,67,14622,La Marca Prosecco,750mL,3252,E & J GALLO WINERY         ,13358,2024-12-05,2024-12-14,2024-12-21,2025-02-01,8.66,6,51.96,2
73_DONCASTER_4582,73,4582,Diplomatico Venezln Rsva Rum,750mL,9552,M S WALKER INC             ,12915,2024-11-04,2024-11-07,2024-11-14,2024-12-27,29.19,6,175.14,1
16_LUNDY_5364,16,5364,Kahlua,1.75L,17035,PERNOD RICARD USA          ,9291,2024-03-10,2024-03-18,2024-03-22,2024-05-08,23.07,10,230.7,1
49_GARIGILL_19896,49,19896,Masi Soave 2012 Classico,750mL,4692,KOBRAND CORPORATION        ,9569,2024-03-30,2024-04-08,2024-04-16,2024-05-23,6.62,6,39.72,2
62_KILMARNOCK_508,62,508,Bacardi Superior Rum,Liter,480,BACARDI USA INC            ,10187,2024-05-12,2024-05-16,2024-05-30,2024-07-07,9.77,10,97.7,1
38_GOULCREST_5356,38,5356,Kahlua,375mL,17035,PERNOD RICARD USA          ,11891,2024-08-31,2024-09-07,2024-09-13,2024-10-15,7.14,23,164.22,1
10_HORNSEY_2164,10,2164,New Amsterdam Gin,1.75L,3252,E & J GALLO WINERY         ,12859,2024-11-01,2024-11-10,2024-11-16,2024-12-20,12.14,6,72.84,1
38_GOULCREST_25537,38,25537,R Stemmler 13 Pnt Nr,750mL,17037,Dunn Wine Brokers          ,8635,2024-01-26,2024-02-04,2024-02-10,2024-03-11,11.4,12,136.8,2
30_CULCHETH_3859,30,3859,Smirnoff 80 Proof,375mL,3960,DIAGEO NORTH AMERICA INC   ,13597,2024-12-20,2024-12-29,2025-01-10,2025-02-08,6.81,23,156.63,1
10_HORNSEY_7715,10,7715,Andre Extra Dry,750mL,3252,E & J GALLO WINERY         ,9373,2024-03-17,2024-03-23,2024-04-04,2024-05-03,3.01,21,63.21,2
32_MOUNTMEND_8066,32,8066,DeKuyper Triple Sec,1.75L,12546,JIM BEAM BRANDS COMPANY    ,13152,2024-11-21,2024-11-29,2024-12-11,2025-01-08,7.13,4,28.52,1
77_TAMWORTH_3746,77,3746,Gordons Vodka 80 Proof,1.75L,3960,DIAGEO NORTH AMERICA INC   ,8459,2024-01-13,2024-01-21,2024-01-26,2024-02-27,8.52,8,68.16,1
55_DRY GULCH_18761,55,18761,Eden Vermont Ice Cider,187mL,90047,CRUSH WINES                ,12487,2024-10-06,2024-10-14,2024-10-17,2024-12-04,10.61,12,127.32,2
17_OLDHAM_7535,17,7535,Gekkeikan Sake,750mL,8320,SHAW ROSS INT L IMP LTD    ,12364,2024-09-27,2024-10-06,2024-10-12,2024-11-17,4.44,11,48.84,1
58_HARTLEPOOL_79,58,79,Three Olives Loopy Vodka,750mL,7245,PROXIMO SPIRITS INC.       ,9726,2024-04-10,2024-04-21,2024-04-26,2024-05-30,9.62,12,115.44,1
39_EASTHALLOW_3625,39,3625,Absolut 80 Proof,750mL,17035,PERNOD RICARD USA          ,10973,2024-06-29,2024-07-08,2024-07-12,2024-08-26,12.59,10,125.9,1
14_BROMWICH_211,14,211,Cold River Gin,750mL,4425,MARTIGNETTI COMPANIES,13214,2024-11-24,2024-11-28,2024-12-13,2025-01-07,19.83,6,118.98,1
64_CESTERFIELD_6526,64,6526,Peter Lehmann Shiraz,750mL,4425,MARTIGNETTI COMPANIES,9350,2024-03-15,2024-03-24,2024-04-01,2024-05-01,5.29,12,63.48,2
12_LEESIDE_14129,12,14129,14 Hands Hot to Trot Red,750mL,8673,STE MICHELLE WINE ESTATES  ,13498,2024-12-13,2024-12-22,2024-12-29,2025-01-31,6.01,12,72.12,2
28_LARNWICK_5364,28,5364,Kahlua,1.75L,17035,PERNOD RICARD USA          ,11250,2024-07-18,2024-07-27,2024-08-08,2024-09-08,23.07,6,138.42,1
34_PITMERDEN_3637,34,3637,Zhenka Vodka Plastic,750mL,9552,M S WALKER INC             ,10769,2024-06-21,2024-06-28,2024-07-04,2024-08-14,3.89,11,42.79,1
76_DONCASTER_32649,76,32649,Beringer Classic Wh Merlot,1.5L,9819,TREASURY WINE ESTATES      ,10932,2024-06-26,2024-07-06,2024-07-13,2024-08-17,5.13,3,15.39,2
6_GOULCREST_2083,6,2083,Flag Hill Straight Bourbon,750mL,17031,FLAG HILL WINERY & VINEYARD,13473,2024-12-12,2024-12-24,2024-12-26,2025-01-30,31.49,5,157.45,1
40_BULLMAR_3745,40,3745,Taaka Vodka Traveler,750mL,8004,SAZERAC CO INC             ,9365,2024-03-16,2024-03-22,2024-03-29,2024-05-10,3.07,12,36.84,1
61_AETHELNEY_37828,61,37828,Yellow Tail Shiraz/Cab Ausl,1.5L,4425,MARTIGNETTI COMPANIES,13091,2024-11-16,2024-11-23,2024-12-05,2025-01-11,6.66,6,39.96,2
38_GOULCREST_46475,38,46475,Tilia Chard Mendoza,750mL,9552,M S WALKER INC             ,12962,2024-11-07,2024-11-15,2024-11-22,2025-01-07,6.75,12,81.0,2
38_GOULCREST_5396,38,5396,Tia Maria Coffee Liqueur,750mL,4692,KOBRAND CORPORATION        ,9021,2024-02-21,2024-03-02,2024-03-14,2024-04-09,12.14,12,145.68,1
60_IRRAGIN_6950,60,6950,Solerno Blood Orange Liqueur,750mL,3664,WILLIAM GRANT & SONS INC   ,12439,2024-10-02,2024-10-13,2024-10-20,2024-11-23,23.52,6,141.12,1
66_EANVERNESS_13981,66,13981,Alverdi Pnt Grigio,750mL,9165,ULTRA BEVERAGE COMPANY LLP ,9995,2024-04-28,2024-05-02,2024-05-17,2024-06-12,5.26,12,63.12,2
74_PAENTMARWY_1188,74,1188,Stolichnaya 802 Glass Pack,750mL,8664,"STOLI GROUP,(USA) LLC      ",13406,2024-12-07,2024-12-16,2024-12-25,2025-01-26,12.22,26,317.72,1
39_EASTHALLOW_13461,39,13461,R M Woodbridge Moscato,1.5L,1392,CONSTELLATION BRANDS INC   ,10736,2024-06-19,2024-06-30,2024-07-08,2024-08-20,5.88,6,35.28,2
32_MOUNTMEND_3733,32,3733,Patron Silver Tequila,1.75L,9165,ULTRA BEVERAGE COMPANY LLP ,13604,2024-12-20,2024-12-27,2025-01-03,2025-02-02,83.96,2,167.92,1
79_BALLYMENA_26463,79,26463,Ravenswood Vints Blend Znfdl,750mL,1392,CONSTELLATION BRANDS INC   ,11526,2024-08-07,2024-08-17,2024-08-26,2024-09-24,4.65,12,55.8,2
64_CESTERFIELD_1734,64,1734,Duggans Dew O Kirkintilloch,1.75L,2496,DUGGANS DISTILLED PRODUCTS ,9136,2024-02-29,2024-03-08,2024-03-18,2024-05-01,17.45,5,87.25,1
38_GOULCREST_3781,38,3781,Three Olives Vanilla Vodka,750mL,7245,PROXIMO SPIRITS INC.       ,8228,2023-12-28,2024-01-05,2024-01-11,2024-02-12,9.29,12,111.48,1
76_DONCASTER_39335,76,39335,Phillips Seven Deadly Znfdl,750mL,4425,MARTIGNETTI COMPANIES,9808,2024-04-15,2024-04-18,2024-05-02,2024-06-10,8.75,11,96.25,2
64_CESTERFIELD_13665,64,13665,Josh Cellars Chard,750mL,4425,MARTIGNETTI COMPANIES,13652,2024-12-23,2024-12-27,2025-01-09,2025-02-18,8.96,8,71.68,2
25_CAERSHIRE_2117,25,2117,Black Velvet Traveler,750mL,1392,CONSTELLATION BRANDS INC   ,10291,2024-05-19,2024-05-25,2024-06-01,2024-07-12,5.88,11,64.68,1
50_MOUNTMEND_508,50,508,Bacardi Superior Rum,Liter,480,BACARDI USA INC            ,13149,2024-11-21,2024-11-29,2024-12-12,2025-01-11,9.77,20,195.4,1
20_BREDWARDINE_33874,20,33874,Bella Sera Pinot Grigio Del,1.5L,3252,E & J GALLO WINERY         ,12151,2024-09-18,2024-09-28,2024-10-04,2024-11-14,6.62,6,39.72,2
1_HARDERSFIELD_5365,1,5365,Kahlua,750mL,17035,PERNOD RICARD USA          ,12475,2024-10-05,2024-10-14,2024-10-25,2024-11-22,14.84,10,148.4,1
76_DONCASTER_23712,76,23712,Bell'Agio Chianti Flask,750mL,516,BANFI PRODUCTS CORP        ,8996,2024-02-19,2024-02-22,2024-03-07,2024-04-14,6.8,12,81.6,2
49_GARIGILL_2753,49,2753,Johnnie Walker Black Label,1.75L,3960,DIAGEO NORTH AMERICA INC   ,10468,2024-05-31,2024-06-10,2024-06-15,2024-07-24,44.77,4,179.08,1
69_MOUNTMEND_418,69,418,Darioush Chard,750mL,17033,SEA BREEZE CELLARS LLC     ,10182,2024-05-11,2024-05-20,2024-05-31,2024-07-02,33.11,6,198.66,2
22_SHARNWICK_41965,22,41965,F Coppola Sofia Rose,750mL,2000,SOUTHERN WINE & SPIRITS NE ,13312,2024-12-01,2024-12-08,2024-12-14,2025-01-12,9.73,12,116.76,2
77_TAMWORTH_3724,77,3724,Absolut Citron,750mL,17035,PERNOD RICARD USA          ,10503,2024-06-02,2024-06-09,2024-06-16,2024-07-25,12.31,12,147.72,1
69_MOUNTMEND_3356,69,3356,Svedka Vodka,375mL,1392,CONSTELLATION BRANDS INC   ,12457,2024-10-04,2024-10-11,2024-10-25,2024-11-28,4.47,11,49.17,1
55_DRY GULCH_4264,55,4264,Capt Morgan Spiced Rum Trav,750mL,3960,DIAGEO NORTH AMERICA INC   ,13226,2024-11-25,2024-11-30,2024-12-05,2025-01-10,11.53,12,138.36,1
16_LUNDY_4634,16,4634,Gold Crown Wh Rum,1.75L,9552,M S WALKER INC             ,12915,2024-11-04,2024-11-12,2024-11-14,2024-12-27,8.52,6,51.12,1
41_LARNWICK_8626,41,8626,Ezra Brooks,1.75L,8352,LUXCO INC                  ,13510,2024-12-14,2024-12-22,2025-01-02,2025-02-07,11.67,8,93.36,1
34_PITMERDEN_20862,34,20862,W Hill Est Cab Svgn No Cst,750mL,3252,E & J GALLO WINERY         ,9958,2024-04-26,2024-05-04,2024-05-12,2024-06-20,8.55,12,102.6,2
1_HARDERSFIELD_20030,1,20030,Trivento Rsv Cab Malbec,750mL,516,BANFI PRODUCTS CORP        ,11457,2024-08-02,2024-08-12,2024-08-15,2024-09-27,5.19,12,62.28,2
77_TAMWORTH_2890,77,2890,Four Roses Bourbon,750mL,9552,M S WALKER INC             ,10026,2024-05-01,2024-05-12,2024-05-19,2024-06-29,21.25,5,106.25,1
74_PAENTMARWY_8082,74,8082,Baileys Irish Cream,1.75L,3960,DIAGEO NORTH AMERICA INC   ,11191,2024-07-14,2024-07-22,2024-08-01,2024-09-07,21.73,4,86.92,1
76_DONCASTER_14433,76,14433,F Coppola Rosso Bianco Chard,750mL,2000,SOUTHERN WINE & SPIRITS NE ,11517,2024-08-05,2024-08-12,2024-08-16,2024-09-15,5.8,12,69.6,2
2_ASHBORNE_1379,2,1379,Jim Beam Traveler,750mL,12546,JIM BEAM BRANDS COMPANY    ,8330,2024-01-04,2024-01-11,2024-01-20,2024-02-19,11.41,11,125.51,1
81_PEMBROKE_41143,81,41143,Red Diamond Cab Svgn Wash,750mL,8673,STE MICHELLE WINE ESTATES  ,11876,2024-08-30,2024-09-08,2024-09-20,2024-10-19,5.26,12,63.12,2
77_TAMWORTH_37601,77,37601,Hardys Cab Svgn Ausl,3L,2000,SOUTHERN WINE & SPIRITS NE ,12187,2024-09-20,2024-09-29,2024-10-08,2024-11-17,9.2,6,55.2,2
73_DONCASTER_1004,73,1004,Jim Beam w/2 Rocks Glasses,750mL,12546,JIM BEAM BRANDS COMPANY    ,13056,2024-11-14,2024-11-21,2024-11-28,2025-01-15,10.65,4,42.6,1
44_PORTHCRAWL_16393,44,16393,Alamos Red Mendoza,750mL,3252,E & J GALLO WINERY         ,13187,2024-11-23,2024-11-28,2024-12-13,2025-01-19,4.66,12,55.92,2
67_EANVERNESS_3436,67,3436,Bombay Dry Gin,1.75L,480,BACARDI USA INC            ,11262,2024-07-19,2024-07-29,2024-08-02,2024-09-17,18.79,16,300.64,1
41_LARNWICK_1233,41,1233,Jack Daniels No 7 Black,1.75L,1128,BROWN-FORMAN CORP          ,10378,2024-05-25,2024-06-03,2024-06-11,2024-07-23,26.27,2,52.54,1
58_HARTLEPOOL_1715,58,1715,Ole Smoky Apple Pie Moonshne,750mL,6359,OLE SMOKY DISTILLERY LLC   ,13578,2024-12-19,2024-12-27,2025-01-06,2025-02-08,13.76,6,82.56,1
76_DONCASTER_5146,76,5146,Pama Pomegranate Liqueur,750mL,3924,HEAVEN HILL DISTILLERIES   ,11718,2024-08-19,2024-08-24,2024-09-04,2024-10-11,14.17,4,56.68,1
19_WINTERVALE_5759,19,5759,Malibu Tropical Banana Rum,750mL,17035,PERNOD RICARD USA          ,10973,2024-06-29,2024-07-06,2024-07-12,2024-08-26,9.44,36,339.84,1
55_DRY GULCH_16328,55,16328,Black Box Chard,500mL,1392,CONSTELLATION BRANDS INC   ,12077,2024-09-13,2024-09-20,2024-10-01,2024-10-27,2.75,12,33.0,2
50_MOUNTMEND_11414,50,11414,Beringer Classic Moscato,750mL,9819,TREASURY WINE ESTATES      ,9746,2024-04-11,2024-04-22,2024-04-28,2024-06-04,3.26,60,195.6,2
71_CLARCTON_25706,71,25706,North by Northwest Rose,750mL,4425,MARTIGNETTI COMPANIES,9838,2024-04-18,2024-04-28,2024-05-04,2024-06-08,4.76,35,166.6,2
9_BLACKPOOL_3405,9,3405,Tito's Handmade Vodka,1.75L,4425,MARTIGNETTI COMPANIES,10384,2024-05-25,2024-05-30,2024-06-07,2024-07-13,23.19,16,371.04,1
50_MOUNTMEND_14552,50,14552,Dom de Dionysos Cairanne Cig,750mL,4425,MARTIGNETTI COMPANIES,9838,2024-04-18,2024-04-25,2024-05-04,2024-06-08,13.24,12,158.88,2
21_BALERNO_3684,21,3684,Fleischmanns Royal Vodka,1.75L,660,SAZERAC NORTH AMERICA INC. ,12432,2024-10-02,2024-10-13,2024-10-21,2024-11-29,7.68,5,38.4,1
41_LARNWICK_8680,41,8680,Crown Royal,1.75L,3960,DIAGEO NORTH AMERICA INC   ,12748,2024-10-25,2024-11-01,2024-11-09,2024-12-22,28.88,17,490.96,1
73_DONCASTER_8178,73,8178,Bulleit Bourbon,750mL,3960,DIAGEO NORTH AMERICA INC   ,13597,2024-12-20,2024-12-28,2025-01-10,2025-02-08,18.51,7,129.57,1
15_WANBORNE_3045,15,3045,Pinnacle Salted Caramel,750mL,12546,JIM BEAM BRANDS COMPANY    ,10132,2024-05-09,2024-05-20,2024-05-23,2024-07-09,7.8,11,85.8,1
55_DRY GULCH_38946,55,38946,Bully Hill Sweet Walter Rd,750mL,2000,SOUTHERN WINE & SPIRITS NE ,10545,2024-06-05,2024-06-15,2024-06-23,2024-08-05,5.59,10,55.9,2
15_WANBORNE_8520,15,8520,Brady's Irish Cream,1.75L,1485,CASTLE BRANDS CORP.        ,11524,2024-08-07,2024-08-18,2024-08-30,2024-09-25,12.3,12,147.6,1
54_GUTHRAM_3527,54,3527,Reyka Vodka,1.75L,3664,WILLIAM GRANT & SONS INC   ,9179,2024-03-02,2024-03-08,2024-03-16,2024-04-20,21.87,6,131.22,1
38_GOULCREST_28007,38,28007,Priest Ranch Sauvignon Blanc,750mL,4425,MARTIGNETTI COMPANIES,13652,2024-12-23,2024-12-30,2025-01-09,2025-02-18,12.41,12,148.92,2
33_HORNSEY_8689,33,8689,Paul Masson Rose,3L,1392,CONSTELLATION BRANDS INC   ,9493,2024-03-24,2024-03-28,2024-04-08,2024-05-09,6.49,7,45.43,2
32_MOUNTMEND_5817,32,5817,GranGala Triple Orange,1.75L,8004,SAZERAC CO INC             ,13364,2024-12-05,2024-12-14,2024-12-19,2025-02-01,22.89,6,137.34,1
43_WOLFORD_3580,43,3580,Smirnoff Orange Vodka,750mL,3960,DIAGEO NORTH AMERICA INC   ,11191,2024-07-14,2024-07-20,2024-08-01,2024-09-07,8.08,12,96.96,1
66_EANVERNESS_37822,66,37822,Frescobaldi Chianti RSV Nip,750mL,9165,ULTRA BEVERAGE COMPANY LLP ,13369,2024-12-05,2024-12-15,2024-12-19,2025-02-04,11.72,24,281.28,2
7_STANMORE_24875,7,24875,Glen Ellen Merlot RSV,1.5L,9815,WINE GROUP INC             ,12670,2024-10-18,2024-10-28,2024-11-01,2024-12-11,4.57,6,27.42,2
7_STANMORE_29248,7,29248,Toasted Head Chard,750mL,1392,CONSTELLATION BRANDS INC   ,9749,2024-04-12,2024-04-22,2024-04-28,2024-05-26,6.53,12,78.36,2
49_GARIGILL_8066,49,8066,DeKuyper Triple Sec,1.75L,12546,JIM BEAM BRANDS COMPANY    ,12469,2024-10-05,2024-10-10,2024-10-21,2024-11-28,7.13,6,42.78,1
76_DONCASTER_6569,76,6569,W Hill Chard Napa,750mL,3252,E & J GALLO WINERY         ,12151,2024-09-18,2024-09-28,2024-10-04,2024-11-14,12.98,12,155.76,2
37_PAETHSMOUTH_3278,37,3278,Gordons London Dry,750mL,3960,DIAGEO NORTH AMERICA INC   ,9624,2024-04-03,2024-04-15,2024-04-18,2024-05-24,5.79,12,69.48,1
73_DONCASTER_7262,73,7262,Gallo Sweet Vermouth,750mL,3252,E & J GALLO WINERY         ,11656,2024-08-15,2024-08-25,2024-09-03,2024-10-15,3.59,6,21.54,2
9_BLACKPOOL_756,9,756,Barton Long Island Iced Tea,Liter,660,SAZERAC NORTH AMERICA INC. ,13298,2024-11-30,2024-12-05,2024-12-12,2025-01-24,5.34,12,64.08,1
73_DONCASTER_42765,73,42765,14 Hands Chard Wash,750mL,8673,STE MICHELLE WINE ESTATES  ,11040,2024-07-03,2024-07-16,2024-07-23,2024-08-20,5.85,107,625.95,2
50_MOUNTMEND_34903,50,34903,Smoking Loon Cab Svgn,750mL,9552,M S WALKER INC             ,9119,2024-02-28,2024-03-08,2024-03-16,2024-04-21,4.59,7,32.13,2
30_CULCHETH_2017,30,2017,Redbreast Irish Whiskey,750mL,17035,PERNOD RICARD USA          ,9631,2024-04-03,2024-04-15,2024-04-23,2024-05-23,44.77,3,134.31,1
79_BALLYMENA_34903,79,34903,Smoking Loon Cab Svgn,750mL,9552,M S WALKER INC             ,13326,2024-12-02,2024-12-06,2024-12-14,2025-01-14,4.59,11,50.49,2
67_EANVERNESS_3640,67,3640,Belvedere Cytrus Vodka,750mL,8112,MOET HENNESSY USA INC      ,9025,2024-02-21,2024-03-03,2024-03-09,2024-04-08,16.54,6,99.24,1
21_BALERNO_21032,21,21032,Taylor Fladgate 10-Yr Tawny,750mL,4692,KOBRAND CORPORATION        ,11529,2024-08-07,2024-08-18,2024-08-29,2024-09-26,15.12,12,181.44,2
76_DONCASTER_4274,76,4274,Dictador 12 Yr Rum,750mL,9165,ULTRA BEVERAGE COMPANY LLP ,11256,2024-07-18,2024-07-28,2024-08-01,2024-09-11,22.21,6,133.26,1
56_BEGGAR'S HOLE_6725,56,6725,Franzia Crisp White Tap,5L,9815,WINE GROUP INC             ,13661,2024-12-23,2024-12-29,2025-01-09,2025-02-08,8.44,4,33.76,2
73_DONCASTER_13454,73,13454,Eden Heirloom Blnd Ice Cider,375mL,90047,CRUSH WINES                ,13164,2024-11-22,2024-11-30,2024-12-06,2025-01-10,17.0,6,102.0,2
23_ARBINGTON_3879,23,3879,Smirnoff 80 Proof Traveler,750mL,3960,DIAGEO NORTH AMERICA INC   ,12841,2024-10-31,2024-11-10,2024-11-14,2024-12-27,7.91,10,79.1,1
44_PORTHCRAWL_43801,44,43801,C Y Toro Frontera Cab Svgn,1.5L,516,BANFI PRODUCTS CORP        ,12500,2024-10-07,2024-10-13,2024-10-17,2024-11-30,5.84,6,35.04,2
1_HARDERSFIELD_3745,1,3745,Taaka Vodka Traveler,750mL,8004,SAZERAC CO INC             ,12386,2024-09-29,2024-10-07,2024-10-16,2024-11-20,3.07,7,21.49,1
69_MOUNTMEND_38888,69,38888,Justin Cab Svgn Paso Robles,750mL,9552,M S WALKER INC             ,13138,2024-11-20,2024-11-29,2024-12-09,2025-01-21,16.88,12,202.56,2
15_WANBORNE_28682,15,28682,F Coppola Rosso Bianco Pnt G,750mL,2000,SOUTHERN WINE & SPIRITS NE ,9441,2024-03-21,2024-03-31,2024-04-05,2024-05-07,5.34,12,64.08,2
38_GOULCREST_14004,38,14004,Layer Cake Virgin Chard,750mL,4425,MARTIGNETTI COMPANIES,8830,2024-02-08,2024-02-19,2024-03-01,2024-03-25,8.9,12,106.8,2
52_GRAYCOTT_4429,52,4429,Capt Morgan Silver Spicd Rum,1.75L,3960,DIAGEO NORTH AMERICA INC   ,11493,2024-08-04,2024-08-12,2024-08-17,2024-10-02,17.31,5,86.55,1
10_HORNSEY_6368,10,6368,Santa Rita 120 Merlot,750mL,6785,PALM BAY INTERNATIONAL INC ,8582,2024-01-21,2024-01-27,2024-02-09,2024-03-18,4.13,12,49.56,2
6_GOULCREST_1376,6,1376,Jim Beam,1.75L,12546,JIM BEAM BRANDS COMPANY    ,12844,2024-10-31,2024-11-10,2024-11-19,2024-12-21,16.29,47,765.63,1
81_PEMBROKE_4018,81,4018,Papa's Pilar Dark Rum,750mL,9165,ULTRA BEVERAGE COMPANY LLP ,11898,2024-08-31,2024-09-08,2024-09-17,2024-10-26,26.46,6,158.76,1
60_IRRAGIN_8626,60,8626,Ezra Brooks,1.75L,8352,LUXCO INC                  ,12961,2024-11-07,2024-11-15,2024-11-25,2024-12-30,11.67,2,23.34,1
24_PALPERROTH_41072,24,41072,Angeline Pnt Nr Rsv,750mL,9552,M S WALKER INC             ,9806,2024-04-15,2024-04-21,2024-04-26,2024-05-31,8.16,24,195.84,2
19_WINTERVALE_1867,19,1867,Jack Daniels Tennessee Honey,50mL,1128,BROWN-FORMAN CORP          ,13288,2024-11-30,2024-12-08,2024-12-19,2025-01-29,2.15,5,10.75,1
78_EASTHAVEN_44038,78,44038,Barefoot Pnt Grigio Cal,1.5L,3252,E & J GALLO WINERY         ,10617,2024-06-10,2024-06-16,2024-06-24,2024-08-01,5.86,6,35.16,2
25_CAERSHIRE_21004,25,21004,Castle Rock Pnt Nr Carneros,750mL,4425,MARTIGNETTI COMPANIES,10438,2024-05-29,2024-06-10,2024-06-17,2024-07-31,5.19,8,41.52,2
25_CAERSHIRE_2965,25,2965,Ardbeg 10 Yr Single Malt Sc,750mL,8112,MOET HENNESSY USA INC      ,12243,2024-09-23,2024-09-30,2024-10-04,2024-11-07,34.64,6,207.84,1
10_HORNSEY_3243,10,3243,Burnetts Vodka,1.75L,3924,HEAVEN HILL DISTILLERIES   ,11086,2024-07-06,2024-07-14,2024-07-22,2024-09-03,8.26,10,82.6,1
34_PITMERDEN_7994,34,7994,Stock Italian Sweet Vermouth,1.5L,8352,LUXCO INC                  ,12961,2024-11-07,2024-11-16,2024-11-25,2024-12-30,7.93,5,39.65,1
6_GOULCREST_3997,6,3997,Hornitos Plata Tequila,750mL,12546,JIM BEAM BRANDS COMPANY    ,11705,2024-08-18,2024-08-22,2024-09-04,2024-10-16,14.05,10,140.5,1
10_HORNSEY_4152,10,4152,Jenkins Rum,750mL,9552,M S WALKER INC             ,12915,2024-11-04,2024-11-08,2024-11-14,2024-12-27,3.75,10,37.5,1
68_SOLARIS_2834,68,2834,Old Smuggler P E T,1.75L,8320,SHAW ROSS INT L IMP LTD    ,13496,2024-12-13,2024-12-21,2025-01-02,2025-02-01,12.3,5,61.5,1
73_DONCASTER_3220,73,3220,Svedka Clementine Vodka,1.75L,1392,CONSTELLATION BRANDS INC   ,10190,2024-05-12,2024-05-19,2024-05-27,2024-06-26,14.72,6,88.32,1
76_DONCASTER_3462,76,3462,Absolut Ruby Red,750mL,17035,PERNOD RICARD USA          ,12546,2024-10-10,2024-10-20,2024-10-26,2024-12-04,13.07,12,156.84,1
2_ASHBORNE_8451,2,8451,Cruzan Aged Dark Rum,1.75L,12546,JIM BEAM BRANDS COMPANY    ,12469,2024-10-05,2024-10-13,2024-10-21,2024-11-28,12.59,5,62.95,1
21_BALERNO_5146,21,5146,Pama Pomegranate Liqueur,750mL,3924,HEAVEN HILL DISTILLERIES   ,10419,2024-05-27,2024-06-02,2024-06-10,2024-07-17,14.17,6,85.02,1
73_DONCASTER_7077,73,7077,Smirnoff Strawberry Vodka,50mL,3960,DIAGEO NORTH AMERICA INC   ,13392,2024-12-07,2024-12-12,2024-12-22,2025-01-21,0.74,117,86.58,1
8_ALNERWICK_7535,8,7535,Gekkeikan Sake,750mL,8320,SHAW ROSS INT L IMP LTD    ,12364,2024-09-27,2024-10-04,2024-10-12,2024-11-17,4.44,12,53.28,1
2_ASHBORNE_2155,2,2155,McClelland Islay Single Malt,1.75L,12546,JIM BEAM BRANDS COMPANY    ,11464,2024-08-02,2024-08-11,2024-08-22,2024-09-22,24.05,6,144.3,1
7_STANMORE_24779,7,24779,Straccali Chianti,1.5L,6785,PALM BAY INTERNATIONAL INC ,11929,2024-09-02,2024-09-06,2024-09-19,2024-10-24,6.84,6,41.04,2
21_BALERNO_4634,21,4634,Gold Crown Wh Rum,1.75L,9552,M S WALKER INC             ,11756,2024-08-22,2024-08-30,2024-09-13,2024-10-08,8.52,6,51.12,1
60_IRRAGIN_3960,60,3960,Tortilla Gold Tequila Liquer,1.75L,8004,SAZERAC CO INC             ,9859,2024-04-19,2024-04-26,2024-05-05,2024-06-08,9.52,6,57.12,1
9_BLACKPOOL_8627,9,8627,Jadot Beaujolais Villages,750mL,4692,KOBRAND CORPORATION        ,12574,2024-10-12,2024-10-19,2024-10-29,2024-11-29,5.47,11,60.17,2
50_MOUNTMEND_16948,50,16948,Rex Goliath Malbec,750mL,1392,CONSTELLATION BRANDS INC   ,13375,2024-12-06,2024-12-13,2024-12-20,2025-01-28,3.89,12,46.68,2
45_VERITAS_4734,45,4734,Capt Morgan Cannon Blast,750mL,3960,DIAGEO NORTH AMERICA INC   ,11300,2024-07-21,2024-07-27,2024-08-03,2024-09-14,11.9,6,71.4,1
6_GOULCREST_2587,6,2587,Jameson Irish Whiskey,375mL,17035,PERNOD RICARD USA          ,13437,2024-12-09,2024-12-16,2024-12-19,2025-01-27,12.67,23,291.41,1
4_EANVERNESS_3893,4,3893,Zhenka 80 Proof,1.75L,9552,M S WALKER INC             ,10206,2024-05-13,2024-05-16,2024-05-24,2024-06-23,7.93,5,39.65,1
25_CAERSHIRE_2757,25,2757,Johnnie Walker Red Label,1.75L,3960,DIAGEO NORTH AMERICA INC   ,12149,2024-09-18,2024-09-30,2024-10-08,2024-11-07,22.38,11,246.18,1
69_MOUNTMEND_3390,69,3390,Cold River Blueberry Vodka,750mL,4425,MARTIGNETTI COMPANIES,11053,2024-07-04,2024-07-14,2024-07-25,2024-08-22,22.55,6,135.3,1
73_DONCASTER_13708,73,13708,Bota Box Cab Svgn,3L,2242,DELICATO VINEYARDS INC     ,12043,2024-09-11,2024-09-21,2024-09-30,2024-10-29,11.33,2,22.66,2
55_DRY GULCH_6660,55,6660,Carlo Rossi Paisano Calif,4L,3252,E & J GALLO WINERY         ,9958,2024-04-26,2024-05-04,2024-05-12,2024-06-20,10.27,4,41.08,2
16_LUNDY_4330,16,4330,Capt Morgan Spiced Rum 100,1.75L,3960,DIAGEO NORTH AMERICA INC   ,11996,2024-09-07,2024-09-16,2024-09-21,2024-10-25,20.79,6,124.74,1
32_MOUNTMEND_14701,32,14701,Cupcake Red Velvet,750mL,9815,WINE GROUP INC             ,12773,2024-10-25,2024-11-01,2024-11-07,2024-12-19,4.57,12,54.84,2
59_CLAETHORPES_13665,59,13665,Josh Cellars Chard,750mL,4425,MARTIGNETTI COMPANIES,9481,2024-03-23,2024-03-30,2024-04-04,2024-05-05,8.96,10,89.6,2
2_ASHBORNE_4764,2,4764,Flor de Cana Gran Rsv Rum,750mL,3664,WILLIAM GRANT & SONS INC   ,12722,2024-10-21,2024-10-27,2024-11-08,2024-12-18,14.81,12,177.72,1
52_GRAYCOTT_3310,52,3310,Pinnacle Vodka,375mL,12546,JIM BEAM BRANDS COMPANY    ,12661,2024-10-18,2024-10-28,2024-11-04,2024-12-05,4.34,24,104.16,1
33_HORNSEY_39593,33,39593,Redwood Creek Pnt Nr Cal,1.5L,3252,E & J GALLO WINERY         ,9905,2024-04-22,2024-04-28,2024-05-09,2024-06-17,6.33,6,37.98,2
76_DONCASTER_45876,76,45876,Frei Bros RSV Svgn Bl RRV,750mL,3252,E & J GALLO WINERY         ,10500,2024-06-02,2024-06-08,2024-06-16,2024-07-30,10.34,12,124.08,2
38_GOULCREST_2924,38,2924,Speyburn 10-Yr Single Malt,750mL,8004,SAZERAC CO INC             ,13518,2024-12-14,2024-12-19,2024-12-26,2025-02-01,17.18,4,68.72,1
41_LARNWICK_4563,41,4563,Christian Bros Brandy,1.75L,3924,HEAVEN HILL DISTILLERIES   ,12239,2024-09-23,2024-09-30,2024-10-05,2024-11-03,12.14,5,60.7,1
53_HILLFAR_3612,53,3612,Taaka Vodka,1.75L,8004,SAZERAC CO INC             ,13329,2024-12-02,2024-12-07,2024-12-13,2025-01-23,6.81,6,40.86,1
32_MOUNTMEND_42413,32,42413,R M Woodbridge Rsl,1.5L,1392,CONSTELLATION BRANDS INC   ,10190,2024-05-12,2024-05-20,2024-05-27,2024-06-26,5.84,6,35.04,2
67_EANVERNESS_1376,67,1376,Jim Beam,1.75L,12546,JIM BEAM BRANDS COMPANY    ,10603,2024-06-09,2024-06-14,2024-06-26,2024-08-03,16.29,2,32.58,1
66_EANVERNESS_6569,66,6569,W Hill Chard Napa,750mL,3252,E & J GALLO WINERY         ,12395,2024-09-30,2024-10-04,2024-10-15,2024-11-18,12.98,46,597.08,2
66_EANVERNESS_36558,66,36558,Cruz Garcia Real Sangria Re,1.5L,8320,SHAW ROSS INT L IMP LTD    ,9556,2024-03-29,2024-04-05,2024-04-19,2024-05-13,6.66,6,39.96,2
73_DONCASTER_19489,73,19489,Heavyweight Cab Svgn,750mL,10754,PERFECTA WINES             ,10232,2024-05-15,2024-05-26,2024-06-06,2024-06-30,7.84,12,94.08,2
14_BROMWICH_36541,14,36541,Liberty Crk Prm RSV Wh Znfdl,1.5L,3252,E & J GALLO WINERY         ,9905,2024-04-22,2024-04-25,2024-05-09,2024-06-17,5.51,10,55.1,2
13_TARMSWORTH_4157,13,4157,Smirnoff Green Apple Vodka,50mL,3960,DIAGEO NORTH AMERICA INC   ,11028,2024-07-03,2024-07-13,2024-07-26,2024-08-18,0.72,119,85.68,1
79_BALLYMENA_8513,79,8513,Baileys Irish Cream Mini's 4,100mL 4 Pk,3960,DIAGEO NORTH AMERICA INC   ,13392,2024-12-07,2024-12-14,2024-12-22,2025-01-21,6.56,18,118.08,1
54_GUTHRAM_37604,54,37604,Hardys Chard Ausl,3L,2000,SOUTHERN WINE & SPIRITS NE ,13028,2024-11-11,2024-11-18,2024-11-27,2024-12-31,9.26,6,55.56,2
5_SUTTON_5105,5,5105,Dr McGillicuddy's Mentholmnt,1.75L,8004,SAZERAC CO INC             ,10727,2024-06-17,2024-06-24,2024-06-29,2024-08-04,14.81,4,59.24,1
34_PITMERDEN_8040,34,8040,Bols Blue Curacao,750mL,6213,MHW LTD                    ,10604,2024-06-09,2024-06-15,2024-06-24,2024-07-22,6.01,8,48.08,1
76_DONCASTER_13940,76,13940,Black Box Malbec,3L,1392,CONSTELLATION BRANDS INC   ,13375,2024-12-06,2024-12-15,2024-12-20,2025-01-28,10.45,4,41.8,2
73_DONCASTER_25141,73,25141,The Federalist 1776 Zinfande,750mL,4425,MARTIGNETTI COMPANIES,13511,2024-12-14,2024-12-22,2025-01-02,2025-02-02,10.27,12,123.24,2
34_PITMERDEN_598,34,598,Stolichnaya Ohranj Orange,Liter,8664,"STOLI GROUP,(USA) LLC      ",10747,2024-06-19,2024-06-28,2024-07-10,2024-08-12,17.82,2,35.64,1
12_LEESIDE_24592,12,24592,Vendange Cab Svgn,1.5L,1392,CONSTELLATION BRANDS INC   ,10291,2024-05-19,2024-05-27,2024-06-01,2024-07-12,4.69,6,28.14,2
74_PAENTMARWY_2856,74,2856,Cragganmore 12-Yr Sngle Malt,750mL,3960,DIAGEO NORTH AMERICA INC   ,13392,2024-12-07,2024-12-14,2024-12-22,2025-01-21,42.1,12,505.2,1
72_HARDERSFIELD_22194,72,22194,Placido Pinot Grigio Venezi,1.5L,516,BANFI PRODUCTS CORP        ,11542,2024-08-08,2024-08-17,2024-08-27,2024-09-26,7.48,6,44.88,2
22_SHARNWICK_8498,22,8498,R M Woodbridge Svgn Bl Cal,1.5L,1392,CONSTELLATION BRANDS INC   ,8897,2024-02-12,2024-02-18,2024-02-23,2024-04-10,5.84,7,40.88,2
24_PALPERROTH_11888,24,11888,Penfolds Koonunga Hills Shir,750mL,4425,MARTIGNETTI COMPANIES,10438,2024-05-29,2024-06-09,2024-06-17,2024-07-31,7.53,12,90.36,2
53_HILLFAR_39979,53,39979,Little Penguin Chard Ausl,1.5L,4425,MARTIGNETTI COMPANIES,9973,2024-04-27,2024-05-04,2024-05-11,2024-06-24,7.84,12,94.08,2
1_HARDERSFIELD_8155,1,8155,Black Velvet Plastic,375mL,1392,CONSTELLATION BRANDS INC   ,10736,2024-06-19,2024-06-29,2024-07-08,2024-08-20,3.28,22,72.16,1
50_MOUNTMEND_25729,50,25729,Chappellet Mt Cuvee Napa,750mL,4425,MARTIGNETTI COMPANIES,11614,2024-08-11,2024-08-17,2024-08-22,2024-09-22,19.35,24,464.4,2
7_STANMORE_8103,7,8103,Sauza Gold Tequila,50mL,12546,JIM BEAM BRANDS COMPANY    ,12935,2024-11-06,2024-11-18,2024-11-28,2024-12-28,0.77,10,7.7,1
19_WINTERVALE_4916,19,4916,Mr Boston Coffee Brandy,1.75L,660,SAZERAC NORTH AMERICA INC. ,11515,2024-08-05,2024-08-09,2024-08-22,2024-09-26,7.87,6,47.22,1
45_VERITAS_3894,45,3894,Zhenka Vodka 100 Proof,1.75L,9552,M S WALKER INC             ,8865,2024-02-10,2024-02-17,2024-02-26,2024-04-01,9.08,6,54.48,1
45_VERITAS_4066,45,4066,Bacardi Oakheart Spiced Rum,1.75L,480,BACARDI USA INC            ,12988,2024-11-09,2024-11-16,2024-11-25,2024-12-22,12.85,6,77.1,1
9_BLACKPOOL_31320,9,31320,La Vieille Ferme Rose Vntoux,750mL,1587,VINEYARD BRANDS INC        ,10287,2024-05-18,2024-05-23,2024-05-31,2024-07-03,4.69,12,56.28,2
6_GOULCREST_8498,6,8498,R M Woodbridge Svgn Bl Cal,1.5L,1392,CONSTELLATION BRANDS INC   ,12357,2024-09-27,2024-10-05,2024-10-17,2024-11-19,5.84,23,134.32,2
47_PELLA'S WISH_24325,47,24325,La Crema Chard Sonoma Cst,750mL,10000,MAJESTIC FINE WINES        ,9508,2024-03-25,2024-04-01,2024-04-06,2024-05-19,10.88,48,522.24,2
11_CARDEND_5952,11,5952,Jagermeister Liqueur,50mL,3089,SIDNEY FRANK IMPORTING CO  ,9340,2024-03-14,2024-03-22,2024-04-01,2024-04-28,1.42,23,32.66,1
50_MOUNTMEND_6854,50,6854,Carlo Rossi Burgundy Calif,4L,3252,E & J GALLO WINERY         ,9477,2024-03-23,2024-03-28,2024-04-07,2024-05-17,9.86,3,29.58,2
76_DONCASTER_3826,76,3826,Skyy Vodka,1.75L,11567,CAMPARI AMERICA            ,11394,2024-07-28,2024-08-01,2024-08-09,2024-09-10,15.74,12,188.88,1
25_CAERSHIRE_31320,25,31320,La Vieille Ferme Rose Vntoux,750mL,1587,VINEYARD BRANDS INC        ,9916,2024-04-22,2024-04-27,2024-05-07,2024-06-12,4.69,11,51.59,2
17_OLDHAM_8670,17,8670,Arrow Coffee Brandy,1.75L,8352,LUXCO INC                  ,12832,2024-10-30,2024-11-10,2024-11-15,2024-12-20,7.85,4,31.4,1
79_BALLYMENA_3150,79,3150,Svedka Mango Pineapple Vodka,750mL,1392,CONSTELLATION BRANDS INC   ,8252,2023-12-30,2024-01-06,2024-01-12,2024-02-11,8.65,24,207.6,1
41_LARNWICK_3758,41,3758,Margaritaville Gold Tequila,1.75L,8004,SAZERAC CO INC             ,9713,2024-04-08,2024-04-15,2024-04-25,2024-05-28,14.59,6,87.54,1
39_EASTHALLOW_1376,39,1376,Jim Beam,1.75L,12546,JIM BEAM BRANDS COMPANY    ,13421,2024-12-08,2024-12-15,2024-12-24,2025-01-21,16.29,20,325.8,1
55_DRY GULCH_3593,55,3593,Smirnoff Blue 100 Proof Trav,1.75L,3960,DIAGEO NORTH AMERICA INC   ,11028,2024-07-03,2024-07-13,2024-07-26,2024-08-18,21.42,6,128.52,1
32_MOUNTMEND_5713,32,5713,DeKuyper Sour Apple Pucker,1.75L,12546,JIM BEAM BRANDS COMPANY    ,8503,2024-01-17,2024-01-29,2024-02-02,2024-03-08,11.19,5,55.95,1
59_CLAETHORPES_3857,59,3857,Grey Goose Vodka,1.75L,480,BACARDI USA INC            ,9658,2024-04-05,2024-04-13,2024-04-20,2024-05-30,38.27,5,191.35,1
51_ABERDEEN_33149,51,33149,Alamos Ridge Malbec Mendoza,750mL,3252,E & J GALLO WINERY         ,9477,2024-03-23,2024-03-30,2024-04-07,2024-05-17,4.79,36,172.44,2
50_MOUNTMEND_5587,50,5587,Jose Cuervo Golden Margarita,1.75L,7245,PROXIMO SPIRITS INC.       ,13025,2024-11-11,2024-11-16,2024-11-25,2024-12-26,13.17,6,79.02,1
44_PORTHCRAWL_25522,44,25522,Sutter Home Clsc Cab Svgn,187mL 4 Pk,8892,TRINCHERO FAMILY ESTATES   ,10933,2024-06-26,2024-07-07,2024-07-18,2024-08-22,4.1,4,16.4,2
10_HORNSEY_38899,10,38899,L Martini Cab Svgn Sonoma,750mL,3252,E & J GALLO WINERY         ,9373,2024-03-17,2024-03-25,2024-04-04,2024-05-03,7.28,33,240.24,2
53_HILLFAR_3643,53,3643,Caldwells Vodka,1.75L,9552,M S WALKER INC             ,8462,2024-01-13,2024-01-22,2024-01-30,2024-03-08,7.71,5,38.55,1
55_DRY GULCH_29248,55,29248,Toasted Head Chard,750mL,1392,CONSTELLATION BRANDS INC   ,9523,2024-03-27,2024-04-05,2024-04-17,2024-05-18,6.53,11,71.83,2
69_MOUNTMEND_2142,69,2142,Bird Dog Apple Whiskey,750mL,9625,WESTERN SPIRITS BEVERAGE CO,8741,2024-02-01,2024-02-12,2024-02-23,2024-03-25,10.38,5,51.9,1
75_BARNCOMBE_17175,75,17175,Beringer Classic Cab Svgn,1.5L,9819,TREASURY WINE ESTATES      ,9227,2024-03-06,2024-03-15,2024-03-21,2024-04-30,5.2,6,31.2,2
41_LARNWICK_8236,41,8236,Jim Beam,50mL,12546,JIM BEAM BRANDS COMPANY    ,11867,2024-08-30,2024-09-10,2024-09-13,2024-10-18,1.07,109,116.63,1
37_PAETHSMOUTH_35412,37,35412,Yellow Tail Chard Ausl,1.5L,4425,MARTIGNETTI COMPANIES,9539,2024-03-28,2024-04-08,2024-04-16,2024-05-27,5.97,6,35.82,2
71_CLARCTON_3348,71,3348,Bombay Sapphire Gin,1.75L,480,BACARDI USA INC            ,12312,2024-09-25,2024-10-03,2024-10-13,2024-11-13,22.38,90,2014.2,1
55_DRY GULCH_6552,55,6552,Harveys Bristol Cream Sherry,1.5L,12546,JIM BEAM BRANDS COMPANY    ,13056,2024-11-14,2024-11-25,2024-11-28,2025-01-15,13.99,6,83.94,2
15_WANBORNE_8617,15,8617,Bacardi Black,750mL,480,BACARDI USA INC            ,13149,2024-11-21,2024-12-01,2024-12-12,2025-01-11,7.19,12,86.28,1
78_EASTHAVEN_8480,78,8480,Clan MacGregor,1.75L,3664,WILLIAM GRANT & SONS INC   ,8994,2024-02-18,2024-02-25,2024-03-01,2024-04-16,11.19,6,67.14,1
60_IRRAGIN_5090,60,5090,El Charro Silver Tequila,750mL,8004,SAZERAC CO INC             ,13125,2024-11-18,2024-11-25,2024-11-28,2024-12-29,10.23,11,112.53,1
50_MOUNTMEND_8504,50,8504,R M Woodbridge Cab Svgn Cal,1.5L,1392,CONSTELLATION BRANDS INC   ,10681,2024-06-15,2024-06-21,2024-06-28,2024-08-08,5.84,11,64.24,2
25_CAERSHIRE_3960,25,3960,Tortilla Gold Tequila Liquer,1.75L,8004,SAZERAC CO INC             ,13364,2024-12-05,2024-12-12,2024-12-19,2025-02-01,9.52,6,57.12,1
54_GUTHRAM_2672,54,2672,Dewars White Label,50mL,480,BACARDI USA INC            ,10240,2024-05-16,2024-05-27,2024-05-31,2024-07-16,1.8,10,18.0,1
45_VERITAS_3456,45,3456,Tanqueray Sterling Vodka,1.75L,3960,DIAGEO NORTH AMERICA INC   ,9199,2024-03-04,2024-03-09,2024-03-21,2024-04-29,13.27,6,79.62,1
33_HORNSEY_7716,33,7716,Andre Brut,750mL,3252,E & J GALLO WINERY         ,9958,2024-04-26,2024-05-03,2024-05-12,2024-06-20,3.79,12,45.48,2
76_DONCASTER_2748,76,2748,Johnnie Walker Blue Label,1.75L,3960,DIAGEO NORTH AMERICA INC   ,10566,2024-06-07,2024-06-14,2024-06-20,2024-08-04,240.59,3,721.77,1
66_EANVERNESS_28122,66,28122,Dom Carneros Pnt Nr Napa Vly,750mL,4692,KOBRAND CORPORATION        ,8951,2024-02-16,2024-02-25,2024-03-08,2024-04-12,14.28,11,157.08,2
51_ABERDEEN_2678,51,2678,Michter's Straight Rye,750mL,4425,MARTIGNETTI COMPANIES,12201,2024-09-21,2024-09-28,2024-10-09,2024-11-14,31.99,6,191.94,1
60_IRRAGIN_6670,60,6670,Pinnacle Pineapple Vodka,750mL,12546,JIM BEAM BRANDS COMPANY    ,11464,2024-08-02,2024-08-09,2024-08-22,2024-09-22,7.24,12,86.88,1
69_MOUNTMEND_6891,69,6891,Gallo Twin Vly Chard Cal,750mL,3252,E & J GALLO WINERY         ,9644,2024-04-04,2024-04-11,2024-04-23,2024-05-31,3.42,12,41.04,2
67_EANVERNESS_13940,67,13940,Black Box Malbec,3L,1392,CONSTELLATION BRANDS INC   ,10448,2024-05-30,2024-06-07,2024-06-13,2024-07-27,10.45,5,52.25,2
2_ASHBORNE_3276,2,3276,Gordons London Dry,1.75L,3960,DIAGEO NORTH AMERICA INC   ,8459,2024-01-13,2024-01-21,2024-01-26,2024-02-27,9.62,12,115.44,1
6_GOULCREST_27350,6,27350,Almaden Cab Svgn Cal B/B,5L,9815,WINE GROUP INC             ,8401,2024-01-08,2024-01-15,2024-01-19,2024-03-03,10.8,4,43.2,2
68_SOLARIS_3140,68,3140,TGI Fridays Orange Dream,1.75L,4466,AMERICAN VINTAGE BEVERAGE  ,11187,2024-07-14,2024-07-21,2024-07-26,2024-08-26,11.19,6,67.14,1
59_CLAETHORPES_1233,59,1233,Jack Daniels No 7 Black,1.75L,1128,BROWN-FORMAN CORP          ,12788,2024-10-27,2024-10-31,2024-11-12,2024-12-10,26.27,4,105.08,1
74_PAENTMARWY_6256,74,6256,Sutter Home Chard,1.5L,8892,TRINCHERO FAMILY ESTATES   ,8399,2024-01-08,2024-01-13,2024-01-22,2024-03-05,5.2,11,57.2,2
69_MOUNTMEND_13895,69,13895,Mohua Pinot Noir,750mL,1587,VINEYARD BRANDS INC        ,13146,2024-11-20,2024-11-28,2024-12-05,2025-01-21,10.27,12,123.24,2
34_PITMERDEN_5758,34,5758,1800 Ultimate Margarita RTD,1.75L,7245,PROXIMO SPIRITS INC.       ,9554,2024-03-29,2024-04-04,2024-04-14,2024-05-12,13.33,6,79.98,1
66_EANVERNESS_1233,66,1233,Jack Daniels No 7 Black,1.75L,1128,BROWN-FORMAN CORP          ,10971,2024-06-29,2024-07-06,2024-07-11,2024-08-11,26.27,30,788.1,1
31_HORNSEY_35414,31,35414,Yellow Tail Shiraz Ausl,1.5L,4425,MARTIGNETTI COMPANIES,10573,2024-06-07,2024-06-13,2024-06-26,2024-07-28,6.13,6,36.78,2
6_GOULCREST_8395,6,8395,Casamigos Anejo,750mL,6213,MHW LTD                    ,11889,2024-08-31,2024-09-09,2024-09-18,2024-10-21,37.31,6,223.86,1
71_CLARCTON_3826,71,3826,Skyy Vodka,1.75L,11567,CAMPARI AMERICA            ,9084,2024-02-25,2024-03-03,2024-03-10,2024-04-10,15.74,4,62.96,1
76_DONCASTER_2780,76,2780,Bulleit 10 Yr Old Bourbon,750mL,3960,DIAGEO NORTH AMERICA INC   ,11907,2024-09-01,2024-09-05,2024-09-13,2024-10-19,28.46,11,313.06,1
65_LUTON_1269,65,1269,Jeffersons Bourbon,750mL,1485,CASTLE BRANDS CORP.        ,10188,2024-05-12,2024-05-18,2024-05-30,2024-07-03,19.11,6,114.66,1
50_MOUNTMEND_6574,50,6574,Franzia Tap Wh Znfdl Cal,5L,9815,WINE GROUP INC             ,8876,2024-02-10,2024-02-15,2024-02-23,2024-04-05,9.99,4,39.96,2
65_LUTON_6682,65,6682,R M Woodbridge Chard Cal,1.5L,1392,CONSTELLATION BRANDS INC   ,10448,2024-05-30,2024-06-08,2024-06-13,2024-07-27,6.03,12,72.36,2
50_MOUNTMEND_39256,50,39256,Schmitt Sohne Relax Mosel,750mL,9552,M S WALKER INC             ,9422,2024-03-20,2024-03-29,2024-04-08,2024-05-19,5.16,11,56.76,2
56_BEGGAR'S HOLE_7282,56,7282,Colombo Marsala Sweet,750mL,9552,M S WALKER INC             ,10026,2024-05-01,2024-05-10,2024-05-19,2024-06-29,6.12,11,67.32,2
42_BLACK HOLLOW_24995,42,24995,Roth Est Svgn Bl Alex Vly,750mL,4425,MARTIGNETTI COMPANIES,9682,2024-04-06,2024-04-12,2024-04-21,2024-05-31,5.47,23,125.81,2
1_HARDERSFIELD_37731,1,37731,Corbett Canyon Chard,3L,9815,WINE GROUP INC             ,13526,2024-12-14,2024-12-20,2025-01-03,2025-02-03,6.7,4,26.8,2
10_HORNSEY_5890,10,5890,Godiva Wh Chocolate Liqueur,750mL,3960,DIAGEO NORTH AMERICA INC   ,9199,2024-03-04,2024-03-09,2024-03-21,2024-04-29,16.66,12,199.92,1
35_HALIVAARA_3858,35,3858,Grey Goose Vodka,750mL,480,BACARDI USA INC            ,8877,2024-02-11,2024-02-18,2024-03-01,2024-04-08,17.77,10,177.7,1
9_BLACKPOOL_1883,9,1883,Seagrams 7 Crown,1.75L,3960,DIAGEO NORTH AMERICA INC   ,12748,2024-10-25,2024-10-31,2024-11-09,2024-12-22,13.23,4,52.92,1
57_LANTEGLOS_5138,57,5138,Fireball Cinnamon Whisky,750mL,8004,SAZERAC CO INC             ,11390,2024-07-27,2024-08-01,2024-08-13,2024-09-09,11.1,12,133.2,1
76_DONCASTER_44148,76,44148,Polka Dot Rsl Pfalz,750mL,3252,E & J GALLO WINERY         ,10500,2024-06-02,2024-06-09,2024-06-16,2024-07-30,4.66,12,55.92,2
44_PORTHCRAWL_2237,44,2237,Edradour 10 Yr Single Malt,750mL,9552,M S WALKER INC             ,9806,2024-04-15,2024-04-19,2024-04-26,2024-05-31,35.71,6,214.26,1
23_ARBINGTON_23095,23,23095,Glen Ellen Cab Svgn RSV,1.5L,9815,WINE GROUP INC             ,11138,2024-07-10,2024-07-19,2024-07-27,2024-09-04,4.76,17,80.92,2
61_AETHELNEY_7867,61,7867,Tooters Red-diculous 15 Pk,375mL,5270,MANGO BOTTLING INC         ,10742,2024-06-19,2024-06-29,2024-07-04,2024-08-18,7.68,12,92.16,1
81_PEMBROKE_2590,81,2590,The Black Grouse Scotch,1.75L,2561,EDRINGTON AMERICAS         ,11752,2024-08-22,2024-08-30,2024-09-12,2024-10-06,28.98,6,173.88,1
17_OLDHAM_5111,17,5111,Dr McGillicuddy's Mentholmnt,50mL,8004,SAZERAC CO INC             ,12939,2024-11-06,2024-11-17,2024-11-23,2025-01-01,0.72,120,86.4,1
17_OLDHAM_2167,17,2167,Old Beezer 10 Yr SB Bourbon,750mL,2000,SOUTHERN WINE & SPIRITS NE ,12851,2024-10-31,2024-11-10,2024-11-20,2024-12-18,25.55,6,153.3,1
38_GOULCREST_38131,38,38131,Principato Pnt Gr Sicilia,1.5L,6785,PALM BAY INTERNATIONAL INC ,11596,2024-08-10,2024-08-19,2024-08-23,2024-10-05,6.84,12,82.08,2
38_GOULCREST_10472,38,10472,Clos du Bois Pnt Nr Cal,750mL,1392,CONSTELLATION BRANDS INC   ,10681,2024-06-15,2024-06-23,2024-06-28,2024-08-08,6.07,6,36.42,2
50_MOUNTMEND_7345,50,7345,M & R Asti,750mL,480,BACARDI USA INC            ,9415,2024-03-20,2024-03-30,2024-04-06,2024-05-14,6.75,12,81.0,2
59_CLAETHORPES_3276,59,3276,Gordons London Dry,1.75L,3960,DIAGEO NORTH AMERICA INC   ,10126,2024-05-09,2024-05-18,2024-05-31,2024-07-04,9.62,5,48.1,1
63_SWORDBREAK_1394,63,1394,Makers Mark,375mL,12546,JIM BEAM BRANDS COMPANY    ,12661,2024-10-18,2024-10-25,2024-11-04,2024-12-05,12.68,11,139.48,1
73_DONCASTER_10715,73,10715,C Y Toro Privada Rsv Casa Di,750mL,516,BANFI PRODUCTS CORP        ,11542,2024-08-08,2024-08-17,2024-08-27,2024-09-26,9.14,6,54.84,2
23_ARBINGTON_23360,23,23360,Ninety+Cellars Lot 35 Tempo,750mL,4950,LATITUDE BEVERAGE COMPANY  ,9232,2024-03-07,2024-03-17,2024-03-28,2024-05-04,6.16,12,73.92,2
74_PAENTMARWY_8701,74,8701,Sheffield Cream Sherry,1.5L,3252,E & J GALLO WINERY         ,9169,2024-03-02,2024-03-09,2024-03-18,2024-04-26,6.7,5,33.5,2
77_TAMWORTH_5661,77,5661,Dr McGillicuddy's Root Beer,750mL,8004,SAZERAC CO INC             ,12850,2024-10-31,2024-11-10,2024-11-18,2024-12-29,10.31,11,113.41,1
73_DONCASTER_17458,73,17458,Skinnygirl Rose Wine,750mL,12546,JIM BEAM BRANDS COMPANY    ,10938,2024-06-27,2024-07-07,2024-07-13,2024-08-16,6.03,12,72.36,2
41_LARNWICK_6980,41,6980,Midnight Moon Blueberry,750mL,9165,ULTRA BEVERAGE COMPANY LLP ,10444,2024-05-29,2024-06-12,2024-06-20,2024-07-18,13.96,30,418.8,1
2_ASHBORNE_29169,2,29169,Franzia Tap Merlot,5L,9815,WINE GROUP INC             ,8943,2024-02-15,2024-02-25,2024-02-29,2024-04-09,10.88,4,43.52,2
60_IRRAGIN_28147,60,28147,Kris Pnt Grigio Alto Adige,750mL,2000,SOUTHERN WINE & SPIRITS NE ,13365,2024-12-05,2024-12-12,2024-12-25,2025-01-31,7.14,12,85.68,2
38_GOULCREST_1476,38,1476,Jim Beam Traveler,1.75L,12546,JIM BEAM BRANDS COMPANY    ,8330,2024-01-04,2024-01-15,2024-01-20,2024-02-19,16.05,3,48.15,1
24_PALPERROTH_14930,24,14930,Yellow Tail Moscato,1.5L,4425,MARTIGNETTI COMPANIES,10943,2024-06-27,2024-07-07,2024-07-13,2024-08-28,5.93,12,71.16,2
33_HORNSEY_28138,33,28138,Columbia Crest Grand Chard,750mL,8673,STE MICHELLE WINE ESTATES  ,12209,2024-09-21,2024-09-29,2024-10-09,2024-11-18,6.16,12,73.92,2
56_BEGGAR'S HOLE_2092,56,2092,Great King St Artists Blend,750mL,7153,PINE STATE TRADING CO      ,12578,2024-10-12,2024-10-18,2024-11-01,2024-11-28,28.56,6,171.36,1
34_PITMERDEN_7293,34,7293,Chi Chi's Skinny Margarita,1.75L,660,SAZERAC NORTH AMERICA INC. ,8665,2024-01-27,2024-02-01,2024-02-11,2024-03-13,5.96,5,29.8,1
67_EANVERNESS_18860,67,18860,Barefoot Refresh Summer Red,750mL,3252,E & J GALLO WINERY         ,8326,2024-01-04,2024-01-12,2024-01-22,2024-02-27,3.86,12,46.32,2
34_PITMERDEN_4734,34,4734,Capt Morgan Cannon Blast,750mL,3960,DIAGEO NORTH AMERICA INC   ,11300,2024-07-21,2024-07-25,2024-08-03,2024-09-14,11.9,6,71.4,1
38_GOULCREST_24002,38,24002,Corbett Canyon Chard,1.5L,9815,WINE GROUP INC             ,9347,2024-03-14,2024-03-22,2024-04-01,2024-04-30,4.63,5,23.15,2
40_BULLMAR_5872,40,5872,Godiva Chocolate Liqueur,50mL,3960,DIAGEO NORTH AMERICA INC   ,10700,2024-06-16,2024-06-21,2024-06-29,2024-08-09,2.32,9,20.88,1
26_KNIFE'S EDGE_2132,26,2132,Lord Calvert Canadian,1.75L,8352,LUXCO INC                  ,12961,2024-11-07,2024-11-18,2024-11-25,2024-12-30,10.23,6,61.38,1
7_STANMORE_36209,7,36209,Big House White,750mL,9815,WINE GROUP INC             ,11605,2024-08-10,2024-08-19,2024-08-26,2024-10-02,5.15,12,61.8,2
34_PITMERDEN_5090,34,5090,El Charro Silver Tequila,750mL,8004,SAZERAC CO INC             ,12476,2024-10-05,2024-10-11,2024-10-24,2024-12-03,10.23,12,122.76,1
72_HARDERSFIELD_3326,72,3326,Jenkins Gin,1.75L,9552,M S WALKER INC             ,9698,2024-04-07,2024-04-13,2024-04-22,2024-05-25,7.36,4,29.44,1
62_KILMARNOCK_8214,62,8214,E & J Brandy VS,750mL,3252,E & J GALLO WINERY         ,11656,2024-08-15,2024-08-22,2024-09-03,2024-10-15,7.4,11,81.4,1
41_LARNWICK_809,41,809,Southern Comfort,Liter,1128,BROWN-FORMAN CORP          ,10480,2024-06-01,2024-06-08,2024-06-18,2024-07-28,13.13,11,144.43,1
66_EANVERNESS_1346,66,1346,Knob Creek Bourbon,750mL,12546,JIM BEAM BRANDS COMPANY    ,11464,2024-08-02,2024-08-12,2024-08-22,2024-09-22,22.55,2,45.1,1
14_BROMWICH_8480,14,8480,Clan MacGregor,1.75L,3664,WILLIAM GRANT & SONS INC   ,11408,2024-07-28,2024-08-01,2024-08-14,2024-09-15,11.19,4,44.76,1
72_HARDERSFIELD_5765,72,5765,Jose Cuervo Lime Margarita,1.75L,7245,PROXIMO SPIRITS INC.       ,11850,2024-08-29,2024-09-07,2024-09-18,2024-10-25,10.36,5,51.8,1
17_OLDHAM_12951,17,12951,Purple Cowboy Red,750mL,9165,ULTRA BEVERAGE COMPANY LLP ,12142,2024-09-16,2024-09-23,2024-09-27,2024-10-28,6.7,12,80.4,2
76_DONCASTER_1174,76,1174,Rebel Yell,1.75L,8352,LUXCO INC                  ,10685,2024-06-15,2024-06-24,2024-06-28,2024-08-02,15.87,10,158.7,1
2_ASHBORNE_2476,2,2476,Crown Royal Maple Whisky,750mL,3960,DIAGEO NORTH AMERICA INC   ,8575,2024-01-21,2024-01-28,2024-02-03,2024-03-06,16.79,24,402.96,1
60_IRRAGIN_29169,60,29169,Franzia Tap Merlot,5L,9815,WINE GROUP INC             ,12440,2024-10-02,2024-10-13,2024-10-25,2024-11-27,10.88,2,21.76,2
38_GOULCREST_37735,38,37735,Walnut Crest Vnto Pnt Grigio,1.5L,516,BANFI PRODUCTS CORP        ,11278,2024-07-20,2024-07-28,2024-08-04,2024-09-13,7.58,5,37.9,2
76_DONCASTER_17175,76,17175,Beringer Classic Cab Svgn,1.5L,9819,TREASURY WINE ESTATES      ,11295,2024-07-20,2024-07-26,2024-08-02,2024-09-08,5.2,14,72.8,2
51_ABERDEEN_2443,51,2443,Seagrams VO,1.75L,3960,DIAGEO NORTH AMERICA INC   ,11329,2024-07-24,2024-08-05,2024-08-16,2024-09-14,13.48,4,53.92,1
17_OLDHAM_46202,17,46202,Yellow Tail Pnt Grigio Ausl,1.5L,4425,MARTIGNETTI COMPANIES,10757,2024-06-20,2024-06-28,2024-07-07,2024-08-21,6.05,6,36.3,2
50_MOUNTMEND_36846,50,36846,Frey Natural White Organic,750mL,10754,PERFECTA WINES             ,11597,2024-08-10,2024-08-17,2024-08-24,2024-09-27,7.33,24,175.92,2
10_HORNSEY_4767,10,4767,El Jimador Reposado Tequila,1.75L,1128,BROWN-FORMAN CORP          ,8945,2024-02-16,2024-02-25,2024-03-02,2024-04-11,19.28,6,115.68,1
19_WINTERVALE_8534,19,8534,M & R Asti,375mL,480,BACARDI USA INC            ,10778,2024-06-22,2024-06-30,2024-07-09,2024-08-04,4.02,12,48.24,2
16_LUNDY_8701,16,8701,Sheffield Cream Sherry,1.5L,3252,E & J GALLO WINERY         ,10293,2024-05-19,2024-05-27,2024-06-06,2024-07-11,6.7,5,33.5,2
70_KELD_18988,70,18988,Franzia Chillable Red Tap,5L,9815,WINE GROUP INC             ,9761,2024-04-12,2024-04-22,2024-05-03,2024-05-26,8.9,3,26.7,2
1_HARDERSFIELD_6595,1,6595,Bogle Merlot,750mL,4425,MARTIGNETTI COMPANIES,10438,2024-05-29,2024-06-08,2024-06-17,2024-07-31,4.48,8,35.84,2
5_SUTTON_39087,5,39087,Corbett Canyon Pnt Grigio,3L,9815,WINE GROUP INC             ,13160,2024-11-21,2024-12-02,2024-12-06,2025-01-20,6.66,11,73.26,2
67_EANVERNESS_5776,67,5776,Malibu Black,1.75L,17035,PERNOD RICARD USA          ,11891,2024-08-31,2024-09-08,2024-09-13,2024-10-15,16.29,4,65.16,1
30_CULCHETH_39708,30,39708,R Mondavi Pvt Sln Pnt Grigio,750mL,1392,CONSTELLATION BRANDS INC   ,9749,2024-04-12,2024-04-18,2024-04-28,2024-05-26,4.72,11,51.92,2
2_ASHBORNE_3680,2,3680,Stolichnaya Ohranj,1.75L,8664,"STOLI GROUP,(USA) LLC      ",13200,2024-11-23,2024-12-01,2024-12-09,2025-01-15,18.93,6,113.58,1
20_BREDWARDINE_2122,20,2122,Canadian Club 1858,750mL,12546,JIM BEAM BRANDS COMPANY    ,10938,2024-06-27,2024-07-06,2024-07-13,2024-08-16,7.8,12,93.6,1
70_KELD_3808,70,3808,Three Olives Vodka,750mL,7245,PROXIMO SPIRITS INC.       ,9073,2024-02-24,2024-03-04,2024-03-13,2024-04-19,9.55,12,114.6,1
69_MOUNTMEND_4211,69,4211,Cruzan Passion Fruit Rum,750mL,12546,JIM BEAM BRANDS COMPANY    ,9118,2024-02-28,2024-03-11,2024-03-19,2024-04-21,7.8,10,78.0,1
40_BULLMAR_2127,40,2127,Canadian Ltd,1.75L,660,SAZERAC NORTH AMERICA INC. ,11814,2024-08-25,2024-09-01,2024-09-10,2024-10-16,7.19,18,129.42,1
79_BALLYMENA_32263,79,32263,Lindemans Bin 65 Chard,1.5L,4425,MARTIGNETTI COMPANIES,10720,2024-06-17,2024-06-24,2024-07-01,2024-07-30,6.8,6,40.8,2
61_AETHELNEY_3527,61,3527,Reyka Vodka,1.75L,3664,WILLIAM GRANT & SONS INC   ,9179,2024-03-02,2024-03-09,2024-03-16,2024-04-20,21.87,6,131.22,1
62_KILMARNOCK_4368,62,4368,Capt Morgan Private Stock,1.75L,3960,DIAGEO NORTH AMERICA INC   ,12149,2024-09-18,2024-09-28,2024-10-08,2024-11-07,23.91,5,119.55,1
33_HORNSEY_23129,33,23129,Sensi 18K Prosecco,750mL,4425,MARTIGNETTI COMPANIES,12730,2024-10-23,2024-11-03,2024-11-11,2024-12-18,12.24,6,73.44,2
76_DONCASTER_5230,76,5230,Bacardi Party Drinks Bahama,1.75L,480,BACARDI USA INC            ,10325,2024-05-22,2024-06-01,2024-06-12,2024-07-13,9.92,5,49.6,1
76_DONCASTER_24285,76,24285,Dom Clavel Languedoc,750mL,4425,MARTIGNETTI COMPANIES,10384,2024-05-25,2024-06-02,2024-06-07,2024-07-13,9.03,12,108.36,2
44_PORTHCRAWL_3802,44,3802,Three Olives Vodka,1.75L,7245,PROXIMO SPIRITS INC.       ,10389,2024-05-25,2024-05-31,2024-06-12,2024-07-24,13.43,9,120.87,1
71_CLARCTON_8678,71,8678,Banfi Chianti Clsc RSV,750mL,516,BANFI PRODUCTS CORP        ,13570,2024-12-19,2024-12-30,2025-01-02,2025-02-11,9.32,60,559.2,2
66_EANVERNESS_4678,66,4678,Courvoisier VS Cognac,750mL,12546,JIM BEAM BRANDS COMPANY    ,12935,2024-11-06,2024-11-16,2024-11-28,2024-12-28,16.78,9,151.02,1
68_SOLARIS_482,68,482,Absolut 80 Proof,Liter,17035,PERNOD RICARD USA          ,9028,2024-02-21,2024-03-02,2024-03-09,2024-04-08,14.28,12,171.36,1
43_WOLFORD_8691,43,8691,Jose Cuervo Especial,750mL,7245,PROXIMO SPIRITS INC.       ,11216,2024-07-15,2024-07-20,2024-08-02,2024-08-29,11.9,12,142.8,1
73_DONCASTER_46734,73,46734,Gnarly Head Cab Svgn Cal,750mL,2242,DELICATO VINEYARDS INC     ,8827,2024-02-08,2024-02-19,2024-02-25,2024-04-07,6.84,10,68.4,2
50_MOUNTMEND_23889,50,23889,Corbett Canyon Wh Znfdl,1.5L,9815,WINE GROUP INC             ,11605,2024-08-10,2024-08-17,2024-08-26,2024-10-02,4.82,18,86.76,2
40_BULLMAR_5739,40,5739,Malibu Rum,50mL,17035,PERNOD RICARD USA          ,9840,2024-04-18,2024-04-26,2024-05-05,2024-06-06,1.53,10,15.3,1
73_DONCASTER_6579,73,6579,J Lohr Riverstone Chard,750mL,4425,MARTIGNETTI COMPANIES,11053,2024-07-04,2024-07-16,2024-07-25,2024-08-22,5.8,1,5.8,2
9_BLACKPOOL_31493,9,31493,Barefoot Merlot Cal,750mL,3252,E & J GALLO WINERY         ,12417,2024-10-02,2024-10-10,2024-10-20,2024-11-30,3.33,12,39.96,2
48_NORFOLK_5031,48,5031,DeKuyper Peppermint Schnapp,1.75L,12546,JIM BEAM BRANDS COMPANY    ,11099,2024-07-07,2024-07-15,2024-07-19,2024-08-31,11.71,6,70.26,1
74_PAENTMARWY_11970,74,11970,Zaccagnini Montepulciano Rsv,750mL,2000,SOUTHERN WINE & SPIRITS NE ,8668,2024-01-27,2024-02-05,2024-02-10,2024-03-17,7.71,11,84.81,2
5_SUTTON_5348,5,5348,St Brendans Irish Cream,750mL,8352,LUXCO INC                  ,9775,2024-04-13,2024-04-22,2024-05-03,2024-06-10,7.85,12,94.2,1
66_EANVERNESS_1657,66,1657,Dalwhinnie Distillers Edtion,750mL,3960,DIAGEO NORTH AMERICA INC   ,10936,2024-06-27,2024-07-05,2024-07-16,2024-08-13,51.46,6,308.76,1
60_IRRAGIN_3598,60,3598,Ice Pik Vodka,750mL,8150,SEA HAGG DISTILLERY LLC    ,12207,2024-09-21,2024-09-27,2024-10-03,2024-11-18,10.21,12,122.52,1
58_HARTLEPOOL_2755,58,2755,Johnnie Walker Red Label,750mL,3960,DIAGEO NORTH AMERICA INC   ,9018,2024-02-21,2024-03-03,2024-03-10,2024-04-09,19.68,1,19.68,1
27_MOUNTMEND_6879,27,6879,Maurice's Mentholated Mint,50mL,9552,M S WALKER INC             ,10383,2024-05-25,2024-06-02,2024-06-10,2024-07-16,0.74,120,88.8,1
77_TAMWORTH_5111,77,5111,Dr McGillicuddy's Mentholmnt,50mL,8004,SAZERAC CO INC             ,8611,2024-01-24,2024-02-04,2024-02-10,2024-03-18,0.72,69,49.68,1
55_DRY GULCH_5445,55,5445,Jagermeister Liqueur,750mL,3089,SIDNEY FRANK IMPORTING CO  ,10215,2024-05-13,2024-05-17,2024-05-26,2024-07-09,11.76,11,129.36,1
8_ALNERWICK_11219,8,11219,Josh Cellars Cab Svgn Sonoma,750mL,4425,MARTIGNETTI COMPANIES,10247,2024-05-16,2024-05-26,2024-06-07,2024-07-05,8.44,4,33.76,2
5_SUTTON_5921,5,5921,RumChata Liqueur,750mL,6213,MHW LTD                    ,10502,2024-06-02,2024-06-10,2024-06-13,2024-07-16,14.81,5,74.05,1
10_HORNSEY_8512,10,8512,Baileys Irish Cream,750mL,3960,DIAGEO NORTH AMERICA INC   ,11907,2024-09-01,2024-09-07,2024-09-13,2024-10-19,14.72,13,191.36,1
43_WOLFORD_5299,43,5299,Southern Comfort,1.75L,1128,BROWN-FORMAN CORP          ,10666,2024-06-14,2024-06-22,2024-07-04,2024-08-08,15.26,5,76.3,1
69_MOUNTMEND_3276,69,3276,Gordons London Dry,1.75L,3960,DIAGEO NORTH AMERICA INC   ,9766,2024-04-13,2024-04-21,2024-05-01,2024-06-02,9.62,6,57.72,1
25_CAERSHIRE_38370,25,38370,Oyster Bay Svgn Bl Marlboro,750mL,4425,MARTIGNETTI COMPANIES,8726,2024-02-01,2024-02-12,2024-02-17,2024-03-24,6.59,7,46.13,2
67_EANVERNESS_3452,67,3452,Vanya Light Vodka,1.75L,9552,M S WALKER INC             ,11942,2024-09-04,2024-09-15,2024-09-27,2024-11-01,5.55,5,27.75,1
76_DONCASTER_3929,76,3929,Los Amantes Mezcal,750mL,6785,PALM BAY INTERNATIONAL INC ,11450,2024-08-01,2024-08-10,2024-08-23,2024-09-29,31.15,6,186.9,1
52_GRAYCOTT_3802,52,3802,Three Olives Vodka,1.75L,7245,PROXIMO SPIRITS INC.       ,13363,2024-12-05,2024-12-16,2024-12-20,2025-02-02,13.43,12,161.16,1
14_BROMWICH_3788,14,3788,Patron Silver Tequila,375mL,9165,ULTRA BEVERAGE COMPANY LLP ,11560,2024-08-08,2024-08-15,2024-08-27,2024-10-03,19.99,11,219.89,1
30_CULCHETH_13662,30,13662,Duckhorn Decoy Svgn Bl,750mL,4425,MARTIGNETTI COMPANIES,12848,2024-10-31,2024-11-07,2024-11-20,2024-12-21,9.43,12,113.16,2
62_KILMARNOCK_42764,62,42764,14 Hands Cab Svgn Wash,750mL,8673,STE MICHELLE WINE ESTATES  ,12685,2024-10-19,2024-10-26,2024-11-05,2024-12-14,6.09,12,73.08,2
17_OLDHAM_20731,17,20731,Villa Jolanda Strwby Moscato,750mL,7153,PINE STATE TRADING CO      ,11760,2024-08-22,2024-09-01,2024-09-12,2024-10-09,5.95,11,65.45,2
23_ARBINGTON_3921,23,3921,Espolon Reposado Tequila,750mL,11567,CAMPARI AMERICA            ,11545,2024-08-08,2024-08-18,2024-08-29,2024-10-07,17.9,6,107.4,1
38_GOULCREST_6481,38,6481,Korbel Natural,750mL,1128,BROWN-FORMAN CORP          ,13642,2024-12-23,2024-12-26,2025-01-07,2025-02-17,10.13,15,151.95,2
44_PORTHCRAWL_19870,44,19870,Yellow Tail Sangria,1.5L,4425,MARTIGNETTI COMPANIES,12318,2024-09-25,2024-10-03,2024-10-17,2024-11-12,5.89,6,35.34,2
19_WINTERVALE_28947,19,28947,R M Woodbridge Merlot Cal,1.5L,1392,CONSTELLATION BRANDS INC   ,11883,2024-08-31,2024-09-06,2024-09-14,2024-10-30,5.91,10,59.1,2
71_CLARCTON_20862,71,20862,W Hill Est Cab Svgn No Cst,750mL,3252,E & J GALLO WINERY         ,12113,2024-09-15,2024-09-22,2024-10-01,2024-11-04,8.55,11,94.05,2
2_ASHBORNE_8346,2,8346,Marques de Riscal Rioja Red,750mL,8320,SHAW ROSS INT L IMP LTD    ,13496,2024-12-13,2024-12-22,2025-01-02,2025-02-01,9.93,11,109.23,2
66_EANVERNESS_4833,66,4833,Plantation Original Dark Rum,750mL,9552,M S WALKER INC             ,10488,2024-06-01,2024-06-06,2024-06-20,2024-07-20,10.78,6,64.68,1
36_LEWES_4945,36,4945,Jacquin Ginger Brandy,750mL,4380,CHARLES JACQUIN ET CIE INC ,8761,2024-02-03,2024-02-11,2024-02-23,2024-03-17,7.47,12,89.64,1
76_DONCASTER_35088,76,35088,Newport Vyds Great White RI,750mL,7153,PINE STATE TRADING CO      ,12032,2024-09-09,2024-09-12,2024-09-19,2024-10-23,5.8,12,69.6,2
12_LEESIDE_1269,12,1269,Jeffersons Bourbon,750mL,1485,CASTLE BRANDS CORP.        ,13553,2024-12-18,2024-12-30,2025-01-07,2025-02-11,19.11,6,114.66,1
75_BARNCOMBE_3253,75,3253,Gilbeys London Dry,1.75L,12546,JIM BEAM BRANDS COMPANY    ,12935,2024-11-06,2024-11-17,2024-11-28,2024-12-28,9.08,4,36.32,1
76_DONCASTER_14624,76,14624,The Naked Grape Pnt Nr,750mL,3252,E & J GALLO WINERY         ,12932,2024-11-06,2024-11-16,2024-11-22,2024-12-24,4.57,12,54.84,2
38_GOULCREST_2518,38,2518,Woodford Reserve Double Oak,750mL,1128,BROWN-FORMAN CORP          ,13468,2024-12-12,2024-12-23,2024-12-28,2025-02-07,36.49,6,218.94,1
55_DRY GULCH_1956,55,1956,Balvenie 12 Yr Doublewood S,750mL,3664,WILLIAM GRANT & SONS INC   ,13065,2024-11-14,2024-11-23,2024-12-05,2025-01-03,39.99,10,399.9,1
49_GARIGILL_508,49,508,Bacardi Superior Rum,Liter,480,BACARDI USA INC            ,11491,2024-08-04,2024-08-12,2024-08-17,2024-09-20,9.77,12,117.24,1
43_WOLFORD_6864,43,6864,St Francis Chard,750mL,4692,KOBRAND CORPORATION        ,11268,2024-07-19,2024-07-27,2024-08-06,2024-09-02,5.51,12,66.12,2
64_CESTERFIELD_1180,64,1180,Evan Williams Black Label B,1.75L,3924,HEAVEN HILL DISTILLERIES   ,13229,2024-11-25,2024-11-29,2024-12-12,2025-01-10,13.07,5,65.35,1
71_CLARCTON_6724,71,6724,Black Opal Cashmore Cab Svgn,750mL,9819,TREASURY WINE ESTATES      ,11455,2024-08-01,2024-08-08,2024-08-17,2024-09-28,4.63,11,50.93,2
11_CARDEND_4437,11,4437,Mount Gay Eclipse,1.75L,7239,REMY COINTREAU USA INC     ,8229,2023-12-28,2024-01-05,2024-01-13,2024-02-13,23.48,6,140.88,1
16_LUNDY_40098,16,40098,Black Box Merlot Cal,3L,1392,CONSTELLATION BRANDS INC   ,12792,2024-10-27,2024-11-05,2024-11-08,2024-12-16,10.38,6,62.28,2
76_DONCASTER_14539,76,14539,Dom de Dionysos La Deveze,750mL,4425,MARTIGNETTI COMPANIES,8529,2024-01-18,2024-01-25,2024-02-09,2024-03-05,10.06,11,110.66,2
8_ALNERWICK_24567,8,24567,Ravenswood Mendocino OV Znfd,750mL,1392,CONSTELLATION BRANDS INC   ,8897,2024-02-12,2024-02-16,2024-02-23,2024-04-10,9.08,12,108.96,2
31_HORNSEY_2117,31,2117,Black Velvet Traveler,750mL,1392,CONSTELLATION BRANDS INC   ,9623,2024-04-03,2024-04-14,2024-04-23,2024-05-24,5.88,11,64.68,1
56_BEGGAR'S HOLE_17748,56,17748,Black Box Pnt Grigio,500mL,1392,CONSTELLATION BRANDS INC   ,8981,2024-02-18,2024-02-25,2024-03-06,2024-04-17,2.75,12,33.0,2
68_SOLARIS_3857,68,3857,Grey Goose Vodka,1.75L,480,BACARDI USA INC            ,12988,2024-11-09,2024-11-16,2024-11-25,2024-12-22,38.27,5,191.35,1
7_STANMORE_25021,7,25021,Mark West Black Pnt Nr,750mL,1392,CONSTELLATION BRANDS INC   ,11793,2024-08-24,2024-09-02,2024-09-13,2024-10-08,7.28,12,87.36,2
33_HORNSEY_3762,33,3762,Patron Silver Tequila,50mL,9165,ULTRA BEVERAGE COMPANY LLP ,9298,2024-03-10,2024-03-17,2024-03-22,2024-04-21,4.61,59,271.99,1
54_GUTHRAM_16837,54,16837,Beringer Classic Pink Moscat,750mL,9819,TREASURY WINE ESTATES      ,10932,2024-06-26,2024-07-05,2024-07-13,2024-08-17,3.42,9,30.78,2
38_GOULCREST_3769,38,3769,Jenkins Vodka,1.75L,9552,M S WALKER INC             ,9571,2024-03-30,2024-04-07,2024-04-16,2024-05-28,7.02,3,21.06,1
76_DONCASTER_7353,76,7353,1800 Ultimate Peach Margrita,1.75L,7245,PROXIMO SPIRITS INC.       ,11291,2024-07-20,2024-07-26,2024-08-07,2024-09-08,12.02,5,60.1,1
49_GARIGILL_46934,49,46934,Silver Palm Nth Cst Cab Svgn,750mL,9552,M S WALKER INC             ,13614,2024-12-21,2024-12-27,2025-01-07,2025-02-17,10.31,30,309.3,2
69_MOUNTMEND_33965,69,33965,Castellare Chianti Clsc,750mL,2000,SOUTHERN WINE & SPIRITS NE ,8668,2024-01-27,2024-02-04,2024-02-10,2024-03-17,13.72,12,164.64,2
14_BROMWICH_3639,14,3639,Burnetts Peach Vodka,1.75L,3924,HEAVEN HILL DISTILLERIES   ,8472,2024-01-14,2024-01-18,2024-01-26,2024-03-06,7.14,5,35.7,1
9_BLACKPOOL_4291,9,4291,Ronrico Gold,1.75L,12546,JIM BEAM BRANDS COMPANY    ,12523,2024-10-09,2024-10-17,2024-10-30,2024-12-06,10.39,6,62.34,1
24_PALPERROTH_3747,24,3747,Gordons Vodka Traveler,750mL,3960,DIAGEO NORTH AMERICA INC   ,10126,2024-05-09,2024-05-19,2024-05-31,2024-07-04,5.18,12,62.16,1
11_CARDEND_40545,11,40545,Whitehaven Svgn Bl Marlboro,750mL,3252,E & J GALLO WINERY         ,11528,2024-08-07,2024-08-15,2024-08-26,2024-10-09,9.93,3,29.79,2
11_CARDEND_7070,11,7070,Skinnygirl Margarita Wtrmn/L,750mL,12546,JIM BEAM BRANDS COMPANY    ,13325,2024-12-02,2024-12-05,2024-12-13,2025-01-23,9.35,12,112.2,1
68_SOLARIS_6351,68,6351,Kendall Jackson Vntr RSV Cab,750mL,10000,MAJESTIC FINE WINES        ,11434,2024-07-31,2024-08-09,2024-08-22,2024-09-23,11.18,10,111.8,2
9_BLACKPOOL_1770,9,1770,Jack Daniels Tennessee Fire,1.75L,1128,BROWN-FORMAN CORP          ,10035,2024-05-02,2024-05-09,2024-05-22,2024-07-03,26.42,5,132.1,1
34_PITMERDEN_3529,34,3529,U V Vodka,1.75L,9206,PHILLIPS PRODUCTS CO.      ,11892,2024-08-31,2024-09-05,2024-09-12,2024-10-21,10.14,5,50.7,1
28_LARNWICK_1233,28,1233,Jack Daniels No 7 Black,1.75L,1128,BROWN-FORMAN CORP          ,13288,2024-11-30,2024-12-05,2024-12-19,2025-01-29,26.27,42,1103.34,1
66_EANVERNESS_3643,66,3643,Caldwells Vodka,1.75L,9552,M S WALKER INC             ,11692,2024-08-17,2024-08-26,2024-08-31,2024-10-16,7.71,2,15.42,1
23_ARBINGTON_6682,23,6682,R M Woodbridge Chard Cal,1.5L,1392,CONSTELLATION BRANDS INC   ,13163,2024-11-22,2024-12-01,2024-12-13,2025-01-08,6.03,25,150.75,2
75_BARNCOMBE_3682,75,3682,Belvedere Vodka,750mL,8112,MOET HENNESSY USA INC      ,8661,2024-01-27,2024-02-02,2024-02-10,2024-03-19,16.66,6,99.96,1
74_PAENTMARWY_3652,74,3652,Ciroc Pineapple Vodka,1.75L,3960,DIAGEO NORTH AMERICA INC   ,10566,2024-06-07,2024-06-16,2024-06-20,2024-08-04,37.79,18,680.22,1
