InventoryId,Store,Brand,Description,Size,SalesQuantity,SalesDollars,SalesPrice,SalesDate,Volume,Classification,ExciseTax,VendorNo,VendorName
14_BROMWICH_8200,14,8200,Chambord Liqueur de France,50mL,1,2.99,2.99,2024-01-16,50.0,1,0.05,1128,BROWN-FORMAN CORP          
69_MOUNTMEND_21019,69,21019,Black Box Pnt Nr,3L,1,18.99,18.99,2024-04-07,3000.0,2,0.45,1392,CONSTELLATION BRANDS INC   
69_MOUNTMEND_7143,69,7143,Smirnoff Watermelon Vodka,1.75L,1,19.99,19.99,2024-07-28,1750.0,1,1.84,3960,DIAGEO NORTH AMERICA INC   
19_WINTERVALE_6590,19,6590,Almaden B/B Wh Znfdl Cal,5L,2,29.98,14.99,2024-07-01,5000.0,2,1.5,9815,WINE GROUP INC             
53_HILLFAR_34133,53,34133,Turning Leaf RSV Cab Svgn,1.5L,1,9.99,9.99,2024-05-14,1500.0,2,0.22,3252,E & J GALLO WINERY         
73_DONCASTER_26091,73,26091,Pacific Rim Rsl,750mL,1,8.99,8.99,2024-08-26,750.0,2,0.11,9165,ULTRA BEVERAGE COMPANY LLP 
66_EANVERNESS_3768,66,3768,Jenkins Vodka,750mL,2,11.98,5.99,2024-07-05,750.0,1,1.57,9552,M S WALKER INC             
10_HORNSEY_1375,10,1375,Jim Beam,750mL,2,29.98,14.99,2024-11-30,750.0,1,1.57,12546,JIM BEAM BRANDS COMPANY    
34_PITMERDEN_8421,34,8421,Beringer Classic Wh Znfdl,750mL,1,5.65,5.65,2024-09-12,750.0,2,0.11,9819,TREASURY WINE ESTATES      
42_BLACK HOLLOW_25202,42,25202,Rosenblum R Sauret Zinfandel,750mL,1,11.99,11.99,2024-08-14,750.0,2,0.11,1590,DIAGEO CHATEAU ESTATE WINES
10_HORNSEY_1634,10,1634,The Famous Grouse,1.75L,1,27.99,27.99,2024-08-02,1750.0,1,1.84,2561,EDRINGTON AMERICAS         
34_PITMERDEN_28214,34,28214,Lagaria Venezie Pnt Grigio,750mL,1,11.99,11.99,2024-02-19,750.0,2,0.11,4425,MARTIGNETTI COMPANIES
66_EANVERNESS_7891,66,7891,DeLeon Platinum Tequila,750mL,1,34.99,34.99,2024-12-31,750.0,1,0.79,3960,DIAGEO NORTH AMERICA INC   
63_SWORDBREAK_3876,63,3876,Smirnoff 80 Proof,1.75L,4,79.96,19.99,2024-07-01,1750.0,1,7.35,3960,DIAGEO NORTH AMERICA INC   
20_BREDWARDINE_2127,20,2127,Canadian Ltd,1.75L,5,52.45,10.49,2024-09-24,1750.0,1,9.19,660,SAZERAC NORTH AMERICA INC. 
73_DONCASTER_4198,73,4198,Sailor Jerry Spiced Navy Rum,1.75L,2,49.98,24.99,2024-07-25,1750.0,1,3.67,3664,WILLIAM GRANT & SONS INC   
66_EANVERNESS_8097,66,8097,Patron Citronge Orange,375mL,1,13.99,13.99,2024-01-17,375.0,1,0.39,9165,ULTRA BEVERAGE COMPANY LLP 
73_DONCASTER_8085,73,8085,Wild Turkey,1.75L,1,35.99,35.99,2024-08-27,1750.0,1,1.84,11567,CAMPARI AMERICA            
36_LEWES_2585,36,2585,Jameson Irish Whiskey,750mL,12,275.88,22.99,2024-07-13,750.0,1,9.45,17035,PERNOD RICARD USA          
39_EASTHALLOW_6479,39,6479,Clos du Bois Chard,750mL,13,116.87,8.99,2024-07-22,750.0,2,1.46,1392,CONSTELLATION BRANDS INC   
72_HARDERSFIELD_1770,72,1770,Jack Daniels Tennessee Fire,1.75L,3,113.97,37.99,2024-08-23,1750.0,1,5.51,1128,BROWN-FORMAN CORP          
38_GOULCREST_4204,38,4204,Bacardi Coco Rum,750mL,1,11.99,11.99,2024-02-28,750.0,1,0.79,480,BACARDI USA INC            
6_GOULCREST_6995,6,6995,Carlo Rossi Spanada Sangria,1.5L,1,6.99,6.99,2024-08-09,1500.0,2,0.22,3252,E & J GALLO WINERY         
50_MOUNTMEND_21334,50,21334,Ilauri Prosecco Extra Dry,750mL,1,12.99,12.99,2024-11-21,750.0,2,0.11,7255,PSP WINES 
76_DONCASTER_23886,76,23886,Cycles Gladiator Chard,750mL,1,10.99,10.99,2024-06-04,750.0,2,0.11,10754,PERFECTA WINES             
21_BALERNO_36380,21,36380,Sebastiani Znfdl Sonoma Cnty,750mL,13,129.87,9.99,2024-01-30,750.0,2,1.46,4425,MARTIGNETTI COMPANIES
77_TAMWORTH_6115,77,6115,Midnight Moon Raspberry,750mL,1,19.99,19.99,2024-03-13,750.0,1,0.79,9165,ULTRA BEVERAGE COMPANY LLP 
76_DONCASTER_8448,76,8448,Cruzan Aged Dark Rum,750mL,3,29.97,9.99,2024-08-04,750.0,1,2.36,12546,JIM BEAM BRANDS COMPANY    
1_HARDERSFIELD_21329,1,21329,Masi Campofiorin,750mL,1,17.99,17.99,2024-09-14,750.0,2,0.11,9165,ULTRA BEVERAGE COMPANY LLP 
38_GOULCREST_24771,38,24771,Les Darons Lang J Carrel Rou,750mL,1,12.99,12.99,2024-06-23,750.0,2,0.11,10754,PERFECTA WINES             
68_SOLARIS_42413,68,42413,R M Woodbridge Rsl,1.5L,2,19.98,9.99,2024-04-24,1500.0,2,0.45,1392,CONSTELLATION BRANDS INC   
20_BREDWARDINE_29192,20,29192,Perrin Chtnf du Pape,750mL,4,147.96,36.99,2024-02-14,750.0,2,0.45,1587,VINEYARD BRANDS INC        
67_EANVERNESS_2619,67,2619,Glenmorangie Original 10 Yr,1.75L,1,64.99,64.99,2024-09-30,1750.0,1,1.84,8112,MOET HENNESSY USA INC      
1_HARDERSFIELD_3351,1,3351,Pinnacle Whipped Vodka,1.75L,4,67.96,16.99,2024-09-16,1750.0,1,7.35,12546,JIM BEAM BRANDS COMPANY    
66_EANVERNESS_16794,66,16794,Freakshow Cab Svgn,750mL,1,18.99,18.99,2024-02-07,750.0,2,0.11,4425,MARTIGNETTI COMPANIES
10_HORNSEY_7198,10,7198,New Amsterdam Pineapple Vdka,750mL,2,19.98,9.99,2024-06-10,750.0,1,1.57,3252,E & J GALLO WINERY         
13_TARMSWORTH_5399,13,5399,Goldschlager Cinnamon Schna,50mL,2,3.98,1.99,2024-07-31,50.0,1,0.1,3960,DIAGEO NORTH AMERICA INC   
60_IRRAGIN_16431,60,16431,HandCraft Artisan Coll Cab S,750mL,1,8.99,8.99,2024-03-17,750.0,2,0.11,2242,DELICATO VINEYARDS INC     
42_BLACK HOLLOW_41072,42,41072,Angeline Pnt Nr Rsv,750mL,1,13.99,13.99,2024-02-05,750.0,2,0.11,9552,M S WALKER INC             
73_DONCASTER_25578,73,25578,Parducci 13 True Grit Chard,750mL,11,142.89,12.99,2024-11-05,750.0,2,1.24,9552,M S WALKER INC             
18_FURNESS_40193,18,40193,Mark West Chard Sonoma Cnty,750mL,1,7.49,7.49,2024-05-18,750.0,2,0.11,1392,CONSTELLATION BRANDS INC   
52_GRAYCOTT_5445,52,5445,Jagermeister Liqueur,750mL,1,15.99,15.99,2024-01-04,750.0,1,0.79,3089,SIDNEY FRANK IMPORTING CO  
72_HARDERSFIELD_8819,72,8819,Leroux Blackberry Brandy,750mL,2,15.98,7.99,2024-06-07,750.0,1,1.57,12546,JIM BEAM BRANDS COMPANY    
41_LARNWICK_19260,41,19260,The Beach House Pinot Grigio,750mL,1,11.99,11.99,2024-10-28,750.0,2,0.11,653,STATE WINE & SPIRITS   
31_HORNSEY_5111,31,5111,Dr McGillicuddy's Mentholmnt,50mL,11,10.89,0.99,2024-05-08,50.0,1,0.58,8004,SAZERAC CO INC             
54_GUTHRAM_6319,54,6319,Santa Cristina Toscana,750mL,1,10.95,10.95,2024-09-30,750.0,2,0.11,8673,STE MICHELLE WINE ESTATES  
50_MOUNTMEND_12771,50,12771,Joel Gott Cab Svgn 815,750mL,3,38.97,12.99,2024-10-26,750.0,2,0.34,8892,TRINCHERO FAMILY ESTATES   
65_LUTON_39599,65,39599,R M Woodbridge Chard Cal,187mL 4 Pk,1,7.99,7.99,2024-01-31,187.0,2,0.03,1392,CONSTELLATION BRANDS INC   
12_LEESIDE_3485,12,3485,Luksusowa Potato Vodka,1.75L,3,59.97,19.99,2024-06-17,1750.0,1,5.51,4425,MARTIGNETTI COMPANIES
22_SHARNWICK_3310,22,3310,Pinnacle Vodka,375mL,2,11.98,5.99,2024-12-03,375.0,1,0.79,12546,JIM BEAM BRANDS COMPANY    
60_IRRAGIN_33960,60,33960,Allegrini Valpolicella Clsc,750mL,1,15.99,15.99,2024-08-14,750.0,2,0.11,3252,E & J GALLO WINERY         
68_SOLARIS_5233,68,5233,Cointreau Liqueur,375mL,2,41.98,20.99,2024-03-05,375.0,1,0.79,7239,REMY COINTREAU USA INC     
76_DONCASTER_1261,76,1261,Jim Beam Kentucky Fire,50mL,4,3.96,0.99,2024-05-30,50.0,1,0.21,12546,JIM BEAM BRANDS COMPANY    
11_CARDEND_12697,11,12697,Tapiz Malbec Mendoza,750mL,2,23.98,11.99,2024-09-28,750.0,2,0.22,653,STATE WINE & SPIRITS   
18_FURNESS_31186,18,31186,Almaden Merlot Cal B/B,5L,2,31.98,15.99,2024-02-15,5000.0,2,1.5,9815,WINE GROUP INC             
56_BEGGAR'S HOLE_8590,56,8590,Arrow Peppermint Schnapps,750mL,1,7.99,7.99,2024-09-12,750.0,1,0.79,8352,LUXCO INC                  
8_ALNERWICK_8451,8,8451,Cruzan Aged Dark Rum,1.75L,1,16.99,16.99,2024-12-17,1750.0,1,1.84,12546,JIM BEAM BRANDS COMPANY    
49_GARIGILL_1737,49,1737,Makers Mark,1.75L,1,52.99,52.99,2024-03-08,1750.0,1,1.84,12546,JIM BEAM BRANDS COMPANY    
66_EANVERNESS_36523,66,36523,Ch Macard Brdx Superieur,750mL,4,59.96,14.99,2024-02-12,750.0,2,0.45,4425,MARTIGNETTI COMPANIES
77_TAMWORTH_3161,77,3161,New Amsterdam Red Berry,750mL,1,10.99,10.99,2024-07-10,750.0,1,0.79,3252,E & J GALLO WINERY         
67_EANVERNESS_1956,67,1956,Balvenie 12 Yr Doublewood S,750mL,5,274.95,54.99,2024-12-17,750.0,1,3.94,3664,WILLIAM GRANT & SONS INC   
12_LEESIDE_3726,12,3726,Gilbeys Vodka Traveler,750mL,2,9.98,4.99,2024-09-14,750.0,1,1.57,12546,JIM BEAM BRANDS COMPANY    
8_ALNERWICK_6173,8,6173,Gallo Fairbanks Red Port,1.5L,2,15.98,7.99,2024-05-31,1500.0,2,0.45,3252,E & J GALLO WINERY         
78_EASTHAVEN_23739,78,23739,Liberty School Cab Svgn,750mL,1,13.99,13.99,2024-03-08,750.0,2,0.11,4425,MARTIGNETTI COMPANIES
10_HORNSEY_5033,10,5033,Fireball Cinnamon Whisky,Liter,1,17.99,17.99,2024-10-31,1000.0,1,1.05,8004,SAZERAC CO INC             
51_ABERDEEN_3476,51,3476,Reyka Vodka,750mL,1,19.99,19.99,2024-11-26,750.0,1,0.79,3664,WILLIAM GRANT & SONS INC   
74_PAENTMARWY_1238,74,1238,The Glenlivet 12 Yr Single,50mL,1,4.99,4.99,2024-04-16,50.0,1,0.05,17035,PERNOD RICARD USA          
2_ASHBORNE_3630,2,3630,Stolichnaya Razberi,1.75L,6,149.94,24.99,2024-05-25,1750.0,1,11.02,8664,"STOLI GROUP,(USA) LLC      "
39_EASTHALLOW_26352,39,26352,Armas de Guerra Rosado Mncia,750mL,1,13.99,13.99,2024-07-24,750.0,2,0.11,10754,PERFECTA WINES             
2_ASHBORNE_3979,2,3979,Vesica Potato Vodka,1.75L,1,16.99,16.99,2024-08-12,1750.0,1,1.84,60,ADAMBA IMPORTS INTL INC    
29_AYLESBURY_1416,29,1416,Old Grand Dad,1.75L,1,27.99,27.99,2024-01-02,1750.0,1,1.84,12546,JIM BEAM BRANDS COMPANY    
23_ARBINGTON_46582,23,46582,Grayson Cellars Pnt Nr Cntrl,750mL,1,12.99,12.99,2024-06-16,750.0,2,0.11,10754,PERFECTA WINES             
6_GOULCREST_8395,6,8395,Casamigos Anejo,750mL,1,61.99,61.99,2024-11-11,750.0,1,0.79,6213,MHW LTD                    
79_BALLYMENA_3128,79,3128,Ocean Organic Vodka,50mL,4,23.96,5.99,2024-12-06,50.0,1,0.21,9165,ULTRA BEVERAGE COMPANY LLP 
69_MOUNTMEND_8032,69,8032,Ballatore Gran Spumante,750mL,6,47.94,7.99,2024-11-22,750.0,2,0.68,3252,E & J GALLO WINERY         
73_DONCASTER_676,73,676,Pinnacle Whipped Vodka,750mL,1,10.99,10.99,2024-02-14,750.0,1,0.79,12546,JIM BEAM BRANDS COMPANY    
64_CESTERFIELD_8155,64,8155,Black Velvet Plastic,375mL,1,4.99,4.99,2024-12-16,375.0,1,0.39,1392,CONSTELLATION BRANDS INC   
67_EANVERNESS_3791,67,3791,Jose Cuervo Especial Silver,375mL,1,10.99,10.99,2024-09-05,375.0,1,0.39,7245,PROXIMO SPIRITS INC.       
34_PITMERDEN_903,34,903,Bombay Sapphire Gin,Liter,3,74.97,24.99,2024-07-05,1000.0,1,3.15,480,BACARDI USA INC            
59_CLAETHORPES_3802,59,3802,Three Olives Vodka,1.75L,6,113.94,18.99,2024-12-10,1750.0,1,11.02,7245,PROXIMO SPIRITS INC.       
76_DONCASTER_44912,76,44912,Broadbent Madeira Rainwater,750mL,1,16.99,16.99,2024-08-27,750.0,2,0.11,90024,VINILANDIA USA             
30_CULCHETH_3876,30,3876,Smirnoff 80 Proof,1.75L,2,39.98,19.99,2024-05-14,1750.0,1,3.67,3960,DIAGEO NORTH AMERICA INC   
15_WANBORNE_5103,15,5103,Fireball Cinnamon Whisky,1.75L,1,24.99,24.99,2024-06-15,1750.0,1,1.84,8004,SAZERAC CO INC             
1_HARDERSFIELD_3762,1,3762,Patron Silver Tequila,50mL,2,11.98,5.99,2024-09-11,50.0,1,0.1,9165,ULTRA BEVERAGE COMPANY LLP 
35_HALIVAARA_41252,35,41252,Beringer Classic Pnt Grigio,1.5L,1,7.99,7.99,2024-12-11,1500.0,2,0.22,9819,TREASURY WINE ESTATES      
7_STANMORE_8504,7,8504,R M Woodbridge Cab Svgn Cal,1.5L,6,59.94,9.99,2024-06-02,1500.0,2,1.35,1392,CONSTELLATION BRANDS INC   
12_LEESIDE_25588,12,25588,High Valley Znfdl,750mL,4,55.96,13.99,2024-07-17,750.0,2,0.45,2000,SOUTHERN WINE & SPIRITS NE 
69_MOUNTMEND_25575,69,25575,Louis Latour 14 St Veran Bla,750mL,12,191.88,15.99,2024-12-10,750.0,2,1.35,9552,M S WALKER INC             
23_ARBINGTON_5401,23,5401,Jagermeister Liqueur,200mL,3,14.97,4.99,2024-11-23,200.0,1,0.63,3089,SIDNEY FRANK IMPORTING CO  
7_STANMORE_37821,7,37821,Frescobaldi Sangiovese Remo,750mL,2,13.98,6.99,2024-03-01,750.0,2,0.22,9165,ULTRA BEVERAGE COMPANY LLP 
38_GOULCREST_4250,38,4250,Zaya Grand Reserva Rum,750mL,2,69.98,34.99,2024-08-20,750.0,1,1.57,9165,ULTRA BEVERAGE COMPANY LLP 
13_TARMSWORTH_3351,13,3351,Pinnacle Whipped Vodka,1.75L,3,50.97,16.99,2024-09-27,1750.0,1,5.51,12546,JIM BEAM BRANDS COMPANY    
14_BROMWICH_7198,14,7198,New Amsterdam Pineapple Vdka,750mL,1,10.99,10.99,2024-02-26,750.0,1,0.79,3252,E & J GALLO WINERY         
66_EANVERNESS_3444,66,3444,Hornitos Plata Tequila,1.75L,1,32.99,32.99,2024-06-12,1750.0,1,1.84,12546,JIM BEAM BRANDS COMPANY    
10_HORNSEY_46489,10,46489,Eppa Red Sangria Organic,750mL,1,12.99,12.99,2024-07-13,750.0,2,0.11,4425,MARTIGNETTI COMPANIES
7_STANMORE_5447,7,5447,Jagermeister Liqueur,375mL,3,29.97,9.99,2024-10-14,375.0,1,1.18,3089,SIDNEY FRANK IMPORTING CO  
76_DONCASTER_3583,76,3583,Smirnoff Orange Vodka,1.75L,1,18.99,18.99,2024-11-28,1750.0,1,1.84,3960,DIAGEO NORTH AMERICA INC   
34_PITMERDEN_15138,34,15138,Black Stallion Cab Svgn Napa,750mL,5,124.95,24.99,2024-12-24,750.0,2,0.56,2242,DELICATO VINEYARDS INC     
73_DONCASTER_63,73,63,Herradura Reposado Tequila,750mL,1,38.99,38.99,2024-07-25,750.0,1,0.79,1128,BROWN-FORMAN CORP          
74_PAENTMARWY_4945,74,4945,Jacquin Ginger Brandy,750mL,4,41.96,10.49,2024-09-28,750.0,1,3.15,4380,CHARLES JACQUIN ET CIE INC 
20_BREDWARDINE_1515,20,1515,Old Overholt,750mL,1,13.99,13.99,2024-01-21,750.0,1,0.79,12546,JIM BEAM BRANDS COMPANY    
23_ARBINGTON_40559,23,40559,McManis Cab Svgn Cal,750mL,1,10.99,10.99,2024-01-26,750.0,2,0.11,653,STATE WINE & SPIRITS   
43_WOLFORD_3980,43,3980,Hornitos Reposado Tequila,1.75L,2,79.98,39.99,2024-04-07,1750.0,1,3.67,12546,JIM BEAM BRANDS COMPANY    
76_DONCASTER_10420,76,10420,Barefoot Moscato Cal,750mL,9,44.91,4.99,2024-12-11,750.0,2,1.01,3252,E & J GALLO WINERY         
76_DONCASTER_2646,76,2646,Chivas Regal,1.75L,1,59.99,59.99,2024-01-29,1750.0,1,1.84,17035,PERNOD RICARD USA          
72_HARDERSFIELD_8961,72,8961,Jose Cuervo Especial,50mL,7,10.43,1.49,2024-05-21,50.0,1,0.37,7245,PROXIMO SPIRITS INC.       
66_EANVERNESS_16327,66,16327,Black Box Merlot,500mL,1,3.99,3.99,2024-05-08,500.0,2,0.08,1392,CONSTELLATION BRANDS INC   
50_MOUNTMEND_1174,50,1174,Rebel Yell,1.75L,1,19.99,19.99,2024-07-08,1750.0,1,1.84,8352,LUXCO INC                  
14_BROMWICH_4201,14,4201,Calico Jack Silver Rum,1.75L,1,12.99,12.99,2024-09-08,1750.0,1,1.84,12546,JIM BEAM BRANDS COMPANY    
57_LANTEGLOS_4932,57,4932,Arrow Ginger Brandy,750mL,1,7.99,7.99,2024-12-13,750.0,1,0.79,8352,LUXCO INC                  
61_AETHELNEY_2366,61,2366,Templeton Rye Whiskey,750mL,1,36.99,36.99,2024-02-14,750.0,1,0.79,9165,ULTRA BEVERAGE COMPANY LLP 
79_BALLYMENA_3606,79,3606,Smirnoff Raspberry Vodka,50mL,7,6.93,0.99,2024-05-18,50.0,1,0.37,3960,DIAGEO NORTH AMERICA INC   
48_NORFOLK_4227,48,4227,Bacardi Superior Rum Trav,1.75L,14,251.86,17.99,2024-02-13,1750.0,1,25.72,480,BACARDI USA INC            
23_ARBINGTON_23739,23,23739,Liberty School Cab Svgn,750mL,1,14.99,14.99,2024-12-16,750.0,2,0.11,4425,MARTIGNETTI COMPANIES
34_PITMERDEN_8424,34,8424,1800 Coconut Tequila,750mL,3,68.97,22.99,2024-07-16,750.0,1,2.36,7245,PROXIMO SPIRITS INC.       
68_SOLARIS_32907,68,32907,Sterling Vintners Cltn Chard,750mL,2,19.98,9.99,2024-06-11,750.0,2,0.22,1590,DIAGEO CHATEAU ESTATE WINES
67_EANVERNESS_8680,67,8680,Crown Royal,1.75L,1,39.99,39.99,2024-05-05,1750.0,1,1.84,3960,DIAGEO NORTH AMERICA INC   
38_GOULCREST_22087,38,22087,Juxtapoz Red North Cst,750mL,1,14.99,14.99,2024-08-31,750.0,2,0.11,2242,DELICATO VINEYARDS INC     
66_EANVERNESS_4662,66,4662,Capt Morgan White PET,1.75L,3,59.97,19.99,2024-07-03,1750.0,1,5.51,3960,DIAGEO NORTH AMERICA INC   
53_HILLFAR_24612,53,24612,Estancia Pnt Nr Monterey,750mL,2,18.98,9.49,2024-08-19,750.0,2,0.22,1392,CONSTELLATION BRANDS INC   
34_PITMERDEN_1892,34,1892,Yukon Jack,50mL,21,20.79,0.99,2024-06-08,50.0,1,1.1,3960,DIAGEO NORTH AMERICA INC   
24_PALPERROTH_37071,24,37071,Caymus Conundrum White,750mL,1,22.99,22.99,2024-02-26,750.0,2,0.11,4425,MARTIGNETTI COMPANIES
76_DONCASTER_3345,76,3345,Bombay Sapphire Gin,50mL,1,1.99,1.99,2024-03-26,50.0,1,0.05,480,BACARDI USA INC            
15_WANBORNE_8673,15,8673,Skinnygirl Margarita,750mL,1,9.99,9.99,2024-07-24,750.0,1,0.79,12546,JIM BEAM BRANDS COMPANY    
79_BALLYMENA_26463,79,26463,Ravenswood Vints Blend Znfdl,750mL,1,7.99,7.99,2024-03-23,750.0,2,0.11,1392,CONSTELLATION BRANDS INC   
9_BLACKPOOL_44719,9,44719,Cavit Prosecco Lunetta,750mL,8,71.92,8.99,2024-04-01,750.0,2,0.9,6785,PALM BAY INTERNATIONAL INC 
50_MOUNTMEND_19381,50,19381,O Wines Chard,750mL,1,10.49,10.49,2024-01-24,750.0,2,0.11,8673,STE MICHELLE WINE ESTATES  
76_DONCASTER_8000,76,8000,The Glenlivet 12 Yr Single,1.75L,4,275.96,68.99,2024-05-14,1750.0,1,7.35,17035,PERNOD RICARD USA          
66_EANVERNESS_32367,66,32367,Cavit Pinot Noir Delle Vene,750mL,1,6.99,6.99,2024-01-17,750.0,2,0.11,6785,PALM BAY INTERNATIONAL INC 
59_CLAETHORPES_8513,59,8513,Baileys Irish Cream Mini's 4,100mL 4 Pk,1,10.99,10.99,2024-07-11,100.0,1,0.1,3960,DIAGEO NORTH AMERICA INC   
33_HORNSEY_38549,33,38549,Stemmari Nero D'Avola,750mL,1,6.99,6.99,2024-08-19,750.0,2,0.11,9165,ULTRA BEVERAGE COMPANY LLP 
25_CAERSHIRE_8680,25,8680,Crown Royal,1.75L,1,38.99,38.99,2024-03-29,1750.0,1,1.84,3960,DIAGEO NORTH AMERICA INC   
15_WANBORNE_12666,15,12666,Carpineto Dogajolo Tuscan Wh,750mL,1,9.99,9.99,2024-01-19,750.0,2,0.11,9165,ULTRA BEVERAGE COMPANY LLP 
40_BULLMAR_4130,40,4130,Kraken Black Spiced Rum,375mL,1,11.99,11.99,2024-12-29,375.0,1,0.39,7245,PROXIMO SPIRITS INC.       
24_PALPERROTH_3837,24,3837,Skyy Vodka,50mL,2,1.98,0.99,2024-06-11,50.0,1,0.1,11567,CAMPARI AMERICA            
69_MOUNTMEND_8523,69,8523,Glen Ellen Chard RSV,750mL,1,4.99,4.99,2024-05-31,750.0,2,0.11,9815,WINE GROUP INC             
54_GUTHRAM_1232,54,1232,Jack Daniels No 7 Black,750mL,4,87.96,21.99,2024-11-18,750.0,1,3.15,1128,BROWN-FORMAN CORP          
41_LARNWICK_5872,41,5872,Godiva Chocolate Liqueur,50mL,3,8.97,2.99,2024-10-05,50.0,1,0.16,3960,DIAGEO NORTH AMERICA INC   
50_MOUNTMEND_19977,50,19977,Hideyoshi Namacho Honjozo Sa,300mL,1,10.99,10.99,2024-11-15,300.0,2,0.04,7153,PINE STATE TRADING CO      
67_EANVERNESS_2828,67,2828,Tom Cat Barrel Aged Gin,750mL,1,44.99,44.99,2024-10-11,750.0,1,0.79,1273,CALEDONIA SPIRITS INC      
79_BALLYMENA_41034,79,41034,Menage a Trois Red,750mL,3,29.97,9.99,2024-02-18,750.0,2,0.34,8892,TRINCHERO FAMILY ESTATES   
34_PITMERDEN_38441,34,38441,Toasted Head Cab Svgn,750mL,1,10.99,10.99,2024-03-23,750.0,2,0.11,1392,CONSTELLATION BRANDS INC   
69_MOUNTMEND_3372,69,3372,Smirnoff Sourced Pineapple,750mL,1,9.49,9.49,2024-12-21,750.0,1,0.79,3960,DIAGEO NORTH AMERICA INC   
61_AETHELNEY_31320,61,31320,La Vieille Ferme Rose Vntoux,750mL,1,8.99,8.99,2024-06-16,750.0,2,0.11,1587,VINEYARD BRANDS INC        
66_EANVERNESS_41222,66,41222,C Krug Svgn Bl Napa,750mL,2,33.98,16.99,2024-11-01,750.0,2,0.22,2000,SOUTHERN WINE & SPIRITS NE 
27_MOUNTMEND_39335,27,39335,Phillips Seven Deadly Znfdl,750mL,1,14.99,14.99,2024-09-06,750.0,2,0.11,4425,MARTIGNETTI COMPANIES
54_GUTHRAM_5628,54,5628,Baja Rosa Strawberry Liqueur,750mL,1,9.99,9.99,2024-08-27,750.0,1,0.79,8004,SAZERAC CO INC             
30_CULCHETH_3325,30,3325,Pinnacle Caramel Apple Vodka,750mL,2,21.98,10.99,2024-10-14,750.0,1,1.57,12546,JIM BEAM BRANDS COMPANY    
10_HORNSEY_8370,10,8370,Chi Chi's Margarita,1.75L,1,8.99,8.99,2024-12-22,1750.0,1,1.84,660,SAZERAC NORTH AMERICA INC. 
41_LARNWICK_8367,41,8367,Carlo Rossi Rhine Calif,4L,2,29.98,14.99,2024-11-28,4000.0,2,1.2,3252,E & J GALLO WINERY         
38_GOULCREST_29077,38,29077,Pine Ridge Chn Bl/Viognier,750mL,1,13.99,13.99,2024-08-28,750.0,2,0.11,4425,MARTIGNETTI COMPANIES
10_HORNSEY_1064,10,1064,Jack Daniels Honey + Glass,750mL,1,22.99,22.99,2024-07-11,750.0,1,0.79,1128,BROWN-FORMAN CORP          
77_TAMWORTH_18653,77,18653,Fuki Plum Wine,750mL,1,11.99,11.99,2024-06-09,750.0,2,0.11,7153,PINE STATE TRADING CO      
7_STANMORE_8171,7,8171,Leroux Blackberry Brandy,50mL,1,0.99,0.99,2024-02-17,50.0,1,0.05,12546,JIM BEAM BRANDS COMPANY    
9_BLACKPOOL_19357,9,19357,Kendall Jackson Vntnr Rsv Ch,375mL,1,5.99,5.99,2024-12-22,375.0,2,0.06,10000,MAJESTIC FINE WINES        
48_NORFOLK_2656,48,2656,Cutty Sark,1.75L,1,24.99,24.99,2024-11-18,1750.0,1,1.84,2561,EDRINGTON AMERICAS         
33_HORNSEY_34133,33,34133,Turning Leaf RSV Cab Svgn,1.5L,1,8.99,8.99,2024-01-24,1500.0,2,0.22,3252,E & J GALLO WINERY         
11_CARDEND_3209,11,3209,Hammer & Sickle Vodka,750mL,1,19.99,19.99,2024-07-11,750.0,1,0.79,4550,KLIN SPIRITS LLC           
66_EANVERNESS_4124,66,4124,Blue Chair Bay Banana Cream,50mL,12,11.88,0.99,2024-12-03,50.0,1,0.63,6213,MHW LTD                    
47_PELLA'S WISH_5396,47,5396,Tia Maria Coffee Liqueur,750mL,1,17.99,17.99,2024-10-20,750.0,1,0.79,4692,KOBRAND CORPORATION        
56_BEGGAR'S HOLE_3820,56,3820,Smirnoff Citrus Vodka,1.75L,1,19.99,19.99,2024-05-31,1750.0,1,1.84,3960,DIAGEO NORTH AMERICA INC   
50_MOUNTMEND_2880,50,2880,Bird Dog Chocolate Whiskey,750mL,2,31.98,15.99,2024-04-16,750.0,1,1.57,9625,WESTERN SPIRITS BEVERAGE CO
73_DONCASTER_14672,73,14672,Duckhorn Decoy Cab Svgn,750mL,33,559.35,16.95,2024-11-19,750.0,2,3.71,4425,MARTIGNETTI COMPANIES
76_DONCASTER_32065,76,32065,Rosemount Cab Svgn/Merlot,750mL,2,13.98,6.99,2024-01-22,750.0,2,0.22,4425,MARTIGNETTI COMPANIES
10_HORNSEY_27567,10,27567,Zenato Pinot Grigio Veneto,750mL,2,23.98,11.99,2024-04-19,750.0,2,0.22,2000,SOUTHERN WINE & SPIRITS NE 
23_ARBINGTON_3505,23,3505,Tito's Handmade Vodka,750mL,2,37.98,18.99,2024-07-27,750.0,1,1.57,4425,MARTIGNETTI COMPANIES
64_CESTERFIELD_28889,64,28889,Peter Vella Chard Cal B/B,5L,1,15.49,15.49,2024-08-13,5000.0,2,0.75,3252,E & J GALLO WINERY         
60_IRRAGIN_3161,60,3161,New Amsterdam Red Berry,750mL,1,9.99,9.99,2024-06-06,750.0,1,0.79,3252,E & J GALLO WINERY         
73_DONCASTER_5396,73,5396,Tia Maria Coffee Liqueur,750mL,1,16.99,16.99,2024-01-08,750.0,1,0.79,4692,KOBRAND CORPORATION        
21_BALERNO_4040,21,4040,Clement Select Barrel Rhum,750mL,1,28.99,28.99,2024-04-11,750.0,1,0.79,9165,ULTRA BEVERAGE COMPANY LLP 
39_EASTHALLOW_3344,39,3344,Bombay Sapphire Gin,750mL,2,39.98,19.99,2024-07-06,750.0,1,1.57,480,BACARDI USA INC            
76_DONCASTER_1158,76,1158,Old New England Choc Egg Nog,750mL,2,13.98,6.99,2024-11-04,750.0,1,1.57,9552,M S WALKER INC             
19_WINTERVALE_8838,19,8838,Ch Ste Michelle Cab Svgn Col,750mL,1,13.99,13.99,2024-06-04,750.0,2,0.11,8673,STE MICHELLE WINE ESTATES  
15_WANBORNE_6879,15,6879,Maurice's Mentholated Mint,50mL,2,1.98,0.99,2024-02-19,50.0,1,0.1,9552,M S WALKER INC             
43_WOLFORD_8451,43,8451,Cruzan Aged Dark Rum,1.75L,1,16.99,16.99,2024-05-27,1750.0,1,1.84,12546,JIM BEAM BRANDS COMPANY    
67_EANVERNESS_40053,67,40053,Campo Viejo Tempranillo,750mL,1,10.99,10.99,2024-07-02,750.0,2,0.11,17035,PERNOD RICARD USA          
71_CLARCTON_15252,71,15252,Bota Mini Chard,500mL,1,3.99,3.99,2024-12-15,500.0,2,0.08,2242,DELICATO VINEYARDS INC     
44_PORTHCRAWL_8828,44,8828,Lunazul Blanco Tequila,750mL,1,13.99,13.99,2024-12-23,750.0,1,0.79,3924,HEAVEN HILL DISTILLERIES   
38_GOULCREST_8190,38,8190,Gran Centenario Rosangel,750mL,1,15.99,15.99,2024-09-22,750.0,1,0.79,7245,PROXIMO SPIRITS INC.       
73_DONCASTER_2120,73,2120,Canadian Club,1.75L,28,447.72,15.99,2024-08-12,1750.0,1,51.45,12546,JIM BEAM BRANDS COMPANY    
33_HORNSEY_3837,33,3837,Skyy Vodka,50mL,27,26.73,0.99,2024-10-31,50.0,1,1.42,11567,CAMPARI AMERICA            
13_TARMSWORTH_12747,13,12747,Barefoot Cellars Pnt Nr,750mL,1,6.29,6.29,2024-07-22,750.0,2,0.11,3252,E & J GALLO WINERY         
79_BALLYMENA_8298,79,8298,Skinnygirl Grapefruit Marg,750mL,1,10.99,10.99,2024-12-22,750.0,1,0.79,12546,JIM BEAM BRANDS COMPANY    
12_LEESIDE_13430,12,13430,Agua de Piedra Malbec Selccn,750mL,1,10.99,10.99,2024-09-23,750.0,2,0.11,7153,PINE STATE TRADING CO      
17_OLDHAM_5891,17,5891,Ryans Irish Cream,1.75L,1,15.99,15.99,2024-11-18,1750.0,1,1.84,8004,SAZERAC CO INC             
6_GOULCREST_2030,6,2030,Glen Moray 12 Yr Scotch,750mL,1,30.99,30.99,2024-09-03,750.0,1,0.79,7153,PINE STATE TRADING CO      
55_DRY GULCH_6570,55,6570,Kendall Jackson Chard Vt RSV,750mL,24,238.8,9.95,2024-01-02,750.0,2,2.7,10000,MAJESTIC FINE WINES        
76_DONCASTER_26285,76,26285,Moet & Chandon Imperial,1.5L,1,79.99,79.99,2024-07-08,1500.0,2,0.22,8112,MOET HENNESSY USA INC      
19_WINTERVALE_1003,19,1003,Crown Royal +2 Reusable Cups,750mL,1,22.99,22.99,2024-11-30,750.0,1,0.79,3960,DIAGEO NORTH AMERICA INC   
59_CLAETHORPES_8671,59,8671,Appleton Est VX Jamaican Rum,750mL,1,21.99,21.99,2024-02-26,750.0,1,0.79,11567,CAMPARI AMERICA            
4_EANVERNESS_5714,4,5714,Jose Cuervo Lime Margarita,200mL 4 Pk,1,9.99,9.99,2024-10-14,200.0,1,0.21,7245,PROXIMO SPIRITS INC.       
66_EANVERNESS_18232,66,18232,Shatter Grenache VdP Catalan,750mL,2,39.98,19.99,2024-04-10,750.0,2,0.22,8892,TRINCHERO FAMILY ESTATES   
34_PITMERDEN_1868,34,1868,Lagavulin Single Malt 16-Yr,750mL,2,139.98,69.99,2024-07-23,750.0,1,1.57,3960,DIAGEO NORTH AMERICA INC   
74_PAENTMARWY_8172,74,8172,DK Burst Blustery Peppermint,50mL,4,3.96,0.99,2024-11-02,50.0,1,0.21,12546,JIM BEAM BRANDS COMPANY    
27_MOUNTMEND_12213,27,12213,Evodia Garnacha Old Vine,750mL,2,15.98,7.99,2024-02-17,750.0,2,0.22,9552,M S WALKER INC             
68_SOLARIS_25269,68,25269,R Mondavi Cab Svgn Pvt Sel,750mL,3,20.94,6.98,2024-10-11,750.0,2,0.34,1392,CONSTELLATION BRANDS INC   
51_ABERDEEN_8921,51,8921,Sterling Cab Svgn,750mL,1,18.99,18.99,2024-07-09,750.0,2,0.11,1590,DIAGEO CHATEAU ESTATE WINES
25_CAERSHIRE_16891,25,16891,The Seeker Svgn Bl,750mL,1,11.99,11.99,2024-02-09,750.0,2,0.11,4692,KOBRAND CORPORATION        
16_LUNDY_3859,16,3859,Smirnoff 80 Proof,375mL,1,8.99,8.99,2024-11-13,375.0,1,0.39,3960,DIAGEO NORTH AMERICA INC   
18_FURNESS_2212,18,2212,Canadian Rich & Rare,1.75L,1,10.99,10.99,2024-10-12,1750.0,1,1.84,8004,SAZERAC CO INC             
71_CLARCTON_4246,71,4246,Bacardi Superior Rum,375mL,2,10.98,5.49,2024-12-24,375.0,1,0.79,480,BACARDI USA INC            
4_EANVERNESS_15922,4,15922,Primo Amore Moscato,750mL,3,29.97,9.99,2024-12-24,750.0,2,0.34,4425,MARTIGNETTI COMPANIES
65_LUTON_32648,65,32648,Beringer Classic Wh Znfdl,1.5L,1,7.99,7.99,2024-12-23,1500.0,2,0.22,9819,TREASURY WINE ESTATES      
15_WANBORNE_2549,15,2549,WhistlePig 10Yr Rye,375mL,1,44.99,44.99,2024-01-16,375.0,1,0.39,10754,PERFECTA WINES             
34_PITMERDEN_3235,34,3235,Absolut Berri Acai,750mL,1,17.99,17.99,2024-04-27,750.0,1,0.79,17035,PERNOD RICARD USA          
59_CLAETHORPES_24686,59,24686,Barco Negro Douro,750mL,3,23.97,7.99,2024-02-04,750.0,2,0.34,9165,ULTRA BEVERAGE COMPANY LLP 
56_BEGGAR'S HOLE_3608,56,3608,Smirnoff Orange Vodka,50mL,2,1.98,0.99,2024-05-19,50.0,1,0.1,3960,DIAGEO NORTH AMERICA INC   
64_CESTERFIELD_4804,64,4804,Rhum Barbancourt RSV Special,750mL,1,16.99,16.99,2024-05-18,750.0,1,0.79,6213,MHW LTD                    
50_MOUNTMEND_2645,50,2645,Chivas Regal,750mL,1,31.99,31.99,2024-07-16,750.0,1,0.79,17035,PERNOD RICARD USA          
73_DONCASTER_8131,73,8131,Lillet White French Aperiti,750mL,2,35.98,17.99,2024-07-28,750.0,2,0.22,17035,PERNOD RICARD USA          
50_MOUNTMEND_8184,50,8184,Kahlua,50mL,4,7.96,1.99,2024-05-19,50.0,1,0.21,17035,PERNOD RICARD USA          
66_EANVERNESS_27065,66,27065,David Bruce Pnt Nr Sonoma,750mL,1,34.99,34.99,2024-08-13,750.0,2,0.11,4425,MARTIGNETTI COMPANIES
60_IRRAGIN_8066,60,8066,DeKuyper Triple Sec,1.75L,1,8.99,8.99,2024-11-10,1750.0,1,1.84,12546,JIM BEAM BRANDS COMPANY    
19_WINTERVALE_2834,19,2834,Old Smuggler P E T,1.75L,1,16.99,16.99,2024-08-25,1750.0,1,1.84,8320,SHAW ROSS INT L IMP LTD    
45_VERITAS_1883,45,1883,Seagrams 7 Crown,1.75L,4,71.96,17.99,2024-04-09,1750.0,1,7.35,3960,DIAGEO NORTH AMERICA INC   
38_GOULCREST_33873,38,33873,Bella Sera Pnt Grigio Del,750mL,1,6.49,6.49,2024-02-04,750.0,2,0.11,3252,E & J GALLO WINERY         
50_MOUNTMEND_5356,50,5356,Kahlua,375mL,1,9.99,9.99,2024-04-29,375.0,1,0.39,17035,PERNOD RICARD USA          
76_DONCASTER_2644,76,2644,Chivas Regal 18-Yr Scotch,750mL,1,69.99,69.99,2024-08-04,750.0,1,0.79,17035,PERNOD RICARD USA          
68_SOLARIS_43808,68,43808,R M Woodbridge Pnt Nr Cal,750mL,3,14.85,4.95,2024-09-10,750.0,2,0.34,1392,CONSTELLATION BRANDS INC   
64_CESTERFIELD_3246,64,3246,Bentley's Vodka,1.75L,4,35.16,8.79,2024-12-10,1750.0,1,7.35,8004,SAZERAC CO INC             
6_GOULCREST_26285,6,26285,Moet & Chandon Imperial,1.5L,1,79.99,79.99,2024-10-08,1500.0,2,0.22,8112,MOET HENNESSY USA INC      
66_EANVERNESS_8553,66,8553,Dekuyper Blue Curacao,750mL,1,6.99,6.99,2024-09-01,750.0,1,0.79,12546,JIM BEAM BRANDS COMPANY    
69_MOUNTMEND_14631,69,14631,Dom Serene Yamhill Cv Pnt Nr,750mL,1,36.99,36.99,2024-02-04,750.0,2,0.11,9165,ULTRA BEVERAGE COMPANY LLP 
22_SHARNWICK_1520,22,1520,Pinnacle Vodka Cane 4/50mls,50mL 4 Pk,1,3.99,3.99,2024-10-29,50.0,1,0.05,12546,JIM BEAM BRANDS COMPANY    
3_HORNSEY_8726,3,8726,Baileys Irish Cream,50mL,4,7.96,1.99,2024-10-08,50.0,1,0.21,3960,DIAGEO NORTH AMERICA INC   
42_BLACK HOLLOW_2753,42,2753,Johnnie Walker Black Label,1.75L,1,59.99,59.99,2024-06-16,1750.0,1,1.84,3960,DIAGEO NORTH AMERICA INC   
50_MOUNTMEND_3443,50,3443,Stolichnaya,375mL,1,8.99,8.99,2024-12-28,375.0,1,0.39,8664,"STOLI GROUP,(USA) LLC      "
48_NORFOLK_35471,48,35471,R M Woodbridge Pnt Grigio,750mL,6,29.7,4.95,2024-09-09,750.0,2,0.68,1392,CONSTELLATION BRANDS INC   
62_KILMARNOCK_1355,62,1355,Knob Creek Bourbon,50mL,4,15.96,3.99,2024-05-21,50.0,1,0.21,12546,JIM BEAM BRANDS COMPANY    
74_PAENTMARWY_43223,74,43223,Ch Beauchene Cotes du Rhone,750mL,2,17.98,8.99,2024-02-06,750.0,2,0.22,10754,PERFECTA WINES             
4_EANVERNESS_35664,4,35664,Redwood Creek Cab Svgn Cal,1.5L,1,9.99,9.99,2024-02-23,1500.0,2,0.22,3252,E & J GALLO WINERY         
55_DRY GULCH_8485,55,8485,Gozio Amaretto,750mL,1,22.99,22.99,2024-09-16,750.0,1,0.79,1485,CASTLE BRANDS CORP.        
47_PELLA'S WISH_44228,47,44228,Clean Slate Rsl Mosel,750mL,4,55.96,13.99,2024-03-04,750.0,2,0.45,7153,PINE STATE TRADING CO      
7_STANMORE_12203,7,12203,Cavit Prosecco Lunetta,187mL 3 Pk,8,79.92,9.99,2024-08-26,187.0,2,0.22,6785,PALM BAY INTERNATIONAL INC 
34_PITMERDEN_19870,34,19870,Yellow Tail Sangria,1.5L,9,80.55,8.95,2024-03-28,1500.0,2,2.02,4425,MARTIGNETTI COMPANIES
23_ARBINGTON_19074,23,19074,Roaring Meg Pnt Nr,750mL,2,41.98,20.99,2024-03-25,750.0,2,0.22,90024,VINILANDIA USA             
60_IRRAGIN_3349,60,3349,Russian Standard Vodka,50mL,1,0.99,0.99,2024-02-23,50.0,1,0.05,10050,Russian Standard Vodka     
72_HARDERSFIELD_3781,72,3781,Three Olives Vanilla Vodka,750mL,1,12.99,12.99,2024-01-17,750.0,1,0.79,7245,PROXIMO SPIRITS INC.       
60_IRRAGIN_15548,60,15548,Seaglass Chard,750mL,2,17.98,8.99,2024-11-23,750.0,2,0.22,8892,TRINCHERO FAMILY ESTATES   
38_GOULCREST_6918,38,6918,Franzia Tap Cab Svgn,5L,1,15.99,15.99,2024-11-28,5000.0,2,0.75,9815,WINE GROUP INC             
25_CAERSHIRE_4246,25,4246,Bacardi Superior Rum,375mL,2,10.98,5.49,2024-12-15,375.0,1,0.79,480,BACARDI USA INC            
15_WANBORNE_5337,15,5337,Drambuie,750mL,1,26.99,26.99,2024-11-07,750.0,1,0.79,3664,WILLIAM GRANT & SONS INC   
62_KILMARNOCK_27735,62,27735,Bogle Cab Svgn Cal,750mL,2,21.98,10.99,2024-06-18,750.0,2,0.22,4425,MARTIGNETTI COMPANIES
10_HORNSEY_2435,10,2435,Crown Royal RSV,750mL,1,38.99,38.99,2024-08-06,750.0,1,0.79,3960,DIAGEO NORTH AMERICA INC   
49_GARIGILL_1269,49,1269,Jeffersons Bourbon,750mL,1,26.99,26.99,2024-03-13,750.0,1,0.79,1485,CASTLE BRANDS CORP.        
12_LEESIDE_2665,12,2665,Dewars White Label,750mL,3,59.97,19.99,2024-04-02,750.0,1,2.36,480,BACARDI USA INC            
11_CARDEND_38502,11,38502,Ruffino Lumina Pnt Grigio,750mL,4,31.96,7.99,2024-05-25,750.0,2,0.45,1392,CONSTELLATION BRANDS INC   
16_LUNDY_2143,16,2143,Canadian Mist,1.75L,1,12.99,12.99,2024-07-28,1750.0,1,1.84,1128,BROWN-FORMAN CORP          
66_EANVERNESS_42099,66,42099,Bota Box Pnt Grigio Cal,3L,4,71.96,17.99,2024-05-14,3000.0,2,1.8,2242,DELICATO VINEYARDS INC     
73_DONCASTER_24621,73,24621,Cline Chard Sonoma Cst,750mL,1,11.99,11.99,2024-06-06,750.0,2,0.11,4425,MARTIGNETTI COMPANIES
72_HARDERSFIELD_44334,72,44334,Noble Vines 337 Cab Svgn,750mL,2,29.98,14.99,2024-09-30,750.0,2,0.22,2242,DELICATO VINEYARDS INC     
74_PAENTMARWY_4662,74,4662,Capt Morgan White PET,1.75L,1,19.99,19.99,2024-07-24,1750.0,1,1.84,3960,DIAGEO NORTH AMERICA INC   
58_HARTLEPOOL_6937,58,6937,Cavit Pinot Grigio,1.5L,6,59.94,9.99,2024-08-07,1500.0,2,1.35,6785,PALM BAY INTERNATIONAL INC 
50_MOUNTMEND_11440,50,11440,Peter Vella Sangria B/B,5L,1,14.99,14.99,2024-07-14,5000.0,2,0.75,3252,E & J GALLO WINERY         
78_EASTHAVEN_5828,78,5828,Ryans Irish Cream,750mL,1,8.99,8.99,2024-06-08,750.0,1,0.79,8004,SAZERAC CO INC             
32_MOUNTMEND_40337,32,40337,Da Vinci Chianti Tuscany,750mL,1,9.99,9.99,2024-07-09,750.0,2,0.11,3252,E & J GALLO WINERY         
14_BROMWICH_5042,14,5042,Tequila Rose Liqueur,750mL,1,14.99,14.99,2024-02-08,750.0,1,0.79,5992,MCCORMICK DISTILLING CO    
74_PAENTMARWY_18642,74,18642,Yellow Tail Pink Moscato,1.5L,1,8.95,8.95,2024-08-27,1500.0,2,0.22,4425,MARTIGNETTI COMPANIES
34_PITMERDEN_3679,34,3679,Chopin Vodka,750mL,3,65.97,21.99,2024-02-14,750.0,1,2.36,6213,MHW LTD                    
11_CARDEND_8515,11,8515,Baileys Chocolate Cherry,750mL,1,21.99,21.99,2024-06-16,750.0,1,0.79,3960,DIAGEO NORTH AMERICA INC   
42_BLACK HOLLOW_7341,42,7341,Smirnoff Watermelon,50mL,5,4.95,0.99,2024-10-19,50.0,1,0.26,3960,DIAGEO NORTH AMERICA INC   
37_PAETHSMOUTH_2665,37,2665,Dewars White Label,750mL,1,19.99,19.99,2024-12-07,750.0,1,0.79,480,BACARDI USA INC            
28_LARNWICK_31465,28,31465,Franzia Tap Chard,5L,1,15.99,15.99,2024-01-07,5000.0,2,0.75,9815,WINE GROUP INC             
44_PORTHCRAWL_3584,44,3584,Absolut Raspberri,750mL,1,16.99,16.99,2024-08-25,750.0,1,0.79,17035,PERNOD RICARD USA          
30_CULCHETH_7077,30,7077,Smirnoff Strawberry Vodka,50mL,8,7.92,0.99,2024-07-12,50.0,1,0.42,3960,DIAGEO NORTH AMERICA INC   
65_LUTON_7221,65,7221,M & R Sweet Vermouth,1.5L,1,10.49,10.49,2024-11-21,1500.0,2,0.22,480,BACARDI USA INC            
38_GOULCREST_27259,38,27259,Cooper & Thief Cellarmasters,750mL,2,49.98,24.99,2024-11-05,750.0,2,0.22,1392,CONSTELLATION BRANDS INC   
54_GUTHRAM_8448,54,8448,Cruzan Aged Dark Rum,750mL,2,19.98,9.99,2024-05-28,750.0,1,1.57,12546,JIM BEAM BRANDS COMPANY    
1_HARDERSFIELD_6694,1,6694,Lindemans Bin 65 Chard,750mL,1,7.99,7.99,2024-09-02,750.0,2,0.11,4425,MARTIGNETTI COMPANIES
11_CARDEND_39384,11,39384,F Coppola Diamond Pnt Nr,750mL,4,51.8,12.95,2024-02-10,750.0,2,0.45,2000,SOUTHERN WINE & SPIRITS NE 
63_SWORDBREAK_4882,63,4882,Arrow Coffee Brandy,750mL,3,19.47,6.49,2024-05-20,750.0,1,2.36,8352,LUXCO INC                  
21_BALERNO_4359,21,4359,Mr Boston Light Rum,1.75L,2,19.98,9.99,2024-06-01,1750.0,1,3.67,660,SAZERAC NORTH AMERICA INC. 
51_ABERDEEN_15105,51,15105,Kendall Jackson Avant Chard,750mL,1,9.99,9.99,2024-12-03,750.0,2,0.11,10000,MAJESTIC FINE WINES        
20_BREDWARDINE_3243,20,3243,Burnetts Vodka,1.75L,2,21.98,10.99,2024-09-03,1750.0,1,3.67,3924,HEAVEN HILL DISTILLERIES   
62_KILMARNOCK_5765,62,5765,Jose Cuervo Lime Margarita,1.75L,1,13.99,13.99,2024-03-24,1750.0,1,1.84,7245,PROXIMO SPIRITS INC.       
64_CESTERFIELD_26450,64,26450,Pere Anselme CDR Rose,750mL,5,59.95,11.99,2024-07-03,750.0,2,0.56,9165,ULTRA BEVERAGE COMPANY LLP 
11_CARDEND_13498,11,13498,Riva Rey Tempranillo,750mL,2,15.98,7.99,2024-03-18,750.0,2,0.22,1587,VINEYARD BRANDS INC        
34_PITMERDEN_4247,34,4247,Bacardi Limon Rum,750mL,3,29.97,9.99,2024-06-03,750.0,1,2.36,480,BACARDI USA INC            
19_WINTERVALE_4075,19,4075,Bacardi Pineapple Fusion,1.75L,1,23.99,23.99,2024-02-18,1750.0,1,1.84,480,BACARDI USA INC            
10_HORNSEY_2547,10,2547,WhistlePig 10Yr Straight Rye,50mL,2,13.98,6.99,2024-08-06,50.0,1,0.1,10754,PERFECTA WINES             
38_GOULCREST_18972,38,18972,Schug Pnt Nr Carneros,375mL,2,21.98,10.99,2024-01-17,375.0,2,0.11,4425,MARTIGNETTI COMPANIES
12_LEESIDE_3522,12,3522,Platinum 7X Distilled Vodka,1.75L,4,51.96,12.99,2024-04-04,1750.0,1,7.35,8004,SAZERAC CO INC             
55_DRY GULCH_8673,55,8673,Skinnygirl Margarita,750mL,2,21.98,10.99,2024-01-22,750.0,1,1.57,12546,JIM BEAM BRANDS COMPANY    
52_GRAYCOTT_2954,52,2954,Highland Park 12 Yr Single,750mL,1,49.99,49.99,2024-03-08,750.0,1,0.79,2561,EDRINGTON AMERICAS         
67_EANVERNESS_1231,67,1231,Jack Daniels No 7 Black,375mL,2,25.98,12.99,2024-09-21,375.0,1,0.79,1128,BROWN-FORMAN CORP          
76_DONCASTER_21685,76,21685,Cameron Hughes Cam Col Cab S,750mL,1,13.99,13.99,2024-04-20,750.0,2,0.11,653,STATE WINE & SPIRITS   
38_GOULCREST_5315,38,5315,B & B Liqueur Dom,750mL,4,99.96,24.99,2024-03-12,750.0,1,3.15,480,BACARDI USA INC            
50_MOUNTMEND_16782,50,16782,Penner-Ash Willamette Pnt Nr,750mL,2,73.98,36.99,2024-12-09,750.0,2,0.22,9165,ULTRA BEVERAGE COMPANY LLP 
76_DONCASTER_46600,76,46600,Primaterra Pnt Grigio,750mL,1,9.99,9.99,2024-05-25,750.0,2,0.11,10754,PERFECTA WINES             
66_EANVERNESS_4223,66,4223,Bacardi Gold Rum,1.75L,2,39.98,19.99,2024-12-31,1750.0,1,3.67,480,BACARDI USA INC            
54_GUTHRAM_7996,54,7996,Stock Italian Sweet Vermouth,750mL,1,5.49,5.49,2024-06-30,750.0,2,0.11,8352,LUXCO INC                  
69_MOUNTMEND_11227,69,11227,Girard Svgn Bl Napa Vly,750mL,1,15.99,15.99,2024-02-20,750.0,2,0.11,4425,MARTIGNETTI COMPANIES
81_PEMBROKE_5365,81,5365,Kahlua,750mL,7,132.93,18.99,2024-12-21,750.0,1,5.51,17035,PERNOD RICARD USA          
13_TARMSWORTH_27835,13,27835,Wild Horse CC Pnt Nr,750mL,1,16.99,16.99,2024-01-21,750.0,2,0.11,1392,CONSTELLATION BRANDS INC   
73_DONCASTER_35412,73,35412,Yellow Tail Chard Ausl,1.5L,1,14.99,14.99,2024-04-14,1500.0,2,0.22,4425,MARTIGNETTI COMPANIES
38_GOULCREST_4881,38,4881,Bacardi Twin Pack 2/750mls,750mL 2 Pk,2,39.98,19.99,2024-01-25,750.0,1,1.57,480,BACARDI USA INC            
76_DONCASTER_28580,76,28580,Silverado Chard,750mL,1,25.99,25.99,2024-09-17,750.0,2,0.11,4425,MARTIGNETTI COMPANIES
75_BARNCOMBE_17176,75,17176,Beringer Classic Chard,1.5L,1,9.99,9.99,2024-04-05,1500.0,2,0.22,9819,TREASURY WINE ESTATES      
33_HORNSEY_8678,33,8678,Banfi Chianti Clsc RSV,750mL,1,16.99,16.99,2024-12-28,750.0,2,0.11,516,BANFI PRODUCTS CORP        
11_CARDEND_6319,11,6319,Santa Cristina Toscana,750mL,1,10.99,10.99,2024-07-20,750.0,2,0.11,8673,STE MICHELLE WINE ESTATES  
33_HORNSEY_13708,33,13708,Bota Box Cab Svgn,3L,2,35.98,17.99,2024-06-20,3000.0,2,0.9,2242,DELICATO VINEYARDS INC     
28_LARNWICK_6933,28,6933,Ch Ste Michelle Svgn Bl,750mL,2,15.9,7.95,2024-08-16,750.0,2,0.22,8673,STE MICHELLE WINE ESTATES  
6_GOULCREST_2465,6,2465,Crown Royal Mini,50mL,2,5.98,2.99,2024-01-09,50.0,1,0.1,3960,DIAGEO NORTH AMERICA INC   
75_BARNCOMBE_1692,75,1692,Everclear 151,750mL,1,19.99,19.99,2024-03-19,750.0,1,0.79,8352,LUXCO INC                  
73_DONCASTER_21259,73,21259,Paul Hobbs Crossbarn Rose PN,750mL,3,56.97,18.99,2024-03-29,750.0,2,0.34,4425,MARTIGNETTI COMPANIES
60_IRRAGIN_3276,60,3276,Gordons London Dry,1.75L,5,74.95,14.99,2024-02-26,1750.0,1,9.19,3960,DIAGEO NORTH AMERICA INC   
65_LUTON_3423,65,3423,Beefeater,1.75L,1,26.99,26.99,2024-02-15,1750.0,1,1.84,17035,PERNOD RICARD USA          
75_BARNCOMBE_4626,75,4626,Meukow VS Cognac,750mL,1,24.49,24.49,2024-02-04,750.0,1,0.79,660,SAZERAC NORTH AMERICA INC. 
62_KILMARNOCK_2164,62,2164,New Amsterdam Gin,1.75L,1,18.99,18.99,2024-07-01,1750.0,1,1.84,3252,E & J GALLO WINERY         
73_DONCASTER_2756,73,2756,Jameson Caskmates,750mL,1,29.99,29.99,2024-04-14,750.0,1,0.79,17035,PERNOD RICARD USA          
63_SWORDBREAK_35393,63,35393,Tohu Svgn Bl Marlboro,750mL,1,12.99,12.99,2024-07-23,750.0,2,0.11,9552,M S WALKER INC             
66_EANVERNESS_27644,66,27644,Cline Znfdl Cal,750mL,1,9.99,9.99,2024-07-09,750.0,2,0.11,4425,MARTIGNETTI COMPANIES
30_CULCHETH_5735,30,5735,Malibu Rum,750mL,1,12.99,12.99,2024-11-25,750.0,1,0.79,17035,PERNOD RICARD USA          
76_DONCASTER_5165,76,5165,Hpnotiq Liqueur,750mL,1,17.99,17.99,2024-01-16,750.0,1,0.79,3924,HEAVEN HILL DISTILLERIES   
67_EANVERNESS_3963,67,3963,Menage A Trois Vodka,750mL,5,54.95,10.99,2024-07-17,750.0,1,3.94,8892,TRINCHERO FAMILY ESTATES   
22_SHARNWICK_10443,22,10443,Charles Smith Kung Fu Girl R,750mL,2,23.98,11.99,2024-12-30,750.0,2,0.22,10754,PERFECTA WINES             
54_GUTHRAM_37822,54,37822,Frescobaldi Chianti RSV Nip,750mL,4,67.96,16.99,2024-08-07,750.0,2,0.45,9165,ULTRA BEVERAGE COMPANY LLP 
75_BARNCOMBE_22143,75,22143,Simi Cab Svgn,750mL,3,41.37,13.79,2024-12-21,750.0,2,0.34,1392,CONSTELLATION BRANDS INC   
41_LARNWICK_37312,41,37312,Salmon Run NY Pnt Nr,750mL,1,14.99,14.99,2024-03-31,750.0,2,0.11,10754,PERFECTA WINES             
6_GOULCREST_14433,6,14433,F Coppola Rosso Bianco Chard,750mL,1,8.99,8.99,2024-03-11,750.0,2,0.11,2000,SOUTHERN WINE & SPIRITS NE 
74_PAENTMARWY_27144,74,27144,Bouchaine Pnt Nr Carneros,750mL,2,35.98,17.99,2024-12-19,750.0,2,0.22,4425,MARTIGNETTI COMPANIES
34_PITMERDEN_9037,34,9037,Prairie Organic Cucumber Vod,750mL,1,15.99,15.99,2024-01-31,750.0,1,0.79,9206,PHILLIPS PRODUCTS CO.      
50_MOUNTMEND_8118,50,8118,Mr Boston Blackberry Brandy,750mL,1,5.99,5.99,2024-03-23,750.0,1,0.79,660,SAZERAC NORTH AMERICA INC. 
54_GUTHRAM_32969,54,32969,Alice White Shiraz Ausl,1.5L,1,13.99,13.99,2024-12-10,1500.0,2,0.22,1392,CONSTELLATION BRANDS INC   
8_ALNERWICK_14805,8,14805,Ninety+Cellars Lot 23 Malbec,750mL,1,8.99,8.99,2024-06-01,750.0,2,0.11,4950,LATITUDE BEVERAGE COMPANY  
74_PAENTMARWY_38771,74,38771,Rob Stuart Big Fire Pnt Gris,750mL,2,29.98,14.99,2024-08-12,750.0,2,0.22,653,STATE WINE & SPIRITS   
69_MOUNTMEND_31277,69,31277,Landmark Overlook Chard,750mL,1,15.99,15.99,2024-11-22,750.0,2,0.11,9552,M S WALKER INC             
56_BEGGAR'S HOLE_8040,56,8040,Bols Blue Curacao,750mL,1,8.99,8.99,2024-09-10,750.0,1,0.79,6213,MHW LTD                    
38_GOULCREST_20968,38,20968,Ninety+Cellars Lot 113 B Red,750mL,2,21.98,10.99,2024-07-25,750.0,2,0.22,4950,LATITUDE BEVERAGE COMPANY  
27_MOUNTMEND_5111,27,5111,Dr McGillicuddy's Mentholmnt,50mL,20,19.8,0.99,2024-02-24,50.0,1,1.05,8004,SAZERAC CO INC             
64_CESTERFIELD_4187,64,4187,Kraken Black Spiced Rum,750mL,1,18.99,18.99,2024-10-06,750.0,1,0.79,7245,PROXIMO SPIRITS INC.       
55_DRY GULCH_4262,55,4262,Capt Morgan Spiced Rum,750mL,1,16.99,16.99,2024-04-29,750.0,1,0.79,3960,DIAGEO NORTH AMERICA INC   
69_MOUNTMEND_8652,69,8652,Grande Absente Absinthe,750mL,1,56.99,56.99,2024-10-26,750.0,1,0.79,6213,MHW LTD                    
6_GOULCREST_1345,6,1345,Basil Hayden Bourbon,750mL,3,113.97,37.99,2024-12-03,750.0,1,2.36,12546,JIM BEAM BRANDS COMPANY    
8_ALNERWICK_4268,8,4268,Capt Morgan Private Stock,750mL,2,45.98,22.99,2024-12-23,750.0,1,1.57,3960,DIAGEO NORTH AMERICA INC   
40_BULLMAR_3405,40,3405,Tito's Handmade Vodka,1.75L,1,29.99,29.99,2024-09-25,1750.0,1,1.84,4425,MARTIGNETTI COMPANIES
15_WANBORNE_5076,15,5076,M Duffau Napoleon Armagnac,750mL,1,35.99,35.99,2024-10-20,750.0,1,0.79,10754,PERFECTA WINES             
73_DONCASTER_8033,73,8033,Jack Daniels No 7 Black,50mL,4,11.96,2.99,2024-09-02,50.0,1,0.21,1128,BROWN-FORMAN CORP          
55_DRY GULCH_5694,55,5694,Ice Box Mudslide,1.75L,1,9.99,9.99,2024-08-09,1750.0,1,1.84,8004,SAZERAC CO INC             
38_GOULCREST_17432,38,17432,Predator Old Vine Znfdl Lodi,750mL,2,29.98,14.99,2024-07-02,750.0,2,0.22,4425,MARTIGNETTI COMPANIES
34_PITMERDEN_37786,34,37786,Lindemans Bin 45 Cab Svgn,1.5L,1,8.99,8.99,2024-02-18,1500.0,2,0.22,4425,MARTIGNETTI COMPANIES
49_GARIGILL_3607,49,3607,Smirnoff Citrus Vodka,50mL,8,7.92,0.99,2024-02-19,50.0,1,0.42,3960,DIAGEO NORTH AMERICA INC   
68_SOLARIS_23270,68,23270,Campo Viejo Gr Cava Brut Rsv,750mL,1,9.99,9.99,2024-10-08,750.0,2,0.11,17035,PERNOD RICARD USA          
66_EANVERNESS_11437,66,11437,Schug Svgn Bl Sonoma Vly,750mL,1,15.99,15.99,2024-11-23,750.0,2,0.11,4425,MARTIGNETTI COMPANIES
23_ARBINGTON_4385,23,4385,Parrot Bay 90 Coconut Capt,1.75L,1,24.99,24.99,2024-09-15,1750.0,1,1.84,3960,DIAGEO NORTH AMERICA INC   
37_PAETHSMOUTH_3859,37,3859,Smirnoff 80 Proof,375mL,1,8.99,8.99,2024-07-06,375.0,1,0.39,3960,DIAGEO NORTH AMERICA INC   
23_ARBINGTON_3243,23,3243,Burnetts Vodka,1.75L,11,115.39,10.49,2024-06-28,1750.0,1,20.21,3924,HEAVEN HILL DISTILLERIES   
62_KILMARNOCK_2615,62,2615,Chivas Regal,50mL,1,3.49,3.49,2024-09-15,50.0,1,0.05,17035,PERNOD RICARD USA          
34_PITMERDEN_3532,34,3532,Milagro Reposado Tequila,750mL,1,25.99,25.99,2024-06-10,750.0,1,0.79,3664,WILLIAM GRANT & SONS INC   
69_MOUNTMEND_8358,69,8358,Bacardi 151 Proof,750mL,4,79.96,19.99,2024-06-19,750.0,1,3.15,480,BACARDI USA INC            
33_HORNSEY_1542,33,1542,Bowen's American Whiskey,750mL,2,49.98,24.99,2024-03-15,750.0,1,1.57,9751,VINEDREA WINES LLC         
41_LARNWICK_7159,41,7159,Ruffino Chianti,750mL,1,7.99,7.99,2024-05-16,750.0,2,0.11,1392,CONSTELLATION BRANDS INC   
68_SOLARIS_8472,68,8472,1800 Silver Tequila,750mL,1,20.99,20.99,2024-05-23,750.0,1,0.79,7245,PROXIMO SPIRITS INC.       
10_HORNSEY_37604,10,37604,Hardys Chard Ausl,3L,1,13.99,13.99,2024-01-17,3000.0,2,0.45,2000,SOUTHERN WINE & SPIRITS NE 
5_SUTTON_31488,5,31488,Barefoot Chard Cal,750mL,1,6.29,6.29,2024-01-30,750.0,2,0.11,3252,E & J GALLO WINERY         
11_CARDEND_11828,11,11828,Cupcake Svgn Bl,750mL,4,31.96,7.99,2024-03-08,750.0,2,0.45,9815,WINE GROUP INC             
74_PAENTMARWY_8520,74,8520,Brady's Irish Cream,1.75L,1,16.99,16.99,2024-05-19,1750.0,1,1.84,1485,CASTLE BRANDS CORP.        
6_GOULCREST_2443,6,2443,Seagrams VO,1.75L,2,35.98,17.99,2024-03-30,1750.0,1,3.67,3960,DIAGEO NORTH AMERICA INC   
23_ARBINGTON_3512,23,3512,Pinnacle Vodka,1.75L,6,95.94,15.99,2024-06-12,1750.0,1,11.02,12546,JIM BEAM BRANDS COMPANY    
55_DRY GULCH_3421,55,3421,Stolichnaya Blueberi,50mL,2,3.98,1.99,2024-11-12,50.0,1,0.1,8664,"STOLI GROUP,(USA) LLC      "
50_MOUNTMEND_1358,50,1358,Knob Creek Bourbon,1.75L,1,59.99,59.99,2024-12-20,1750.0,1,1.84,12546,JIM BEAM BRANDS COMPANY    
59_CLAETHORPES_27596,59,27596,MezzaCorona Pnt Grigio,750mL,2,17.78,8.89,2024-05-25,750.0,2,0.22,9165,ULTRA BEVERAGE COMPANY LLP 
44_PORTHCRAWL_16806,44,16806,Apothic Winemakers White,750mL,1,7.46,7.46,2024-05-06,750.0,2,0.11,3252,E & J GALLO WINERY         
56_BEGGAR'S HOLE_47009,56,47009,Torino Don David RSV Malbec,750mL,4,63.96,15.99,2024-01-08,750.0,2,0.45,9744,FREDERICK WILDMAN & SONS   
11_CARDEND_2668,11,2668,Dewars White Label,375mL,1,13.99,13.99,2024-02-14,375.0,1,0.39,480,BACARDI USA INC            
50_MOUNTMEND_41034,50,41034,Menage a Trois Red,750mL,7,69.93,9.99,2024-02-04,750.0,2,0.79,8892,TRINCHERO FAMILY ESTATES   
38_GOULCREST_3877,38,3877,Smirnoff Green Apple Vodka,750mL,1,10.99,10.99,2024-01-20,750.0,1,0.79,3960,DIAGEO NORTH AMERICA INC   
57_LANTEGLOS_38502,57,38502,Ruffino Lumina Pnt Grigio,750mL,1,7.99,7.99,2024-05-21,750.0,2,0.11,1392,CONSTELLATION BRANDS INC   
59_CLAETHORPES_3397,59,3397,Ciroc Red Berry Vodka,750mL,1,28.99,28.99,2024-03-18,750.0,1,0.79,3960,DIAGEO NORTH AMERICA INC   
74_PAENTMARWY_3625,74,3625,Absolut 80 Proof,750mL,1,17.99,17.99,2024-02-12,750.0,1,0.79,17035,PERNOD RICARD USA          
52_GRAYCOTT_8469,52,8469,1800 Reposado Gold Tequila,750mL,1,22.99,22.99,2024-05-14,750.0,1,0.79,7245,PROXIMO SPIRITS INC.       
8_ALNERWICK_5353,8,5353,Grand Marnier,375mL,1,18.99,18.99,2024-11-19,375.0,1,0.39,8112,MOET HENNESSY USA INC      
74_PAENTMARWY_3704,74,3704,Ciroc Pineapple Vodka,750mL,2,49.98,24.99,2024-01-01,750.0,1,1.57,3960,DIAGEO NORTH AMERICA INC   
10_HORNSEY_8673,10,8673,Skinnygirl Margarita,750mL,1,10.99,10.99,2024-02-07,750.0,1,0.79,12546,JIM BEAM BRANDS COMPANY    
35_HALIVAARA_3703,35,3703,OuterSpace Vodka,50mL,1,5.99,5.99,2024-01-06,50.0,1,0.05,10754,PERFECTA WINES             
1_HARDERSFIELD_4066,1,4066,Bacardi Oakheart Spiced Rum,1.75L,1,19.99,19.99,2024-07-08,1750.0,1,1.84,480,BACARDI USA INC            
47_PELLA'S WISH_38370,47,38370,Oyster Bay Svgn Bl Marlboro,750mL,1,8.95,8.95,2024-08-03,750.0,2,0.11,4425,MARTIGNETTI COMPANIES
67_EANVERNESS_40545,67,40545,Whitehaven Svgn Bl Marlboro,750mL,1,14.99,14.99,2024-04-20,750.0,2,0.11,3252,E & J GALLO WINERY         
55_DRY GULCH_6459,55,6459,Freixenet Cordon Negro Extr,750mL,1,10.99,10.99,2024-12-11,750.0,2,0.11,4425,MARTIGNETTI COMPANIES
49_GARIGILL_3420,49,3420,New Amsterdam Coconut Vodka,750mL,1,10.99,10.99,2024-07-29,750.0,1,0.79,3252,E & J GALLO WINERY         
40_BULLMAR_3243,40,3243,Burnetts Vodka,1.75L,1,12.49,12.49,2024-04-01,1750.0,1,1.84,3924,HEAVEN HILL DISTILLERIES   
53_HILLFAR_28681,53,28681,F Coppola Rosso Bianco Rosso,750mL,3,32.97,10.99,2024-10-14,750.0,2,0.34,2000,SOUTHERN WINE & SPIRITS NE 
69_MOUNTMEND_2398,69,2398,Tullamore Dew,750mL,1,26.99,26.99,2024-04-13,750.0,1,0.79,3664,WILLIAM GRANT & SONS INC   
75_BARNCOMBE_4258,75,4258,Bacardi Mango Fusion,750mL,1,9.99,9.99,2024-11-22,750.0,1,0.79,480,BACARDI USA INC            
18_FURNESS_5138,18,5138,Fireball Cinnamon Whisky,750mL,1,13.99,13.99,2024-02-22,750.0,1,0.79,8004,SAZERAC CO INC             
11_CARDEND_5090,11,5090,El Charro Silver Tequila,750mL,2,29.98,14.99,2024-09-01,750.0,1,1.57,8004,SAZERAC CO INC             
78_EASTHAVEN_1231,78,1231,Jack Daniels No 7 Black,375mL,1,12.99,12.99,2024-04-10,375.0,1,0.39,1128,BROWN-FORMAN CORP          
7_STANMORE_6984,7,6984,Kendall Jackson Vntrs RSV Me,750mL,1,16.99,16.99,2024-07-07,750.0,2,0.11,10000,MAJESTIC FINE WINES        
66_EANVERNESS_4254,66,4254,Remy Martin 1738 Accord Royl,375mL,2,59.98,29.99,2024-06-10,375.0,1,0.79,7239,REMY COINTREAU USA INC     
33_HORNSEY_46734,33,46734,Gnarly Head Cab Svgn Cal,750mL,1,9.99,9.99,2024-01-03,750.0,2,0.11,2242,DELICATO VINEYARDS INC     
73_DONCASTER_482,73,482,Absolut 80 Proof,Liter,8,175.92,21.99,2024-07-02,1000.0,1,8.4,17035,PERNOD RICARD USA          
49_GARIGILL_3961,49,3961,Grey Goose La Poire Vodka,750mL,2,47.98,23.99,2024-09-04,750.0,1,1.57,480,BACARDI USA INC            
14_BROMWICH_5221,14,5221,RumChata Liqueur,375mL,1,12.99,12.99,2024-06-23,375.0,1,0.39,6213,MHW LTD                    
78_EASTHAVEN_4262,78,4262,Capt Morgan Spiced Rum,750mL,1,14.99,14.99,2024-05-02,750.0,1,0.79,3960,DIAGEO NORTH AMERICA INC   
20_BREDWARDINE_5111,20,5111,Dr McGillicuddy's Mentholmnt,50mL,12,11.88,0.99,2024-10-07,50.0,1,0.63,8004,SAZERAC CO INC             
73_DONCASTER_15424,73,15424,Santa Ema Cab Svgn Rsv,750mL,4,51.96,12.99,2024-03-23,750.0,2,0.45,4425,MARTIGNETTI COMPANIES
73_DONCASTER_26462,73,26462,Ravenswood Znfdl Sonoma,750mL,1,16.99,16.99,2024-12-10,750.0,2,0.11,1392,CONSTELLATION BRANDS INC   
64_CESTERFIELD_8361,64,8361,Carlo Rossi Chablis Calif,4L,1,14.99,14.99,2024-05-02,4000.0,2,0.6,3252,E & J GALLO WINERY         
56_BEGGAR'S HOLE_8021,56,8021,Glenfiddich Special Rsv 12,750mL,1,42.99,42.99,2024-06-10,750.0,1,0.79,3664,WILLIAM GRANT & SONS INC   
5_SUTTON_8068,5,8068,Absolut 80 Proof,1.75L,2,49.98,24.99,2024-05-03,1750.0,1,3.67,17035,PERNOD RICARD USA          
34_PITMERDEN_10581,34,10581,Fat Bastard Pnt Nr,750mL,4,47.96,11.99,2024-04-30,750.0,2,0.45,7153,PINE STATE TRADING CO      
70_KELD_43434,70,43434,Phillips Earthquake Cab Svgn,750mL,1,22.99,22.99,2024-06-17,750.0,2,0.11,4425,MARTIGNETTI COMPANIES
40_BULLMAR_3915,40,3915,Sauza Silver Tequila,750mL,2,25.98,12.99,2024-07-01,750.0,1,1.57,12546,JIM BEAM BRANDS COMPANY    
16_LUNDY_41253,16,41253,Ch St Jean Cab Svgn Cal,750mL,1,9.95,9.95,2024-02-09,750.0,2,0.11,9819,TREASURY WINE ESTATES      
34_PITMERDEN_4679,34,4679,Courvoisier VS Cognac,375mL,5,59.95,11.99,2024-11-19,375.0,1,1.97,12546,JIM BEAM BRANDS COMPANY    
71_CLARCTON_36378,71,36378,MezzaCorona Pnt Grigio,1.5L,1,9.49,9.49,2024-04-30,1500.0,2,0.22,9165,ULTRA BEVERAGE COMPANY LLP 
14_BROMWICH_3890,14,3890,Absolut Peppar,750mL,1,17.99,17.99,2024-06-10,750.0,1,0.79,17035,PERNOD RICARD USA          
41_LARNWICK_4235,41,4235,Sailor Jerry Spiced Rum,375mL,2,19.98,9.99,2024-08-11,375.0,1,0.79,3664,WILLIAM GRANT & SONS INC   
72_HARDERSFIELD_5381,72,5381,E&J Peach Brandy,50mL,2,1.98,0.99,2024-08-06,50.0,1,0.1,3252,E & J GALLO WINERY         
15_WANBORNE_6596,15,6596,Kenwood Svgn Bl Sonoma,750mL,5,49.95,9.99,2024-03-07,750.0,2,0.56,17035,PERNOD RICARD USA          
50_MOUNTMEND_5730,50,5730,Galliano L'Autentico Liqueur,50mL,1,1.99,1.99,2024-07-15,50.0,1,0.05,6213,MHW LTD                    
30_CULCHETH_28580,30,28580,Silverado Chard,750mL,1,24.99,24.99,2024-11-18,750.0,2,0.11,4425,MARTIGNETTI COMPANIES
67_EANVERNESS_35130,67,35130,C Back Goats Do Roam Rouge,750mL,2,21.98,10.99,2024-10-08,750.0,2,0.22,1587,VINEYARD BRANDS INC        
64_CESTERFIELD_24971,64,24971,Hugel Gentil White,750mL,4,55.96,13.99,2024-01-29,750.0,2,0.45,9744,FREDERICK WILDMAN & SONS   
34_PITMERDEN_23438,34,23438,Frost Bitten Ice Rsl,375mL,1,12.99,12.99,2024-12-29,375.0,2,0.06,10754,PERFECTA WINES             
34_PITMERDEN_20880,34,20880,Valmaggiore Nebbiolo d'Alba,750mL,1,46.99,46.99,2024-04-02,750.0,2,0.11,4425,MARTIGNETTI COMPANIES
2_ASHBORNE_13141,2,13141,Noble Vines 181 Merlot Lodi,750mL,1,9.99,9.99,2024-12-19,750.0,2,0.11,2242,DELICATO VINEYARDS INC     
8_ALNERWICK_1231,8,1231,Jack Daniels No 7 Black,375mL,1,12.99,12.99,2024-08-12,375.0,1,0.39,1128,BROWN-FORMAN CORP          
24_PALPERROTH_4064,24,4064,Calico Jack Pin/Coc Rum,1.75L,1,12.99,12.99,2024-10-29,1750.0,1,1.84,12546,JIM BEAM BRANDS COMPANY    
2_ASHBORNE_5103,2,5103,Fireball Cinnamon Whisky,1.75L,1,24.99,24.99,2024-06-25,1750.0,1,1.84,8004,SAZERAC CO INC             
48_NORFOLK_3893,48,3893,Zhenka 80 Proof,1.75L,1,9.99,9.99,2024-10-14,1750.0,1,1.84,9552,M S WALKER INC             
36_LEWES_8130,36,8130,Bacardi Superior Rum,50mL,2,2.58,1.29,2024-07-21,50.0,1,0.1,480,BACARDI USA INC            
15_WANBORNE_35480,15,35480,Prinz Salm Der Weib,750mL,1,15.99,15.99,2024-11-23,750.0,2,0.11,10754,PERFECTA WINES             
73_DONCASTER_12111,73,12111,LaBelle Winery Cranberry,750mL,1,15.99,15.99,2024-01-31,750.0,2,0.11,90032,LABELLE VYDS AND WINERY    
68_SOLARIS_22919,68,22919,Complicated Pnt Nr,750mL,1,18.99,18.99,2024-07-18,750.0,2,0.11,8892,TRINCHERO FAMILY ESTATES   
79_BALLYMENA_23095,79,23095,Glen Ellen Cab Svgn RSV,1.5L,3,20.97,6.99,2024-03-09,1500.0,2,0.68,9815,WINE GROUP INC             
49_GARIGILL_2663,49,2663,Dewars White Label,1.75L,14,419.86,29.99,2024-11-20,1750.0,1,25.72,480,BACARDI USA INC            
7_STANMORE_19260,7,19260,The Beach House Pinot Grigio,750mL,1,9.99,9.99,2024-04-16,750.0,2,0.11,653,STATE WINE & SPIRITS   
34_PITMERDEN_12111,34,12111,LaBelle Winery Cranberry,750mL,1,15.99,15.99,2024-11-17,750.0,2,0.11,90032,LABELLE VYDS AND WINERY    
21_BALERNO_3684,21,3684,Fleischmanns Royal Vodka,1.75L,4,39.96,9.99,2024-01-20,1750.0,1,7.35,660,SAZERAC NORTH AMERICA INC. 
75_BARNCOMBE_4245,75,4245,Bacardi Superior Rum,750mL,4,39.96,9.99,2024-07-29,750.0,1,3.15,480,BACARDI USA INC            
44_PORTHCRAWL_8491,44,8491,Forbidden Secret Dark Mocha,750mL,1,19.99,19.99,2024-05-06,750.0,1,0.79,4425,MARTIGNETTI COMPANIES
50_MOUNTMEND_32338,50,32338,Stags Leap Svgn Bl Napa,750mL,1,24.99,24.99,2024-12-22,750.0,2,0.11,8673,STE MICHELLE WINE ESTATES  
76_DONCASTER_8496,76,8496,Jadot Chardonnay,750mL,1,14.99,14.99,2024-01-10,750.0,1,0.79,4692,KOBRAND CORPORATION        
17_OLDHAM_40096,17,40096,Black Box Cab Svgn,3L,1,18.99,18.99,2024-04-15,3000.0,2,0.45,1392,CONSTELLATION BRANDS INC   
37_PAETHSMOUTH_11970,37,11970,Zaccagnini Montepulciano Rsv,750mL,2,23.9,11.95,2024-06-16,750.0,2,0.22,2000,SOUTHERN WINE & SPIRITS NE 
66_EANVERNESS_3802,66,3802,Three Olives Vodka,1.75L,15,284.85,18.99,2024-11-25,1750.0,1,27.56,7245,PROXIMO SPIRITS INC.       
66_EANVERNESS_1178,66,1178,Evan Williams Black Label B,750mL,1,11.49,11.49,2024-04-27,750.0,1,0.79,3924,HEAVEN HILL DISTILLERIES   
6_GOULCREST_3354,6,3354,Ketel One Vodka,375mL,2,29.98,14.99,2024-01-22,375.0,1,0.79,3960,DIAGEO NORTH AMERICA INC   
20_BREDWARDINE_3779,20,3779,Three Olives Cherry Vodka,750mL,3,38.97,12.99,2024-02-13,750.0,1,2.36,7245,PROXIMO SPIRITS INC.       
13_TARMSWORTH_2105,13,2105,Black Velvet Toasted Caramel,750mL,1,9.99,9.99,2024-07-07,750.0,1,0.79,1392,CONSTELLATION BRANDS INC   
6_GOULCREST_1424,6,1424,Bulleit Bourbon,375mL,1,13.99,13.99,2024-06-17,375.0,1,0.39,3960,DIAGEO NORTH AMERICA INC   
54_GUTHRAM_19055,54,19055,Wolf Blass Yllw Lbl Cab Svgn,750mL,2,19.98,9.99,2024-07-30,750.0,2,0.22,9819,TREASURY WINE ESTATES      
10_HORNSEY_7715,10,7715,Andre Extra Dry,750mL,15,89.85,5.99,2024-09-16,750.0,2,1.69,3252,E & J GALLO WINERY         
50_MOUNTMEND_1376,50,1376,Jim Beam,1.75L,8,183.92,22.99,2024-10-11,1750.0,1,14.7,12546,JIM BEAM BRANDS COMPANY    
38_GOULCREST_11826,38,11826,Cupcake Chard,750mL,6,41.94,6.99,2024-08-21,750.0,2,0.68,9815,WINE GROUP INC             
6_GOULCREST_854,6,854,Seagrams VO Canadian Whiskey,Liter,1,15.99,15.99,2024-01-18,1000.0,1,1.05,3960,DIAGEO NORTH AMERICA INC   
48_NORFOLK_7345,48,7345,M & R Asti,750mL,1,9.99,9.99,2024-07-17,750.0,2,0.11,480,BACARDI USA INC            
27_MOUNTMEND_1345,27,1345,Basil Hayden Bourbon,750mL,1,37.99,37.99,2024-03-09,750.0,1,0.79,12546,JIM BEAM BRANDS COMPANY    
5_SUTTON_7878,5,7878,Allens Coffee Brandy,1.75L,1,15.99,15.99,2024-03-23,1750.0,1,1.84,9552,M S WALKER INC             
33_HORNSEY_1955,33,1955,Jack Daniels Tennessee Honey,375mL,1,12.99,12.99,2024-07-27,375.0,1,0.39,1128,BROWN-FORMAN CORP          
59_CLAETHORPES_3802,59,3802,Three Olives Vodka,1.75L,8,143.92,17.99,2024-04-16,1750.0,1,14.7,7245,PROXIMO SPIRITS INC.       
23_ARBINGTON_4113,23,4113,Capt Morgan White,50mL,5,4.95,0.99,2024-10-27,50.0,1,0.26,3960,DIAGEO NORTH AMERICA INC   
50_MOUNTMEND_28070,50,28070,Sutter Home Moscato Cal,1.5L,1,9.99,9.99,2024-04-07,1500.0,2,0.22,8892,TRINCHERO FAMILY ESTATES   
1_HARDERSFIELD_5316,1,5316,Amaretto DiSaronno,50mL,3,6.87,2.29,2024-07-11,50.0,1,0.16,2555,DISARONNO INTERNATIONAL LLC
59_CLAETHORPES_2445,59,2445,Seagrams VO,750mL,3,35.97,11.99,2024-07-20,750.0,1,2.36,3960,DIAGEO NORTH AMERICA INC   
60_IRRAGIN_1373,60,1373,Jim Beam Honey,750mL,2,29.98,14.99,2024-12-10,750.0,1,1.57,12546,JIM BEAM BRANDS COMPANY    
30_CULCHETH_5381,30,5381,E&J Peach Brandy,50mL,2,1.98,0.99,2024-05-27,50.0,1,0.1,3252,E & J GALLO WINERY         
20_BREDWARDINE_7996,20,7996,Stock Italian Sweet Vermouth,750mL,1,6.49,6.49,2024-09-18,750.0,2,0.11,8352,LUXCO INC                  
59_CLAETHORPES_1767,59,1767,Buffalo Trace Bourbon,750mL,3,77.97,25.99,2024-12-31,750.0,1,2.36,8004,SAZERAC CO INC             
73_DONCASTER_28138,73,28138,Columbia Crest Grand Chard,750mL,2,15.9,7.95,2024-03-04,750.0,2,0.22,8673,STE MICHELLE WINE ESTATES  
44_PORTHCRAWL_8398,44,8398,Casamigos Blanco,750mL,1,46.99,46.99,2024-07-31,750.0,1,0.79,6213,MHW LTD                    
59_CLAETHORPES_8788,59,8788,Stolichnaya,50mL,4,7.96,1.99,2024-05-11,50.0,1,0.21,8664,"STOLI GROUP,(USA) LLC      "
76_DONCASTER_11037,76,11037,Beringer Classic Cab Svgn,750mL,1,5.99,5.99,2024-07-26,750.0,2,0.11,9819,TREASURY WINE ESTATES      
20_BREDWARDINE_42735,20,42735,Magnificent Wine Co House Re,750mL,1,10.99,10.99,2024-12-28,750.0,2,0.11,10754,PERFECTA WINES             
10_HORNSEY_4783,10,4783,Mr Boston Apricot Brandy,1.75L,1,13.99,13.99,2024-06-29,1750.0,1,1.84,660,SAZERAC NORTH AMERICA INC. 
34_PITMERDEN_5676,34,5676,Kinky Liqueur,50mL,4,7.96,1.99,2024-01-09,50.0,1,0.21,7153,PINE STATE TRADING CO      
31_HORNSEY_3489,31,3489,Tanqueray,1.75L,1,28.99,28.99,2024-07-13,1750.0,1,1.84,3960,DIAGEO NORTH AMERICA INC   
67_EANVERNESS_4779,67,4779,Molletto Grappa di Barbera,750mL,1,29.99,29.99,2024-04-02,750.0,1,0.79,4848,LAIRD & CO                 
67_EANVERNESS_24593,67,24593,Bodegas La Cartuja Priorat,750mL,2,39.98,19.99,2024-07-22,750.0,2,0.22,10754,PERFECTA WINES             
64_CESTERFIELD_41072,64,41072,Angeline Pnt Nr Rsv,750mL,2,27.98,13.99,2024-10-25,750.0,2,0.22,9552,M S WALKER INC             
37_PAETHSMOUTH_4359,37,4359,Mr Boston Light Rum,1.75L,1,10.99,10.99,2024-04-09,1750.0,1,1.84,660,SAZERAC NORTH AMERICA INC. 
1_HARDERSFIELD_2686,1,2686,AnCnoc 12 Yr Old Scotch,750mL,2,75.98,37.99,2024-10-21,750.0,1,1.57,8004,SAZERAC CO INC             
38_GOULCREST_32989,38,32989,Barefoot Cab Svgn Cal,1.5L,1,11.99,11.99,2024-02-19,1500.0,2,0.22,3252,E & J GALLO WINERY         
44_PORTHCRAWL_5191,44,5191,Fireball Cinnamon Whiskey,375mL,1,9.99,9.99,2024-07-24,375.0,1,0.39,8004,SAZERAC CO INC             
43_WOLFORD_3310,43,3310,Pinnacle Vodka,375mL,2,11.98,5.99,2024-11-01,375.0,1,0.79,12546,JIM BEAM BRANDS COMPANY    
39_EASTHALLOW_2752,39,2752,Johnnie Walker Black Label,750mL,2,79.98,39.99,2024-07-22,750.0,1,1.57,3960,DIAGEO NORTH AMERICA INC   
2_ASHBORNE_2587,2,2587,Jameson Irish Whiskey,375mL,1,17.49,17.49,2024-12-04,375.0,1,0.39,17035,PERNOD RICARD USA          
37_PAETHSMOUTH_6748,37,6748,Turning Leaf RSV Chard Cal,750mL,1,5.99,5.99,2024-11-28,750.0,2,0.11,3252,E & J GALLO WINERY         
48_NORFOLK_8112,48,8112,Stolichnaya,1.75L,5,129.95,25.99,2024-09-20,1750.0,1,9.19,8664,"STOLI GROUP,(USA) LLC      "
72_HARDERSFIELD_21951,72,21951,Ruffino Aziano Chianti Clsc,750mL,2,25.98,12.99,2024-12-26,750.0,2,0.22,1392,CONSTELLATION BRANDS INC   
77_TAMWORTH_2872,77,2872,Ashuelot Gin,750mL,1,31.99,31.99,2024-11-20,750.0,1,0.79,172662,SWEETWATER FARM         
20_BREDWARDINE_4291,20,4291,Ronrico Gold,1.75L,1,12.99,12.99,2024-02-27,1750.0,1,1.84,12546,JIM BEAM BRANDS COMPANY    
41_LARNWICK_19453,41,19453,Wente Southern Hill Cab Svgn,750mL,1,13.99,13.99,2024-04-02,750.0,2,0.11,2000,SOUTHERN WINE & SPIRITS NE 
73_DONCASTER_2932,73,2932,Jameson Black Barrel,750mL,1,31.99,31.99,2024-11-29,750.0,1,0.79,17035,PERNOD RICARD USA          
15_WANBORNE_2026,15,2026,Camarena Silver Tequila,750mL,2,37.98,18.99,2024-08-05,750.0,1,1.57,3252,E & J GALLO WINERY         
72_HARDERSFIELD_7995,72,7995,Patron Reposado Tequila,50mL,2,12.98,6.49,2024-06-16,50.0,1,0.1,9165,ULTRA BEVERAGE COMPANY LLP 
9_BLACKPOOL_2177,9,2177,Canadian Hunter Rye,50mL,1,0.99,0.99,2024-07-30,50.0,1,0.05,8004,SAZERAC CO INC             
23_ARBINGTON_22014,23,22014,Foss Marai Prosecco,750mL,2,33.98,16.99,2024-04-08,750.0,2,0.22,90024,VINILANDIA USA             
30_CULCHETH_4187,30,4187,Kraken Black Spiced Rum,750mL,1,19.99,19.99,2024-05-27,750.0,1,0.79,7245,PROXIMO SPIRITS INC.       
2_ASHBORNE_3643,2,3643,Caldwells Vodka,1.75L,2,18.98,9.49,2024-09-09,1750.0,1,3.67,9552,M S WALKER INC             
52_GRAYCOTT_34427,52,34427,Frei Bros RSV Cab Svgn Alex,750mL,1,20.99,20.99,2024-11-22,750.0,2,0.11,3252,E & J GALLO WINERY         
61_AETHELNEY_6249,61,6249,Rodney Strong Chard,750mL,1,10.95,10.95,2024-10-22,750.0,2,0.11,4425,MARTIGNETTI COMPANIES
2_ASHBORNE_523,2,523,Castello Del Poggio Moscato,750mL,4,39.96,9.99,2024-09-30,750.0,2,0.45,4425,MARTIGNETTI COMPANIES
59_CLAETHORPES_13430,59,13430,Agua de Piedra Malbec Selccn,750mL,1,10.99,10.99,2024-11-17,750.0,2,0.11,7153,PINE STATE TRADING CO      
71_CLARCTON_12771,71,12771,Joel Gott Cab Svgn 815,750mL,2,25.98,12.99,2024-05-04,750.0,2,0.22,8892,TRINCHERO FAMILY ESTATES   
23_ARBINGTON_508,23,508,Bacardi Superior Rum,Liter,1,12.99,12.99,2024-05-02,1000.0,1,1.05,480,BACARDI USA INC            
6_GOULCREST_33874,6,33874,Bella Sera Pinot Grigio Del,1.5L,1,9.99,9.99,2024-01-16,1500.0,2,0.22,3252,E & J GALLO WINERY         
27_MOUNTMEND_17073,27,17073,Tomaiolo Pinot Grigio,750mL,1,9.99,9.99,2024-09-09,750.0,2,0.11,7153,PINE STATE TRADING CO      
60_IRRAGIN_8840,60,8840,Burnetts Gin,1.75L,3,35.97,11.99,2024-12-08,1750.0,1,5.51,3924,HEAVEN HILL DISTILLERIES   
31_HORNSEY_8154,31,8154,Cazadores Reposado Tequila,750mL,2,43.98,21.99,2024-12-24,750.0,1,1.57,480,BACARDI USA INC            
62_KILMARNOCK_7341,62,7341,Smirnoff Watermelon,50mL,2,1.98,0.99,2024-10-27,50.0,1,0.1,3960,DIAGEO NORTH AMERICA INC   
14_BROMWICH_3228,14,3228,Ciroc Mango Vodka,50mL,2,3.98,1.99,2024-12-21,50.0,1,0.1,3960,DIAGEO NORTH AMERICA INC   
71_CLARCTON_8130,71,8130,Bacardi Superior Rum,50mL,3,3.87,1.29,2024-01-02,50.0,1,0.16,480,BACARDI USA INC            
67_EANVERNESS_12211,67,12211,Black Box Rsl,3L,1,15.99,15.99,2024-07-24,3000.0,2,0.45,1392,CONSTELLATION BRANDS INC   
13_TARMSWORTH_8673,13,8673,Skinnygirl Margarita,750mL,1,10.99,10.99,2024-12-22,750.0,1,0.79,12546,JIM BEAM BRANDS COMPANY    
48_NORFOLK_8680,48,8680,Crown Royal,1.75L,1,36.99,36.99,2024-12-07,1750.0,1,1.84,3960,DIAGEO NORTH AMERICA INC   
38_GOULCREST_14416,38,14416,J Lohr Falcons Perch Pnt Nr,750mL,3,44.97,14.99,2024-06-25,750.0,2,0.34,4425,MARTIGNETTI COMPANIES
25_CAERSHIRE_31231,25,31231,Nobilo Svgn Bl MarlborougH,750mL,3,29.97,9.99,2024-12-26,750.0,2,0.34,1392,CONSTELLATION BRANDS INC   
2_ASHBORNE_12212,2,12212,Black Box Svgn Bl,3L,1,15.99,15.99,2024-06-14,3000.0,2,0.45,1392,CONSTELLATION BRANDS INC   
31_HORNSEY_14706,31,14706,Cupcake Prosecco,750mL,4,41.96,10.49,2024-01-15,750.0,2,0.45,9815,WINE GROUP INC             
73_DONCASTER_28238,73,28238,Banfi Pnt Grigio Rime,750mL,1,8.99,8.99,2024-02-18,750.0,2,0.11,516,BANFI PRODUCTS CORP        
49_GARIGILL_3172,49,3172,Skyy Infusions Blood Orange,750mL,1,12.99,12.99,2024-10-29,750.0,1,0.79,11567,CAMPARI AMERICA            
51_ABERDEEN_39413,51,39413,Mirassou Pnt Nr Cntrl Coast,750mL,1,9.99,9.99,2024-06-09,750.0,2,0.11,3252,E & J GALLO WINERY         
61_AETHELNEY_5765,61,5765,Jose Cuervo Lime Margarita,1.75L,1,15.99,15.99,2024-06-14,1750.0,1,1.84,7245,PROXIMO SPIRITS INC.       
17_OLDHAM_2902,17,2902,Stranahan's Colorado Whiskey,750mL,1,49.99,49.99,2024-11-23,750.0,1,0.79,7245,PROXIMO SPIRITS INC.       
62_KILMARNOCK_23049,62,23049,Benziger Svgn Bl N Cst,750mL,1,8.99,8.99,2024-09-05,750.0,2,0.11,9815,WINE GROUP INC             
71_CLARCTON_4249,71,4249,Capt Morgan White Coconut,750mL,1,12.99,12.99,2024-07-03,750.0,1,0.79,3960,DIAGEO NORTH AMERICA INC   
32_MOUNTMEND_3625,32,3625,Absolut 80 Proof,750mL,1,17.99,17.99,2024-02-06,750.0,1,0.79,17035,PERNOD RICARD USA          
31_HORNSEY_5391,31,5391,Kamora Coffee,1.75L,3,47.97,15.99,2024-06-07,1750.0,1,5.51,12546,JIM BEAM BRANDS COMPANY    
25_CAERSHIRE_18533,25,18533,Candia Vyds Diamond,750mL,1,14.99,14.99,2024-12-11,750.0,2,0.11,90046,CANDIA VINEYARDS           
34_PITMERDEN_6593,34,6593,Souverain Chard N Cst,750mL,1,9.99,9.99,2024-12-10,750.0,2,0.11,3252,E & J GALLO WINERY         
74_PAENTMARWY_17187,74,17187,The Messenger Telegram Red 2,750mL,1,9.99,9.99,2024-10-21,750.0,2,0.11,10754,PERFECTA WINES             
62_KILMARNOCK_7345,62,7345,M & R Asti,750mL,1,9.99,9.99,2024-08-28,750.0,2,0.11,480,BACARDI USA INC            
28_LARNWICK_36378,28,36378,MezzaCorona Pnt Grigio,1.5L,2,18.98,9.49,2024-05-01,1500.0,2,0.45,9165,ULTRA BEVERAGE COMPANY LLP 
32_MOUNTMEND_8512,32,8512,Baileys Irish Cream,750mL,1,19.99,19.99,2024-10-25,750.0,1,0.79,3960,DIAGEO NORTH AMERICA INC   
9_BLACKPOOL_1365,9,1365,Stoli Mini Bar 5/50mLs Pack,50mL 5 Pk,1,7.99,7.99,2024-02-15,50.0,1,0.05,8664,"STOLI GROUP,(USA) LLC      "
38_GOULCREST_18535,38,18535,Candia Vyds Ice Storm,375mL,1,27.99,27.99,2024-11-19,375.0,2,0.06,90046,CANDIA VINEYARDS           
20_BREDWARDINE_4798,20,4798,Sambuca Romana Liqueur,50mL,5,9.95,1.99,2024-09-28,50.0,1,0.26,3960,DIAGEO NORTH AMERICA INC   
28_LARNWICK_3650,28,3650,Patron Silver Tequila,750mL,1,48.99,48.99,2024-12-24,750.0,1,0.79,9165,ULTRA BEVERAGE COMPANY LLP 
39_EASTHALLOW_6216,39,6216,Taylor Tawny Port,1.5L,1,7.99,7.99,2024-10-14,1500.0,2,0.22,1392,CONSTELLATION BRANDS INC   
2_ASHBORNE_23464,2,23464,Kendall Jackson Pnt Gris VR,750mL,1,10.99,10.99,2024-11-20,750.0,2,0.11,10000,MAJESTIC FINE WINES        
69_MOUNTMEND_5312,69,5312,Amaretto DiSaronno,750mL,1,22.99,22.99,2024-03-26,750.0,1,0.79,2555,DISARONNO INTERNATIONAL LLC
25_CAERSHIRE_43223,25,43223,Ch Beauchene Cotes du Rhone,750mL,3,29.97,9.99,2024-06-25,750.0,2,0.34,10754,PERFECTA WINES             
42_BLACK HOLLOW_3638,42,3638,Pinnacle Whipped,50mL,4,3.96,0.99,2024-10-01,50.0,1,0.21,12546,JIM BEAM BRANDS COMPANY    
15_WANBORNE_10420,15,10420,Barefoot Moscato Cal,750mL,7,44.03,6.29,2024-03-16,750.0,2,0.79,3252,E & J GALLO WINERY         
6_GOULCREST_6552,6,6552,Harveys Bristol Cream Sherry,1.5L,1,22.99,22.99,2024-04-20,1500.0,2,0.22,12546,JIM BEAM BRANDS COMPANY    
48_NORFOLK_31320,48,31320,La Vieille Ferme Rose Vntoux,750mL,1,6.99,6.99,2024-08-22,750.0,2,0.11,1587,VINEYARD BRANDS INC        
1_HARDERSFIELD_3329,1,3329,Seagrams Extra Smooth Vodka,1.75L,2,29.98,14.99,2024-08-13,1750.0,1,3.67,9165,ULTRA BEVERAGE COMPANY LLP 
55_DRY GULCH_3180,55,3180,New Amsterdam Vodka,1.75L,18,269.82,14.99,2024-01-29,1750.0,1,33.07,3252,E & J GALLO WINERY         
67_EANVERNESS_6655,67,6655,Carlo Rossi Paisano Calif,1.5L,1,6.99,6.99,2024-11-22,1500.0,2,0.22,3252,E & J GALLO WINERY         
59_CLAETHORPES_6867,59,6867,Rodney Strong Pnt Nr,750mL,3,59.97,19.99,2024-08-25,750.0,2,0.34,4425,MARTIGNETTI COMPANIES
17_OLDHAM_2432,17,2432,Crown Royal,750mL,1,24.99,24.99,2024-09-21,750.0,1,0.79,3960,DIAGEO NORTH AMERICA INC   
38_GOULCREST_3020,38,3020,Pinnacle Blueberry Vodka,750mL,4,39.96,9.99,2024-11-21,750.0,1,3.15,12546,JIM BEAM BRANDS COMPANY    
38_GOULCREST_5367,38,5367,Sambuca di Amore,750mL,5,39.95,7.99,2024-11-04,750.0,1,3.94,660,SAZERAC NORTH AMERICA INC. 
41_LARNWICK_1135,41,1135,Rebel Reserve Bourbon,750mL,1,19.99,19.99,2024-12-22,750.0,1,0.79,8352,LUXCO INC                  
67_EANVERNESS_34906,67,34906,Smoking Loon Syrah,750mL,1,9.99,9.99,2024-11-06,750.0,2,0.11,9552,M S WALKER INC             
15_WANBORNE_43590,15,43590,Ch Ste Michelle Indn Wls Cab,750mL,1,15.99,15.99,2024-02-19,750.0,2,0.11,8673,STE MICHELLE WINE ESTATES  
49_GARIGILL_6157,49,6157,Kinky Blue Liqueur,375mL,2,15.98,7.99,2024-03-26,375.0,1,0.79,7153,PINE STATE TRADING CO      
6_GOULCREST_14672,6,14672,Duckhorn Decoy Cab Svgn,750mL,2,33.9,16.95,2024-08-29,750.0,2,0.22,4425,MARTIGNETTI COMPANIES
73_DONCASTER_5739,73,5739,Malibu Rum,50mL,3,5.97,1.99,2024-09-29,50.0,1,0.16,17035,PERNOD RICARD USA          
71_CLARCTON_4241,71,4241,Capt Morgan Spiced Rum,50mL,3,5.97,1.99,2024-06-21,50.0,1,0.16,3960,DIAGEO NORTH AMERICA INC   
24_PALPERROTH_8111,24,8111,Smirnoff 80 Proof,50mL,2,1.98,0.99,2024-04-03,50.0,1,0.1,3960,DIAGEO NORTH AMERICA INC   
10_HORNSEY_25565,10,25565,Black Box Pnt Nr,500mL,1,3.99,3.99,2024-09-02,500.0,2,0.08,1392,CONSTELLATION BRANDS INC   
64_CESTERFIELD_5187,64,5187,Arrow White Creme de Cacao,750mL,1,7.99,7.99,2024-07-16,750.0,1,0.79,8352,LUXCO INC                  
48_NORFOLK_6688,48,6688,Ch St Jean Chard California,750mL,6,53.7,8.95,2024-02-28,750.0,2,0.68,9819,TREASURY WINE ESTATES      
66_EANVERNESS_44494,66,44494,Smoking Loon Pnt Grigio Cal,750mL,1,7.99,7.99,2024-04-17,750.0,2,0.11,9552,M S WALKER INC             
15_WANBORNE_8627,15,8627,Jadot Beaujolais Villages,750mL,1,9.99,9.99,2024-05-18,750.0,2,0.11,4692,KOBRAND CORPORATION        
67_EANVERNESS_24631,67,24631,Acumen Moutainside Red Napa,750mL,1,24.99,24.99,2024-02-15,750.0,2,0.11,4425,MARTIGNETTI COMPANIES
73_DONCASTER_37071,73,37071,Caymus Conundrum White,750mL,4,91.96,22.99,2024-04-01,750.0,2,0.45,4425,MARTIGNETTI COMPANIES
2_ASHBORNE_31186,2,31186,Almaden Merlot Cal B/B,5L,1,15.99,15.99,2024-08-14,5000.0,2,0.75,9815,WINE GROUP INC             
14_BROMWICH_8023,14,8023,DeKuyper Triple Sec,750mL,12,53.88,4.49,2024-12-31,750.0,1,9.45,12546,JIM BEAM BRANDS COMPANY    
49_GARIGILL_2760,49,2760,Jack Daniels Tennessee Honey,1.75L,1,38.99,38.99,2024-04-28,1750.0,1,1.84,1128,BROWN-FORMAN CORP          
51_ABERDEEN_3683,51,3683,Stolichnaya Ohranj,750mL,1,19.99,19.99,2024-02-23,750.0,1,0.79,8664,"STOLI GROUP,(USA) LLC      "
76_DONCASTER_2543,76,2543,Darnley's View Gin,750mL,1,23.99,23.99,2024-05-04,750.0,1,0.79,6785,PALM BAY INTERNATIONAL INC 
67_EANVERNESS_6477,67,6477,Avion Tequila 3/50ml Sampler,50mL 3 Pk,1,9.99,9.99,2024-01-01,50.0,1,0.05,17035,PERNOD RICARD USA          
19_WINTERVALE_1424,19,1424,Bulleit Bourbon,375mL,1,13.99,13.99,2024-08-20,375.0,1,0.39,3960,DIAGEO NORTH AMERICA INC   
70_KELD_35393,70,35393,Tohu Svgn Bl Marlboro,750mL,2,27.98,13.99,2024-09-21,750.0,2,0.22,9552,M S WALKER INC             
75_BARNCOMBE_2432,75,2432,Crown Royal,750mL,6,137.94,22.99,2024-12-30,750.0,1,4.72,3960,DIAGEO NORTH AMERICA INC   
34_PITMERDEN_17176,34,17176,Beringer Classic Chard,1.5L,5,49.95,9.99,2024-04-09,1500.0,2,1.12,9819,TREASURY WINE ESTATES      
76_DONCASTER_26143,76,26143,R Mondavi Pvt Sel Svgn Bl,750mL,6,47.94,7.99,2024-07-25,750.0,2,0.68,1392,CONSTELLATION BRANDS INC   
34_PITMERDEN_25046,34,25046,Bully Hill Love My Goat Rd,750mL,1,10.99,10.99,2024-09-10,750.0,2,0.11,2000,SOUTHERN WINE & SPIRITS NE 
25_CAERSHIRE_10359,25,10359,Adelsheim Elizbth RSV Pnt Nr,750mL,4,191.96,47.99,2024-10-17,750.0,2,0.45,9552,M S WALKER INC             
21_BALERNO_5356,21,5356,Kahlua,375mL,2,19.98,9.99,2024-04-16,375.0,1,0.79,17035,PERNOD RICARD USA          
8_ALNERWICK_28239,8,28239,Fetzer Eagle Peak Merlot,1.5L,1,12.99,12.99,2024-01-07,1500.0,2,0.22,9165,ULTRA BEVERAGE COMPANY LLP 
34_PITMERDEN_19270,34,19270,Veuve Clicquot Brut Yellow,375mL,1,24.99,24.99,2024-10-11,375.0,2,0.06,8112,MOET HENNESSY USA INC      
75_BARNCOMBE_5447,75,5447,Jagermeister Liqueur,375mL,1,9.99,9.99,2024-10-10,375.0,1,0.39,3089,SIDNEY FRANK IMPORTING CO  
28_LARNWICK_3658,28,3658,Patron Anejo Tequila,750mL,1,58.99,58.99,2024-04-17,750.0,1,0.79,9165,ULTRA BEVERAGE COMPANY LLP 
44_PORTHCRAWL_3568,44,3568,Pearl Cucumber Vodka,50mL,1,0.99,0.99,2024-06-28,50.0,1,0.05,8352,LUXCO INC                  
11_CARDEND_43922,11,43922,Farnum Hill Farmhouse Cider,750mL,1,8.99,8.99,2024-03-29,750.0,2,0.11,90027,POVERTY LANE ORCHARDS      
38_GOULCREST_31318,38,31318,Ch de la Ragotiere Muscadet,750mL,1,13.99,13.99,2024-02-05,750.0,2,0.11,1587,VINEYARD BRANDS INC        
60_IRRAGIN_26356,60,26356,Le Val Grenache Rose,750mL,2,21.98,10.99,2024-09-30,750.0,2,0.22,10754,PERFECTA WINES             
7_STANMORE_8264,7,8264,Ch Ste Michelle Rsl,750mL,6,71.94,11.99,2024-09-16,750.0,2,0.68,8673,STE MICHELLE WINE ESTATES  
76_DONCASTER_8018,76,8018,La Vieille Ferme Red Ventoux,750mL,5,37.45,7.49,2024-04-29,750.0,2,0.56,1587,VINEYARD BRANDS INC        
49_GARIGILL_5391,49,5391,Kamora Coffee,1.75L,3,47.97,15.99,2024-08-08,1750.0,1,5.51,12546,JIM BEAM BRANDS COMPANY    
12_LEESIDE_26016,12,26016,Kuleto Native Son Napa Red,750mL,2,27.98,13.99,2024-09-04,750.0,2,0.22,4425,MARTIGNETTI COMPANIES
7_STANMORE_3545,7,3545,Ketel One Vodka,1.75L,2,59.98,29.99,2024-01-28,1750.0,1,3.67,3960,DIAGEO NORTH AMERICA INC   
60_IRRAGIN_2170,60,2170,Woodford Reserve Bourbon,50mL,1,3.49,3.49,2024-01-15,50.0,1,0.05,1128,BROWN-FORMAN CORP          
36_LEWES_3345,36,3345,Bombay Sapphire Gin,50mL,3,5.97,1.99,2024-09-03,50.0,1,0.16,480,BACARDI USA INC            
43_WOLFORD_5367,43,5367,Sambuca di Amore,750mL,9,76.41,8.49,2024-02-26,750.0,1,7.09,660,SAZERAC NORTH AMERICA INC. 
23_ARBINGTON_13052,23,13052,Ch Ste Michelle Gewurz Colum,750mL,1,9.99,9.99,2024-03-07,750.0,2,0.11,8673,STE MICHELLE WINE ESTATES  
7_STANMORE_1376,7,1376,Jim Beam,1.75L,7,160.93,22.99,2024-01-16,1750.0,1,12.86,12546,JIM BEAM BRANDS COMPANY    
32_MOUNTMEND_3924,32,3924,Espolon Blanco Tequila,750mL,1,26.99,26.99,2024-10-07,750.0,1,0.79,11567,CAMPARI AMERICA            
35_HALIVAARA_31320,35,31320,La Vieille Ferme Rose Vntoux,750mL,1,6.99,6.99,2024-08-05,750.0,2,0.11,1587,VINEYARD BRANDS INC        
27_MOUNTMEND_44452,27,44452,Ravenswood Zen of Zin Znfdl,750mL,1,10.99,10.99,2024-12-05,750.0,2,0.11,1392,CONSTELLATION BRANDS INC   
41_LARNWICK_4264,41,4264,Capt Morgan Spiced Rum Trav,750mL,4,59.96,14.99,2024-10-22,750.0,1,3.15,3960,DIAGEO NORTH AMERICA INC   
21_BALERNO_6960,21,6960,Cooks Brut,750mL,6,41.94,6.99,2024-05-20,750.0,2,0.68,1392,CONSTELLATION BRANDS INC   
67_EANVERNESS_14852,67,14852,Mooiplaas The Bean Pinotage,750mL,2,29.98,14.99,2024-10-01,750.0,2,0.22,90047,CRUSH WINES                
33_HORNSEY_8627,33,8627,Jadot Beaujolais Villages,750mL,4,31.8,7.95,2024-03-31,750.0,2,0.45,4692,KOBRAND CORPORATION        
55_DRY GULCH_38473,55,38473,Adelsheim Pnt Gris Ore,750mL,1,15.99,15.99,2024-03-31,750.0,2,0.11,9552,M S WALKER INC             
58_HARTLEPOOL_2792,58,2792,Jim Beam Apple,50mL,7,6.93,0.99,2024-02-05,50.0,1,0.37,12546,JIM BEAM BRANDS COMPANY    
50_MOUNTMEND_14006,50,14006,Apothic Winemakers Red Blend,750mL,2,19.98,9.99,2024-02-01,750.0,2,0.22,3252,E & J GALLO WINERY         
76_DONCASTER_4199,76,4199,Sauza Blanco Tequila,1.75L,2,45.98,22.99,2024-08-30,1750.0,1,3.67,12546,JIM BEAM BRANDS COMPANY    
25_CAERSHIRE_35375,25,35375,Hess Allomi Cab Svgn,750mL,4,119.96,29.99,2024-06-06,750.0,2,0.45,4425,MARTIGNETTI COMPANIES
9_BLACKPOOL_6879,9,6879,Maurice's Mentholated Mint,50mL,2,1.98,0.99,2024-02-14,50.0,1,0.1,9552,M S WALKER INC             
72_HARDERSFIELD_38179,72,38179,Rex Goliath Chard,750mL,5,29.95,5.99,2024-11-04,750.0,2,0.56,1392,CONSTELLATION BRANDS INC   
59_CLAETHORPES_46023,59,46023,Spellbound Petite Sirah Cal,750mL,1,13.99,13.99,2024-01-28,750.0,2,0.11,9165,ULTRA BEVERAGE COMPANY LLP 
64_CESTERFIELD_3180,64,3180,New Amsterdam Vodka,1.75L,2,37.98,18.99,2024-07-03,1750.0,1,3.67,3252,E & J GALLO WINERY         
38_GOULCREST_31318,38,31318,Ch de la Ragotiere Muscadet,750mL,1,10.99,10.99,2024-01-30,750.0,2,0.11,1587,VINEYARD BRANDS INC        
77_TAMWORTH_5334,77,5334,Kahlua Especial,750mL,1,24.99,24.99,2024-01-14,750.0,1,0.79,17035,PERNOD RICARD USA          
38_GOULCREST_17024,38,17024,Marques de Caceres Albarino,750mL,1,12.99,12.99,2024-05-07,750.0,2,0.11,1587,VINEYARD BRANDS INC        
44_PORTHCRAWL_14805,44,14805,Ninety+Cellars Lot 23 Malbec,750mL,1,8.99,8.99,2024-11-23,750.0,2,0.11,4950,LATITUDE BEVERAGE COMPANY  
77_TAMWORTH_2164,77,2164,New Amsterdam Gin,1.75L,2,33.98,16.99,2024-03-05,1750.0,1,3.67,3252,E & J GALLO WINERY         
50_MOUNTMEND_3679,50,3679,Chopin Vodka,750mL,1,21.99,21.99,2024-05-23,750.0,1,0.79,6213,MHW LTD                    
34_PITMERDEN_27056,34,27056,Klinker Brick Cab Svgn Lodi,750mL,1,16.99,16.99,2024-10-20,750.0,2,0.11,9552,M S WALKER INC             
31_HORNSEY_3607,31,3607,Smirnoff Citrus Vodka,50mL,2,1.98,0.99,2024-01-19,50.0,1,0.1,3960,DIAGEO NORTH AMERICA INC   
48_NORFOLK_8680,48,8680,Crown Royal,1.75L,8,319.92,39.99,2024-04-13,1750.0,1,14.7,3960,DIAGEO NORTH AMERICA INC   
66_EANVERNESS_23116,66,23116,Patz & Hall Sonoma Cst Chard,750mL,1,32.99,32.99,2024-07-15,750.0,2,0.11,4425,MARTIGNETTI COMPANIES
51_ABERDEEN_3745,51,3745,Taaka Vodka Traveler,750mL,2,9.98,4.99,2024-02-07,750.0,1,1.57,8004,SAZERAC CO INC             
22_SHARNWICK_5438,22,5438,Emmets Irish Cream,750mL,1,9.99,9.99,2024-12-02,750.0,1,0.79,3960,DIAGEO NORTH AMERICA INC   
44_PORTHCRAWL_40801,44,40801,Sileni Sauvignon Blanc,750mL,1,10.99,10.99,2024-09-01,750.0,2,0.11,7153,PINE STATE TRADING CO      
20_BREDWARDINE_4124,20,4124,Blue Chair Bay Banana Cream,50mL,2,1.98,0.99,2024-11-22,50.0,1,0.1,6213,MHW LTD                    
56_BEGGAR'S HOLE_33683,56,33683,R Mondavi Privt Slct Chard,1.5L,1,15.99,15.99,2024-09-27,1500.0,2,0.22,1392,CONSTELLATION BRANDS INC   
12_LEESIDE_3728,12,3728,Absolut Citron,1.75L,1,24.99,24.99,2024-08-06,1750.0,1,1.84,17035,PERNOD RICARD USA          
7_STANMORE_757,7,757,Jim Beam Rye,750mL,1,18.99,18.99,2024-12-20,750.0,1,0.79,12546,JIM BEAM BRANDS COMPANY    
6_GOULCREST_7990,6,7990,Noilly Prat Sweet Vermouth,Liter,2,19.98,9.99,2024-04-02,1000.0,1,2.1,480,BACARDI USA INC            
53_HILLFAR_5191,53,5191,Fireball Cinnamon Whiskey,375mL,2,19.98,9.99,2024-05-19,375.0,1,0.79,8004,SAZERAC CO INC             
55_DRY GULCH_34427,55,34427,Frei Bros RSV Cab Svgn Alex,750mL,2,43.98,21.99,2024-01-09,750.0,2,0.22,3252,E & J GALLO WINERY         
57_LANTEGLOS_39411,57,39411,Mirassou Chard Cntrl Coast,750mL,1,9.99,9.99,2024-05-27,750.0,2,0.11,3252,E & J GALLO WINERY         
76_DONCASTER_5962,76,5962,Vermont Ice Maple Creme,750mL,2,49.98,24.99,2024-11-11,750.0,1,1.57,9165,ULTRA BEVERAGE COMPANY LLP 
30_CULCHETH_4089,30,4089,Capt Morgan White,1.75L,2,39.98,19.99,2024-05-01,1750.0,1,3.67,3960,DIAGEO NORTH AMERICA INC   
19_WINTERVALE_4670,19,4670,Bacardi Dragon Berry Rum,375mL,1,5.99,5.99,2024-04-11,375.0,1,0.39,480,BACARDI USA INC            
38_GOULCREST_6375,38,6375,Christian Bros Dry Sherry,750mL,1,5.49,5.49,2024-04-29,750.0,2,0.11,3924,HEAVEN HILL DISTILLERIES   
24_PALPERROTH_6420,24,6420,R M Woodbridge Chard Cal,750mL,1,6.99,6.99,2024-12-02,750.0,2,0.11,1392,CONSTELLATION BRANDS INC   
75_BARNCOMBE_5197,75,5197,Southern Comfort,375mL,1,7.99,7.99,2024-06-12,375.0,1,0.39,1128,BROWN-FORMAN CORP          
36_LEWES_8905,36,8905,Livingston Cellars Red Rose,3L,2,23.98,11.99,2024-03-02,3000.0,2,0.9,3252,E & J GALLO WINERY         
6_GOULCREST_17216,6,17216,Gerard Metz Pnt Gris,750mL,1,17.99,17.99,2024-09-01,750.0,2,0.11,90024,VINILANDIA USA             
38_GOULCREST_41254,38,41254,Ch St Jean Merlot Cal,750mL,4,35.8,8.95,2024-11-04,750.0,2,0.45,9819,TREASURY WINE ESTATES      
13_TARMSWORTH_7715,13,7715,Andre Extra Dry,750mL,2,11.98,5.99,2024-01-08,750.0,2,0.22,3252,E & J GALLO WINERY         
3_HORNSEY_1220,3,1220,Woodford Reserve Bourbon,750mL,1,30.99,30.99,2024-09-29,750.0,1,0.79,1128,BROWN-FORMAN CORP          
71_CLARCTON_3356,71,3356,Svedka Vodka,375mL,1,5.99,5.99,2024-01-04,375.0,1,0.39,1392,CONSTELLATION BRANDS INC   
1_HARDERSFIELD_2143,1,2143,Canadian Mist,1.75L,8,103.92,12.99,2024-10-21,1750.0,1,14.7,1128,BROWN-FORMAN CORP          
61_AETHELNEY_11219,61,11219,Josh Cellars Cab Svgn Sonoma,750mL,5,64.75,12.95,2024-10-27,750.0,2,0.56,4425,MARTIGNETTI COMPANIES
30_CULCHETH_5292,30,5292,Rumpleminze,750mL,1,19.99,19.99,2024-05-12,750.0,1,0.79,3960,DIAGEO NORTH AMERICA INC   
76_DONCASTER_5404,76,5404,E & J Superior Rsv VSOP,375mL,1,5.49,5.49,2024-09-15,375.0,1,0.39,3252,E & J GALLO WINERY         
35_HALIVAARA_36992,35,36992,Duck Pond Willamette Pnt Nr,750mL,1,17.99,17.99,2024-05-20,750.0,2,0.11,10754,PERFECTA WINES             
75_BARNCOMBE_39708,75,39708,R Mondavi Pvt Sln Pnt Grigio,750mL,1,8.99,8.99,2024-12-18,750.0,2,0.11,1392,CONSTELLATION BRANDS INC   
55_DRY GULCH_4480,55,4480,Appleton Special Gold Rum,750mL,2,29.98,14.99,2024-11-23,750.0,1,1.57,11567,CAMPARI AMERICA            
13_TARMSWORTH_3527,13,3527,Reyka Vodka,1.75L,1,29.99,29.99,2024-07-20,1750.0,1,1.84,3664,WILLIAM GRANT & SONS INC   
66_EANVERNESS_24535,66,24535,Giesen Svgn Bl,750mL,2,21.98,10.99,2024-07-11,750.0,2,0.22,653,STATE WINE & SPIRITS   
9_BLACKPOOL_39412,9,39412,Mirassou Merlot Cal,750mL,3,29.97,9.99,2024-12-21,750.0,2,0.34,3252,E & J GALLO WINERY         
38_GOULCREST_16174,38,16174,Inkblot Cab Franc,750mL,1,35.99,35.99,2024-07-21,750.0,2,0.11,4425,MARTIGNETTI COMPANIES
14_BROMWICH_497,14,497,Capt Morgan Spiced Rum,Liter,6,119.94,19.99,2024-03-24,1000.0,1,6.3,3960,DIAGEO NORTH AMERICA INC   
55_DRY GULCH_3821,55,3821,Smirnoff Vanilla Vodka,750mL,5,64.95,12.99,2024-10-28,750.0,1,3.94,3960,DIAGEO NORTH AMERICA INC   
79_BALLYMENA_44340,79,44340,Irony Pnt Nr Monterey,750mL,1,12.99,12.99,2024-06-16,750.0,2,0.11,2242,DELICATO VINEYARDS INC     
69_MOUNTMEND_32649,69,32649,Beringer Classic Wh Merlot,1.5L,2,19.98,9.99,2024-08-22,1500.0,2,0.45,9819,TREASURY WINE ESTATES      
40_BULLMAR_37527,40,37527,Redwood Creek Pnt Grigio,1.5L,1,10.99,10.99,2024-03-13,1500.0,2,0.22,3252,E & J GALLO WINERY         
46_TYWARDREATH_2026,46,2026,Camarena Silver Tequila,750mL,1,18.99,18.99,2024-02-04,750.0,1,0.79,3252,E & J GALLO WINERY         
10_HORNSEY_5822,10,5822,Ryans Irish Cream,375mL,1,7.99,7.99,2024-06-12,375.0,1,0.39,8004,SAZERAC CO INC             
55_DRY GULCH_15466,55,15466,Mirassou Moscato,750mL,1,9.99,9.99,2024-12-22,750.0,2,0.11,3252,E & J GALLO WINERY         
17_OLDHAM_3607,17,3607,Smirnoff Citrus Vodka,50mL,2,1.98,0.99,2024-12-30,50.0,1,0.1,3960,DIAGEO NORTH AMERICA INC   
67_EANVERNESS_8553,67,8553,Dekuyper Blue Curacao,750mL,1,6.99,6.99,2024-09-20,750.0,1,0.79,12546,JIM BEAM BRANDS COMPANY    
74_PAENTMARWY_4211,74,4211,Cruzan Passion Fruit Rum,750mL,3,29.97,9.99,2024-07-22,750.0,1,2.36,12546,JIM BEAM BRANDS COMPANY    
11_CARDEND_14672,11,14672,Duckhorn Decoy Cab Svgn,750mL,24,479.76,19.99,2024-07-08,750.0,2,2.7,4425,MARTIGNETTI COMPANIES
67_EANVERNESS_25776,67,25776,Canvasback Red Mtn Cab Svgn,750mL,1,38.99,38.99,2024-08-06,750.0,2,0.11,4425,MARTIGNETTI COMPANIES
68_SOLARIS_41072,68,41072,Angeline Pnt Nr Rsv,750mL,1,14.99,14.99,2024-06-17,750.0,2,0.11,9552,M S WALKER INC             
65_LUTON_3276,65,3276,Gordons London Dry,1.75L,2,29.98,14.99,2024-12-13,1750.0,1,3.67,3960,DIAGEO NORTH AMERICA INC   
72_HARDERSFIELD_5185,72,5185,Irish Manor Irish Cream,1.75L,2,39.98,19.99,2024-05-21,1750.0,1,3.67,4380,CHARLES JACQUIN ET CIE INC 
76_DONCASTER_14054,76,14054,Seaglass Rsl,750mL,5,44.95,8.99,2024-09-08,750.0,2,0.56,8892,TRINCHERO FAMILY ESTATES   
76_DONCASTER_23143,76,23143,Bogle Chard,750mL,22,174.9,7.95,2024-11-26,750.0,2,2.47,4425,MARTIGNETTI COMPANIES
14_BROMWICH_811,14,811,Jack Daniels No 7 Black,Liter,2,63.98,31.99,2024-11-11,1000.0,1,2.1,1128,BROWN-FORMAN CORP          
37_PAETHSMOUTH_3738,37,3738,Three Olives Chocolate Vodka,750mL,1,11.99,11.99,2024-01-31,750.0,1,0.79,7245,PROXIMO SPIRITS INC.       
41_LARNWICK_29248,41,29248,Toasted Head Chard,750mL,2,21.98,10.99,2024-09-08,750.0,2,0.22,1392,CONSTELLATION BRANDS INC   
13_TARMSWORTH_38181,13,38181,Rex Goliath Pnt Nr,750mL,1,5.99,5.99,2024-11-17,750.0,2,0.11,1392,CONSTELLATION BRANDS INC   
40_BULLMAR_3696,40,3696,Gilbeys Vodka,1.75L,2,21.98,10.99,2024-11-18,1750.0,1,3.67,12546,JIM BEAM BRANDS COMPANY    
23_ARBINGTON_5356,23,5356,Kahlua,375mL,1,9.99,9.99,2024-02-10,375.0,1,0.39,17035,PERNOD RICARD USA          
16_LUNDY_3630,16,3630,Stolichnaya Razberi,1.75L,1,24.99,24.99,2024-05-07,1750.0,1,1.84,8664,"STOLI GROUP,(USA) LLC      "
73_DONCASTER_3658,73,3658,Patron Anejo Tequila,750mL,1,58.99,58.99,2024-12-03,750.0,1,0.79,9165,ULTRA BEVERAGE COMPANY LLP 
23_ARBINGTON_3511,23,3511,New Amsterdam Vodka,750mL,1,9.99,9.99,2024-04-04,750.0,1,0.79,3252,E & J GALLO WINERY         
50_MOUNTMEND_23025,50,23025,Carlo Rossi Red Sangria Cal,4L,1,14.99,14.99,2024-12-12,4000.0,2,0.6,3252,E & J GALLO WINERY         
34_PITMERDEN_21381,34,21381,Barkan Clsc Cab Svgn,750mL,1,13.99,13.99,2024-12-09,750.0,2,0.11,4425,MARTIGNETTI COMPANIES
44_PORTHCRAWL_5480,44,5480,E & J Superior RSV VSOP,750mL,1,10.99,10.99,2024-05-26,750.0,1,0.79,3252,E & J GALLO WINERY         
8_ALNERWICK_17954,8,17954,Drops of Jupiter Red,750mL,2,15.98,7.99,2024-08-19,750.0,2,0.22,9815,WINE GROUP INC             
55_DRY GULCH_2640,55,2640,Michter's Small Batch Bourbn,750mL,1,41.99,41.99,2024-12-09,750.0,1,0.79,4425,MARTIGNETTI COMPANIES
76_DONCASTER_45240,76,45240,Nino Franco Prosecco Rustic,750mL,2,31.98,15.99,2024-07-17,750.0,2,0.22,9165,ULTRA BEVERAGE COMPANY LLP 
56_BEGGAR'S HOLE_6682,56,6682,R M Woodbridge Chard Cal,1.5L,1,13.99,13.99,2024-01-13,1500.0,2,0.22,1392,CONSTELLATION BRANDS INC   
29_AYLESBURY_5251,29,5251,DeKuyper Buttershots Schnpps,50mL,1,0.99,0.99,2024-07-01,50.0,1,0.05,12546,JIM BEAM BRANDS COMPANY    
30_CULCHETH_10957,30,10957,Seaglass Svgn Bl Snt Barbara,750mL,2,17.98,8.99,2024-05-15,750.0,2,0.22,8892,TRINCHERO FAMILY ESTATES   
23_ARBINGTON_2476,23,2476,Crown Royal Maple Whisky,750mL,1,22.99,22.99,2024-02-29,750.0,1,0.79,3960,DIAGEO NORTH AMERICA INC   
2_ASHBORNE_3728,2,3728,Absolut Citron,1.75L,1,25.99,25.99,2024-09-18,1750.0,1,1.84,17035,PERNOD RICARD USA          
23_ARBINGTON_8620,23,8620,Sambuca Romana,375mL,1,11.99,11.99,2024-01-27,375.0,1,0.39,3960,DIAGEO NORTH AMERICA INC   
49_GARIGILL_8515,49,8515,Baileys Chocolate Cherry,750mL,3,59.97,19.99,2024-02-13,750.0,1,2.36,3960,DIAGEO NORTH AMERICA INC   
22_SHARNWICK_25519,22,25519,R.Mondavi PS Bourbon Barrel,750mL,2,23.98,11.99,2024-05-26,750.0,2,0.22,1392,CONSTELLATION BRANDS INC   
65_LUTON_6281,65,6281,Franzia Sunset Blush Tap,5L,1,12.99,12.99,2024-09-08,5000.0,2,0.75,9815,WINE GROUP INC             
67_EANVERNESS_35885,67,35885,Due Torri Pinot Grigio Dell,750mL,1,8.99,8.99,2024-05-22,750.0,2,0.11,9165,ULTRA BEVERAGE COMPANY LLP 
50_MOUNTMEND_7978,50,7978,M & R X Dry Vermouth,750mL,1,7.49,7.49,2024-01-14,750.0,1,0.79,480,BACARDI USA INC            
25_CAERSHIRE_5138,25,5138,Fireball Cinnamon Whisky,750mL,1,12.99,12.99,2024-04-20,750.0,1,0.79,8004,SAZERAC CO INC             
73_DONCASTER_3236,73,3236,Pinnacle Pecan Pie,750mL,1,9.49,9.49,2024-03-25,750.0,1,0.79,12546,JIM BEAM BRANDS COMPANY    
67_EANVERNESS_1380,67,1380,Bulleit 95 Rye,1.75L,1,49.99,49.99,2024-04-02,1750.0,1,1.84,3960,DIAGEO NORTH AMERICA INC   
76_DONCASTER_14393,76,14393,Ch Montaud Cotes de Prov Rse,750mL,24,239.76,9.99,2024-08-19,750.0,2,2.7,7153,PINE STATE TRADING CO      
73_DONCASTER_24753,73,24753,Girl & Dragon Cab Svgn,750mL,3,35.97,11.99,2024-12-23,750.0,2,0.34,9165,ULTRA BEVERAGE COMPANY LLP 
50_MOUNTMEND_3652,50,3652,Ciroc Pineapple Vodka,1.75L,2,97.98,48.99,2024-12-23,1750.0,1,3.67,3960,DIAGEO NORTH AMERICA INC   
19_WINTERVALE_3894,19,3894,Zhenka Vodka 100 Proof,1.75L,2,30.98,15.49,2024-09-29,1750.0,1,3.67,9552,M S WALKER INC             
14_BROMWICH_4382,14,4382,Admiral Nelson Spiced Rum,1.75L,1,15.99,15.99,2024-09-16,1750.0,1,1.84,3924,HEAVEN HILL DISTILLERIES   
73_DONCASTER_2585,73,2585,Jameson Irish Whiskey,750mL,24,575.76,23.99,2024-10-08,750.0,1,18.9,17035,PERNOD RICARD USA          
47_PELLA'S WISH_1892,47,1892,Yukon Jack,50mL,1,0.99,0.99,2024-02-14,50.0,1,0.05,3960,DIAGEO NORTH AMERICA INC   
29_AYLESBURY_40098,29,40098,Black Box Merlot Cal,3L,1,18.99,18.99,2024-04-09,3000.0,2,0.45,1392,CONSTELLATION BRANDS INC   
19_WINTERVALE_11414,19,11414,Beringer Classic Moscato,750mL,1,4.99,4.99,2024-08-27,750.0,2,0.11,9819,TREASURY WINE ESTATES      
73_DONCASTER_26436,73,26436,Savory & James Amontillado,750mL,3,29.97,9.99,2024-11-25,750.0,2,0.34,4380,CHARLES JACQUIN ET CIE INC 
7_STANMORE_7261,7,7261,Gallo X Dry Vermouth,750mL,1,5.49,5.49,2024-08-26,750.0,2,0.11,3252,E & J GALLO WINERY         
19_WINTERVALE_3522,19,3522,Platinum 7X Distilled Vodka,1.75L,5,64.95,12.99,2024-07-20,1750.0,1,9.19,8004,SAZERAC CO INC             
71_CLARCTON_1385,71,1385,Makers Mark,750mL,3,74.97,24.99,2024-11-26,750.0,1,2.36,12546,JIM BEAM BRANDS COMPANY    
67_EANVERNESS_2851,67,2851,Mother's Apple Pie Liqueur,750mL,1,8.99,8.99,2024-09-21,750.0,1,0.79,7153,PINE STATE TRADING CO      
41_LARNWICK_7221,41,7221,M & R Sweet Vermouth,1.5L,3,31.47,10.49,2024-01-23,1500.0,2,0.68,480,BACARDI USA INC            
16_LUNDY_8761,16,8761,Jose Cuervo Especial,375mL,2,21.98,10.99,2024-08-29,375.0,1,0.79,7245,PROXIMO SPIRITS INC.       
46_TYWARDREATH_2374,46,2374,Tullamore Dew,1.75L,1,47.99,47.99,2024-05-28,1750.0,1,1.84,3664,WILLIAM GRANT & SONS INC   
8_ALNERWICK_3038,8,3038,Zhenka Raspberry Vodka,1.75L,2,21.98,10.99,2024-11-11,1750.0,1,3.67,9552,M S WALKER INC             
60_IRRAGIN_35464,60,35464,Stags Leap Artemis Cab Svgn,750mL,1,48.99,48.99,2024-05-01,750.0,2,0.11,8673,STE MICHELLE WINE ESTATES  
76_DONCASTER_8036,76,8036,Livingston Chablis Cal,3L,3,35.97,11.99,2024-05-21,3000.0,2,1.35,3252,E & J GALLO WINERY         
16_LUNDY_44494,16,44494,Smoking Loon Pnt Grigio Cal,750mL,1,7.99,7.99,2024-09-17,750.0,2,0.11,9552,M S WALKER INC             
22_SHARNWICK_3253,22,3253,Gilbeys London Dry,1.75L,3,35.97,11.99,2024-12-03,1750.0,1,5.51,12546,JIM BEAM BRANDS COMPANY    
66_EANVERNESS_25188,66,25188,Ch Les Granges Brdx,750mL,3,32.97,10.99,2024-01-16,750.0,2,0.34,9165,ULTRA BEVERAGE COMPANY LLP 
68_SOLARIS_1135,68,1135,Rebel Reserve Bourbon,750mL,1,19.99,19.99,2024-11-11,750.0,1,0.79,8352,LUXCO INC                  
12_LEESIDE_8838,12,8838,Ch Ste Michelle Cab Svgn Col,750mL,1,12.99,12.99,2024-12-18,750.0,2,0.11,8673,STE MICHELLE WINE ESTATES  
34_PITMERDEN_19870,34,19870,Yellow Tail Sangria,1.5L,5,44.75,8.95,2024-06-19,1500.0,2,1.12,4425,MARTIGNETTI COMPANIES
66_EANVERNESS_23521,66,23521,Insurrection Cab/Shiraz,750mL,1,10.99,10.99,2024-01-20,750.0,2,0.11,9815,WINE GROUP INC             
50_MOUNTMEND_20725,50,20725,Chronic Cellars Purple Parad,750mL,1,14.99,14.99,2024-11-04,750.0,2,0.11,7153,PINE STATE TRADING CO      
25_CAERSHIRE_2373,25,2373,Jim Beam Maple,750mL,1,14.99,14.99,2024-11-10,750.0,1,0.79,12546,JIM BEAM BRANDS COMPANY    
70_KELD_2749,70,2749,John Begg Blue Cap,1.75L,1,16.99,16.99,2024-11-25,1750.0,1,1.84,3960,DIAGEO NORTH AMERICA INC   
25_CAERSHIRE_3726,25,3726,Gilbeys Vodka Traveler,750mL,7,34.93,4.99,2024-07-30,750.0,1,5.51,12546,JIM BEAM BRANDS COMPANY    
33_HORNSEY_37840,33,37840,Los Cardos Malbec Mendoza,750mL,5,39.95,7.99,2024-09-28,750.0,2,0.56,8892,TRINCHERO FAMILY ESTATES   
69_MOUNTMEND_18167,69,18167,Lyrarakis Okto Syrah Blend,750mL,1,13.99,13.99,2024-04-22,750.0,2,0.11,12331,STELLAR IMPORTING CO LLC   
61_AETHELNEY_32648,61,32648,Beringer Classic Wh Znfdl,1.5L,4,51.96,12.99,2024-09-12,1500.0,2,0.9,9819,TREASURY WINE ESTATES      
50_MOUNTMEND_8470,50,8470,1800 Reposado Gold Tequila,50mL,3,8.37,2.79,2024-02-07,50.0,1,0.16,7245,PROXIMO SPIRITS INC.       
50_MOUNTMEND_2209,50,2209,Pendleton 1910,750mL,2,35.98,17.99,2024-12-09,750.0,1,1.57,3950,"HOOD RIVER DISTILLERS, Inc."
8_ALNERWICK_24003,8,24003,Corbett Canyon Cab Svgn,1.5L,2,13.98,6.99,2024-01-12,1500.0,2,0.45,9815,WINE GROUP INC             
79_BALLYMENA_3276,79,3276,Gordons London Dry,1.75L,1,14.99,14.99,2024-05-09,1750.0,1,1.84,3960,DIAGEO NORTH AMERICA INC   
35_HALIVAARA_1465,35,1465,Woodford Rsv Bourbon,375mL,1,17.99,17.99,2024-04-07,375.0,1,0.39,1128,BROWN-FORMAN CORP          
36_LEWES_5270,36,5270,Southern Comfort,50mL,2,1.98,0.99,2024-12-21,50.0,1,0.1,8004,SAZERAC CO INC             
73_DONCASTER_37601,73,37601,Hardys Cab Svgn Ausl,3L,1,17.99,17.99,2024-08-06,3000.0,2,0.45,2000,SOUTHERN WINE & SPIRITS NE 
17_OLDHAM_7982,17,7982,M & R Sweet Vermouth,750mL,1,7.49,7.49,2024-03-07,750.0,1,0.79,480,BACARDI USA INC            
73_DONCASTER_8323,73,8323,Jose Cuervo Gold w/Marg Mix,750mL,1,14.99,14.99,2024-07-16,750.0,1,0.79,7245,PROXIMO SPIRITS INC.       
48_NORFOLK_6725,48,6725,Franzia Crisp White Tap,5L,1,14.99,14.99,2024-03-28,5000.0,2,0.75,9815,WINE GROUP INC             
10_HORNSEY_3133,10,3133,Svedka Strwbry Lemonad Vodka,750mL,2,21.98,10.99,2024-07-16,750.0,1,1.57,1392,CONSTELLATION BRANDS INC   
54_GUTHRAM_20862,54,20862,W Hill Est Cab Svgn No Cst,750mL,1,14.99,14.99,2024-09-22,750.0,2,0.11,3252,E & J GALLO WINERY         
10_HORNSEY_23095,10,23095,Glen Ellen Cab Svgn RSV,1.5L,2,13.98,6.99,2024-07-14,1500.0,2,0.45,9815,WINE GROUP INC             
67_EANVERNESS_3880,67,3880,360 Double Chocolate Vodka,750mL,1,12.99,12.99,2024-10-02,750.0,1,0.79,5992,MCCORMICK DISTILLING CO    
76_DONCASTER_3880,76,3880,360 Double Chocolate Vodka,750mL,5,64.95,12.99,2024-09-17,750.0,1,3.94,5992,MCCORMICK DISTILLING CO    
52_GRAYCOTT_415,52,415,Jose Cuervo Especial,Liter,3,53.97,17.99,2024-08-27,1000.0,1,3.15,7245,PROXIMO SPIRITS INC.       
43_WOLFORD_5616,43,5616,Emmets Irish Cream,1.75L,1,19.99,19.99,2024-04-24,1750.0,1,1.84,3960,DIAGEO NORTH AMERICA INC   
73_DONCASTER_17866,73,17866,James Mitchell Cab Svgn,750mL,1,12.99,12.99,2024-01-31,750.0,2,0.11,9165,ULTRA BEVERAGE COMPANY LLP 
49_GARIGILL_20863,49,20863,W Hill Est Chard N Coast,750mL,2,25.98,12.99,2024-09-28,750.0,2,0.22,3252,E & J GALLO WINERY         
38_GOULCREST_6579,38,6579,J Lohr Riverstone Chard,750mL,5,69.95,13.99,2024-05-26,750.0,2,0.56,4425,MARTIGNETTI COMPANIES
38_GOULCREST_28947,38,28947,R M Woodbridge Merlot Cal,1.5L,1,9.99,9.99,2024-04-22,1500.0,2,0.22,1392,CONSTELLATION BRANDS INC   
60_IRRAGIN_25994,60,25994,Rodney Strong Merlot Sonoma,750mL,1,13.95,13.95,2024-12-01,750.0,2,0.11,4425,MARTIGNETTI COMPANIES
78_EASTHAVEN_3351,78,3351,Pinnacle Whipped Vodka,1.75L,1,15.99,15.99,2024-12-09,1750.0,1,1.84,12546,JIM BEAM BRANDS COMPANY    
15_WANBORNE_46379,15,46379,Ghost Pine Cab Svgn LMartini,750mL,11,153.89,13.99,2024-10-22,750.0,2,1.24,3252,E & J GALLO WINERY         
14_BROMWICH_16878,14,16878,Goosebump Velvety Red,750mL,2,15.98,7.99,2024-02-14,750.0,2,0.22,9165,ULTRA BEVERAGE COMPANY LLP 
62_KILMARNOCK_36378,62,36378,MezzaCorona Pnt Grigio,1.5L,3,28.47,9.49,2024-04-15,1500.0,2,0.68,9165,ULTRA BEVERAGE COMPANY LLP 
27_MOUNTMEND_3820,27,3820,Smirnoff Citrus Vodka,1.75L,1,22.99,22.99,2024-07-19,1750.0,1,1.84,3960,DIAGEO NORTH AMERICA INC   
57_LANTEGLOS_5401,57,5401,Jagermeister Liqueur,200mL,1,5.99,5.99,2024-04-12,200.0,1,0.21,3089,SIDNEY FRANK IMPORTING CO  
53_HILLFAR_32648,53,32648,Beringer Classic Wh Znfdl,1.5L,1,9.99,9.99,2024-08-16,1500.0,2,0.22,9819,TREASURY WINE ESTATES      
60_IRRAGIN_4250,60,4250,Zaya Grand Reserva Rum,750mL,1,34.99,34.99,2024-08-03,750.0,1,0.79,9165,ULTRA BEVERAGE COMPANY LLP 
76_DONCASTER_11970,76,11970,Zaccagnini Montepulciano Rsv,750mL,9,134.91,14.99,2024-02-27,750.0,2,1.01,2000,SOUTHERN WINE & SPIRITS NE 
72_HARDERSFIELD_3637,72,3637,Zhenka Vodka Plastic,750mL,1,5.29,5.29,2024-01-31,750.0,1,0.79,9552,M S WALKER INC             
34_PITMERDEN_16151,34,16151,Cavit Alta Luna Pnt Grigio,750mL,1,10.99,10.99,2024-04-15,750.0,2,0.11,6785,PALM BAY INTERNATIONAL INC 
35_HALIVAARA_11080,35,11080,G Vigouroux Pigmentum Malbec,750mL,1,9.99,9.99,2024-01-10,750.0,2,0.11,10754,PERFECTA WINES             
34_PITMERDEN_2290,34,2290,Jim Beam Devils Cut Bourbon,750mL,1,24.99,24.99,2024-07-09,750.0,1,0.79,12546,JIM BEAM BRANDS COMPANY    
14_BROMWICH_2373,14,2373,Jim Beam Maple,750mL,1,14.99,14.99,2024-12-29,750.0,1,0.79,12546,JIM BEAM BRANDS COMPANY    
64_CESTERFIELD_45496,64,45496,Conquista Malbec Mendoza,750mL,2,17.98,8.99,2024-01-04,750.0,2,0.22,7153,PINE STATE TRADING CO      
69_MOUNTMEND_4268,69,4268,Capt Morgan Private Stock,750mL,1,22.99,22.99,2024-06-05,750.0,1,0.79,3960,DIAGEO NORTH AMERICA INC   
41_LARNWICK_20699,41,20699,Fantini Monteplciano D'Abruz,750mL,1,11.99,11.99,2024-12-10,750.0,2,0.11,4425,MARTIGNETTI COMPANIES
81_PEMBROKE_5410,81,5410,Raspberry di Amore,750mL,1,7.99,7.99,2024-12-30,750.0,1,0.79,660,SAZERAC NORTH AMERICA INC. 
29_AYLESBURY_5714,29,5714,Jose Cuervo Lime Margarita,200mL 4 Pk,1,9.99,9.99,2024-07-01,200.0,1,0.21,7245,PROXIMO SPIRITS INC.       
15_WANBORNE_15527,15,15527,Roscato Rosso,750mL,12,131.88,10.99,2024-04-22,750.0,2,1.35,6785,PALM BAY INTERNATIONAL INC 
41_LARNWICK_2862,41,2862,Pinch 15-Yr by Haig & Haig,750mL,1,36.99,36.99,2024-11-23,750.0,1,0.79,3960,DIAGEO NORTH AMERICA INC   
72_HARDERSFIELD_10298,72,10298,Alamos Torrontes,750mL,2,19.98,9.99,2024-09-05,750.0,2,0.22,3252,E & J GALLO WINERY         
4_EANVERNESS_27042,4,27042,Luna di Luna Chard/Pnt Grigo,750mL,1,7.99,7.99,2024-04-09,750.0,2,0.11,9552,M S WALKER INC             
15_WANBORNE_4241,15,4241,Capt Morgan Spiced Rum,50mL,2,3.98,1.99,2024-07-29,50.0,1,0.1,3960,DIAGEO NORTH AMERICA INC   
60_IRRAGIN_8252,60,8252,Gazdina Rakija Plum Brandy,750mL,1,20.49,20.49,2024-01-02,750.0,1,0.79,7154,PREMIER DISTRIBUTORS       
76_DONCASTER_23757,76,23757,Ch Labegorce 12 Margaux,750mL,1,32.99,32.99,2024-11-23,750.0,2,0.11,10754,PERFECTA WINES             
4_EANVERNESS_8790,4,8790,Bolla Valpolicella,1.5L,1,15.99,15.99,2024-05-31,1500.0,2,0.22,516,BANFI PRODUCTS CORP        
55_DRY GULCH_3746,55,3746,Gordons Vodka 80 Proof,1.75L,1,12.99,12.99,2024-07-02,1750.0,1,1.84,3960,DIAGEO NORTH AMERICA INC   
37_PAETHSMOUTH_5826,37,5826,DeKuyper Razzmatazz,750mL,1,9.99,9.99,2024-11-29,750.0,1,0.79,12546,JIM BEAM BRANDS COMPANY    
46_TYWARDREATH_23273,46,23273,Apothic Crush,750mL,11,109.89,9.99,2024-06-20,750.0,2,1.24,3252,E & J GALLO WINERY         
13_TARMSWORTH_5297,13,5297,Southern Comfort,750mL,2,27.98,13.99,2024-10-21,750.0,1,1.57,8004,SAZERAC CO INC             
5_SUTTON_5404,5,5404,E & J Superior Rsv VSOP,375mL,1,5.49,5.49,2024-08-31,375.0,1,0.39,3252,E & J GALLO WINERY         
38_GOULCREST_24752,38,24752,A Bichot Petit Chablis,750mL,12,107.88,8.99,2024-02-13,750.0,2,1.35,9165,ULTRA BEVERAGE COMPANY LLP 
49_GARIGILL_25540,49,25540,Richard Grant Cuvee Rose Brt,750mL,1,13.99,13.99,2024-06-14,750.0,2,0.11,653,STATE WINE & SPIRITS   
50_MOUNTMEND_8338,50,8338,The Glenlivet 12 Yr Single,375mL,1,21.99,21.99,2024-12-26,375.0,1,0.39,17035,PERNOD RICARD USA          
79_BALLYMENA_1388,79,1388,Red Stag by Jim Beam,1.75L,1,23.99,23.99,2024-07-30,1750.0,1,1.84,12546,JIM BEAM BRANDS COMPANY    
60_IRRAGIN_10298,60,10298,Alamos Torrontes,750mL,2,19.98,9.99,2024-01-20,750.0,2,0.22,3252,E & J GALLO WINERY         
34_PITMERDEN_6477,34,6477,Avion Tequila 3/50ml Sampler,50mL 3 Pk,1,9.99,9.99,2024-10-24,50.0,1,0.05,17035,PERNOD RICARD USA          
50_MOUNTMEND_10239,50,10239,Cannonball Cab Svgn Cal,750mL,1,14.99,14.99,2024-02-18,750.0,2,0.11,4425,MARTIGNETTI COMPANIES
10_HORNSEY_4404,10,4404,Bacardi Gold Rum,375mL,1,7.99,7.99,2024-03-31,375.0,1,0.39,480,BACARDI USA INC            
31_HORNSEY_6451,31,6451,Columbia Crest G E Cab Svgn,750mL,1,9.99,9.99,2024-04-10,750.0,2,0.11,8673,STE MICHELLE WINE ESTATES  
34_PITMERDEN_2676,34,2676,Grand MacNish,1.75L,3,41.97,13.99,2024-09-24,1750.0,1,5.51,9552,M S WALKER INC             
57_LANTEGLOS_4343,57,4343,Cruzan Blueberry Lemonade,750mL,1,9.99,9.99,2024-04-30,750.0,1,0.79,12546,JIM BEAM BRANDS COMPANY    
61_AETHELNEY_4522,61,4522,Lairds Apple Jack,750mL,1,14.49,14.49,2024-09-18,750.0,1,0.79,4848,LAIRD & CO                 
38_GOULCREST_5165,38,5165,Hpnotiq Liqueur,750mL,1,17.99,17.99,2024-05-28,750.0,1,0.79,3924,HEAVEN HILL DISTILLERIES   
1_HARDERSFIELD_8101,1,8101,Tanqueray,50mL,4,7.96,1.99,2024-12-29,50.0,1,0.21,3960,DIAGEO NORTH AMERICA INC   
75_BARNCOMBE_7489,75,7489,99 Blackberries,50mL,4,3.96,0.99,2024-11-10,50.0,1,0.21,660,SAZERAC NORTH AMERICA INC. 
50_MOUNTMEND_3625,50,3625,Absolut 80 Proof,750mL,5,89.95,17.99,2024-01-28,750.0,1,3.94,17035,PERNOD RICARD USA          
41_LARNWICK_38483,41,38483,Sharpe Hill Ballet of Angel,750mL,2,21.98,10.99,2024-09-08,750.0,2,0.22,10754,PERFECTA WINES             
12_LEESIDE_6828,12,6828,Santa Rita RSV Cab Svgn,750mL,2,21.98,10.99,2024-05-10,750.0,2,0.22,6785,PALM BAY INTERNATIONAL INC 
60_IRRAGIN_3727,60,3727,Absolut Citron,50mL,1,1.99,1.99,2024-04-09,50.0,1,0.05,17035,PERNOD RICARD USA          
68_SOLARIS_24779,68,24779,Straccali Chianti,1.5L,6,59.94,9.99,2024-12-08,1500.0,2,1.35,6785,PALM BAY INTERNATIONAL INC 
75_BARNCOMBE_8288,75,8288,Korbel Brut,750mL,2,25.98,12.99,2024-05-27,750.0,2,0.22,1128,BROWN-FORMAN CORP          
81_PEMBROKE_3627,81,3627,Absolut 80 Proof,375mL,1,11.99,11.99,2024-11-29,375.0,1,0.39,17035,PERNOD RICARD USA          
73_DONCASTER_11067,73,11067,Sterling Chard,750mL,1,15.99,15.99,2024-10-16,750.0,2,0.11,1590,DIAGEO CHATEAU ESTATE WINES
12_LEESIDE_24875,12,24875,Glen Ellen Merlot RSV,1.5L,1,6.99,6.99,2024-11-21,1500.0,2,0.22,9815,WINE GROUP INC             
76_DONCASTER_1024,76,1024,Hennessey VS +VSOP 50mL,750mL,15,434.85,28.99,2024-04-22,750.0,1,11.81,8112,MOET HENNESSY USA INC      
49_GARIGILL_7956,49,7956,Bayou Satsuma Rum Liqueur,50mL,4,3.96,0.99,2024-12-24,50.0,1,0.21,8664,"STOLI GROUP,(USA) LLC      "
9_BLACKPOOL_3427,9,3427,Stolichnaya Blueberi,1.75L,1,26.99,26.99,2024-01-08,1750.0,1,1.84,8664,"STOLI GROUP,(USA) LLC      "
54_GUTHRAM_3802,54,3802,Three Olives Vodka,1.75L,1,17.99,17.99,2024-03-05,1750.0,1,1.84,7245,PROXIMO SPIRITS INC.       
73_DONCASTER_2615,73,2615,Chivas Regal,50mL,1,3.49,3.49,2024-05-21,50.0,1,0.05,17035,PERNOD RICARD USA          
67_EANVERNESS_20532,67,20532,Bread & Butter Pnt Nr,750mL,3,38.97,12.99,2024-04-19,750.0,2,0.34,653,STATE WINE & SPIRITS   
14_BROMWICH_3625,14,3625,Absolut 80 Proof,750mL,1,17.99,17.99,2024-02-19,750.0,1,0.79,17035,PERNOD RICARD USA          
66_EANVERNESS_44717,66,44717,Dom Chandon Rose Spklg,750mL,17,254.83,14.99,2024-08-06,750.0,2,1.91,8112,MOET HENNESSY USA INC      
54_GUTHRAM_6565,54,6565,Clos du Bois Cab Svgn N Cst,750mL,3,26.97,8.99,2024-11-16,750.0,2,0.34,1392,CONSTELLATION BRANDS INC   
73_DONCASTER_25594,73,25594,Virginia Dare Chard Sonoma C,750mL,1,21.99,21.99,2024-08-19,750.0,2,0.11,2000,SOUTHERN WINE & SPIRITS NE 
79_BALLYMENA_3802,79,3802,Three Olives Vodka,1.75L,1,24.99,24.99,2024-10-21,1750.0,1,1.84,7245,PROXIMO SPIRITS INC.       
60_IRRAGIN_46447,60,46447,Gascon Malbec Mendoza,750mL,1,10.99,10.99,2024-03-25,750.0,2,0.11,3252,E & J GALLO WINERY         
49_GARIGILL_2152,49,2152,New Amsterdam Gin,750mL,1,10.99,10.99,2024-08-17,750.0,1,0.79,3252,E & J GALLO WINERY         
34_PITMERDEN_6574,34,6574,Franzia Tap Wh Znfdl Cal,5L,1,15.99,15.99,2024-05-07,5000.0,2,0.75,9815,WINE GROUP INC             
38_GOULCREST_15295,38,15295,Flip Flop Pnt Grigio,750mL,4,23.96,5.99,2024-09-29,750.0,2,0.45,9815,WINE GROUP INC             
9_BLACKPOOL_12505,9,12505,Angelini Pnt Nr Veneto,750mL,6,59.94,9.99,2024-01-27,750.0,2,0.68,7153,PINE STATE TRADING CO      
21_BALERNO_10727,21,10727,Starborough Svgn Bl Marlboro,750mL,1,9.99,9.99,2024-06-25,750.0,2,0.11,3252,E & J GALLO WINERY         
62_KILMARNOCK_24875,62,24875,Glen Ellen Merlot RSV,1.5L,1,6.99,6.99,2024-09-20,1500.0,2,0.22,9815,WINE GROUP INC             
73_DONCASTER_24203,73,24203,Vega Sindoa 14 Garnacha Nava,750mL,2,25.98,12.99,2024-01-19,750.0,2,0.22,9552,M S WALKER INC             
15_WANBORNE_36770,15,36770,Yellow Tail Cab Svgn Ausl,1.5L,2,19.98,9.99,2024-11-02,1500.0,2,0.45,4425,MARTIGNETTI COMPANIES
57_LANTEGLOS_3102,57,3102,Smirnoff Traveler,1.75L,1,17.99,17.99,2024-03-05,1750.0,1,1.84,3960,DIAGEO NORTH AMERICA INC   
25_CAERSHIRE_23255,25,23255,Balletto Vyds Pnt Gris,750mL,1,11.99,11.99,2024-02-24,750.0,2,0.11,653,STATE WINE & SPIRITS   
15_WANBORNE_2121,15,2121,Canadian Club Traveler,750mL,1,9.99,9.99,2024-02-15,750.0,1,0.79,12546,JIM BEAM BRANDS COMPANY    
47_PELLA'S WISH_3651,47,3651,Belvedere Vodka,50mL,2,7.98,3.99,2024-05-23,50.0,1,0.1,8112,MOET HENNESSY USA INC      
25_CAERSHIRE_18551,25,18551,Antigal Uno Malbec Mendoza,750mL,3,47.97,15.99,2024-04-09,750.0,2,0.34,9552,M S WALKER INC             
16_LUNDY_2663,16,2663,Dewars White Label,1.75L,2,59.98,29.99,2024-11-28,1750.0,1,3.67,480,BACARDI USA INC            
2_ASHBORNE_2917,2,2917,Paddy's Irish Whiskey,750mL,1,19.99,19.99,2024-07-05,750.0,1,0.79,17035,PERNOD RICARD USA          
76_DONCASTER_10626,76,10626,MezzaCorona Pnt Nr,1.5L,2,21.98,10.99,2024-05-13,1500.0,2,0.45,9165,ULTRA BEVERAGE COMPANY LLP 
76_DONCASTER_10420,76,10420,Barefoot Moscato Cal,750mL,1,6.29,6.29,2024-01-22,750.0,2,0.11,3252,E & J GALLO WINERY         
56_BEGGAR'S HOLE_8726,56,8726,Baileys Irish Cream,50mL,3,5.97,1.99,2024-05-14,50.0,1,0.16,3960,DIAGEO NORTH AMERICA INC   
31_HORNSEY_1867,31,1867,Jack Daniels Tennessee Honey,50mL,2,5.98,2.99,2024-01-23,50.0,1,0.1,1128,BROWN-FORMAN CORP          
64_CESTERFIELD_15355,64,15355,Decoy Duckhorn Chard Sonoma,750mL,1,16.99,16.99,2024-05-13,750.0,2,0.11,4425,MARTIGNETTI COMPANIES
31_HORNSEY_5197,31,5197,Southern Comfort,375mL,2,17.98,8.99,2024-08-05,375.0,1,0.79,8004,SAZERAC CO INC             
23_ARBINGTON_38412,23,38412,Excelsior S Afr Chard,750mL,2,17.98,8.99,2024-08-22,750.0,2,0.22,9552,M S WALKER INC             
23_ARBINGTON_35088,23,35088,Newport Vyds Great White RI,750mL,1,9.99,9.99,2024-07-08,750.0,2,0.11,7153,PINE STATE TRADING CO      
36_LEWES_3513,36,3513,Ciroc Snap Frost Vodka,750mL,1,28.99,28.99,2024-05-09,750.0,1,0.79,3960,DIAGEO NORTH AMERICA INC   
39_EASTHALLOW_6174,39,6174,Columbia Crest Grand Merlot,750mL,2,19.98,9.99,2024-09-01,750.0,2,0.22,8673,STE MICHELLE WINE ESTATES  
55_DRY GULCH_2232,55,2232,Sipsmith Gin,750mL,2,75.98,37.99,2024-06-04,750.0,1,1.57,4425,MARTIGNETTI COMPANIES 
73_DONCASTER_8092,73,8092,Johnnie Walker Red Label,50mL,3,6.87,2.29,2024-08-13,50.0,1,0.16,3960,DIAGEO NORTH AMERICA INC   
1_HARDERSFIELD_41251,1,41251,Beringer Classic Pnt Grigio,750mL,2,9.98,4.99,2024-06-23,750.0,2,0.22,9819,TREASURY WINE ESTATES      
66_EANVERNESS_19270,66,19270,Veuve Clicquot Brut Yellow,375mL,1,24.99,24.99,2024-06-08,375.0,2,0.06,8112,MOET HENNESSY USA INC      
69_MOUNTMEND_23161,69,23161,Loft Cab Svgn,3L,1,19.99,19.99,2024-05-11,3000.0,2,0.45,2242,DELICATO VINEYARDS INC     
67_EANVERNESS_4385,67,4385,Parrot Bay 90 Coconut Capt,1.75L,1,24.99,24.99,2024-06-13,1750.0,1,1.84,3960,DIAGEO NORTH AMERICA INC   
14_BROMWICH_44038,14,44038,Barefoot Pnt Grigio Cal,1.5L,1,10.99,10.99,2024-05-27,1500.0,2,0.22,3252,E & J GALLO WINERY         
16_LUNDY_6857,16,6857,Sutter Home Wh Znfdl,1.5L,1,9.99,9.99,2024-07-24,1500.0,2,0.22,8892,TRINCHERO FAMILY ESTATES   
34_PITMERDEN_4414,34,4414,Cruzan Pineapple Rum,750mL,1,9.99,9.99,2024-12-29,750.0,1,0.79,12546,JIM BEAM BRANDS COMPANY    
69_MOUNTMEND_32989,69,32989,Barefoot Cab Svgn Cal,1.5L,2,23.98,11.99,2024-10-20,1500.0,2,0.45,3252,E & J GALLO WINERY         
6_GOULCREST_497,6,497,Capt Morgan Spiced Rum,Liter,8,159.92,19.99,2024-02-21,1000.0,1,8.4,3960,DIAGEO NORTH AMERICA INC   
60_IRRAGIN_7969,60,7969,Sandeman Founders RSV Port,750mL,2,29.98,14.99,2024-04-29,750.0,2,0.22,17035,PERNOD RICARD USA          
73_DONCASTER_39648,73,39648,Ch Ste Michelle Indn W Chard,750mL,1,14.99,14.99,2024-07-26,750.0,2,0.11,8673,STE MICHELLE WINE ESTATES  
56_BEGGAR'S HOLE_5228,56,5228,DeKuyper Wh Cr de Menthe,750mL,1,8.99,8.99,2024-12-09,750.0,1,0.79,12546,JIM BEAM BRANDS COMPANY    
75_BARNCOMBE_8264,75,8264,Ch Ste Michelle Rsl,750mL,6,71.94,11.99,2024-03-23,750.0,2,0.68,8673,STE MICHELLE WINE ESTATES  
69_MOUNTMEND_2580,69,2580,Barr Hill Gin,750mL,1,34.99,34.99,2024-09-03,750.0,1,0.79,1273,CALEDONIA SPIRITS INC      
44_PORTHCRAWL_8517,44,8517,Baileys Salted Caramel,750mL,1,21.99,21.99,2024-06-10,750.0,1,0.79,3960,DIAGEO NORTH AMERICA INC   
23_ARBINGTON_5758,23,5758,1800 Ultimate Margarita RTD,1.75L,1,17.99,17.99,2024-05-28,1750.0,1,1.84,7245,PROXIMO SPIRITS INC.       
23_ARBINGTON_10266,23,10266,Klinker Brick Old Vine Znfdl,750mL,1,16.99,16.99,2024-06-13,750.0,2,0.11,9552,M S WALKER INC             
47_PELLA'S WISH_32906,47,32906,Sterling Vintners Cab Svgn C,750mL,7,83.93,11.99,2024-01-08,750.0,2,0.79,1590,DIAGEO CHATEAU ESTATE WINES
34_PITMERDEN_3960,34,3960,Tortilla Gold Tequila Liquer,1.75L,2,25.98,12.99,2024-03-03,1750.0,1,3.67,8004,SAZERAC CO INC             
34_PITMERDEN_1278,34,1278,Jim Beam Black,1.75L,2,71.98,35.99,2024-10-22,1750.0,1,3.67,12546,JIM BEAM BRANDS COMPANY    
51_ABERDEEN_2663,51,2663,Dewars White Label,1.75L,3,89.97,29.99,2024-10-02,1750.0,1,5.51,480,BACARDI USA INC            
47_PELLA'S WISH_6857,47,6857,Sutter Home Wh Znfdl,1.5L,3,29.97,9.99,2024-11-04,1500.0,2,0.68,8892,TRINCHERO FAMILY ESTATES   
1_HARDERSFIELD_5316,1,5316,Amaretto DiSaronno,50mL,3,6.87,2.29,2024-10-04,50.0,1,0.16,2555,DISARONNO INTERNATIONAL LLC
74_PAENTMARWY_6824,74,6824,Kendall Jackson Pnt Nr Vtnr,750mL,2,29.98,14.99,2024-12-18,750.0,2,0.22,10000,MAJESTIC FINE WINES        
32_MOUNTMEND_37828,32,37828,Yellow Tail Shiraz/Cab Ausl,1.5L,1,10.49,10.49,2024-10-01,1500.0,2,0.22,4425,MARTIGNETTI COMPANIES
66_EANVERNESS_37731,66,37731,Corbett Canyon Chard,3L,2,21.98,10.99,2024-02-05,3000.0,2,0.9,9815,WINE GROUP INC             
11_CARDEND_3568,11,3568,Pearl Cucumber Vodka,50mL,3,2.97,0.99,2024-06-18,50.0,1,0.16,8352,LUXCO INC                  
66_EANVERNESS_14129,66,14129,14 Hands Hot to Trot Red,750mL,2,17.98,8.99,2024-04-09,750.0,2,0.22,8673,STE MICHELLE WINE ESTATES  
35_HALIVAARA_3787,35,3787,Jose Cuervo Especial Silver,750mL,3,50.97,16.99,2024-03-25,750.0,1,2.36,7245,PROXIMO SPIRITS INC.       
66_EANVERNESS_8178,66,8178,Bulleit Bourbon,750mL,1,25.99,25.99,2024-01-25,750.0,1,0.79,3960,DIAGEO NORTH AMERICA INC   
9_BLACKPOOL_3999,9,3999,Hornitos Anejo Tequila,750mL,1,21.99,21.99,2024-05-06,750.0,1,0.79,12546,JIM BEAM BRANDS COMPANY    
15_WANBORNE_1465,15,1465,Woodford Rsv Bourbon,375mL,7,104.93,14.99,2024-01-09,375.0,1,2.76,1128,BROWN-FORMAN CORP          
55_DRY GULCH_8612,55,8612,Grand Marnier,1.75L,1,67.99,67.99,2024-09-29,1750.0,1,1.84,8112,MOET HENNESSY USA INC      
57_LANTEGLOS_8680,57,8680,Crown Royal,1.75L,1,36.99,36.99,2024-12-12,1750.0,1,1.84,3960,DIAGEO NORTH AMERICA INC   
42_BLACK HOLLOW_8023,42,8023,DeKuyper Triple Sec,750mL,1,4.99,4.99,2024-07-15,750.0,1,0.79,12546,JIM BEAM BRANDS COMPANY    
10_HORNSEY_1148,10,1148,Old New England Egg Nog,750mL,6,41.94,6.99,2024-12-01,750.0,1,4.72,9552,M S WALKER INC             
73_DONCASTER_6596,73,6596,Kenwood Svgn Bl Sonoma,750mL,1,9.99,9.99,2024-04-15,750.0,2,0.11,17035,PERNOD RICARD USA          
24_PALPERROTH_41713,24,41713,Fish Eye Merlot,750mL,1,5.99,5.99,2024-09-01,750.0,2,0.11,9815,WINE GROUP INC             
59_CLAETHORPES_14930,59,14930,Yellow Tail Moscato,1.5L,2,17.9,8.95,2024-06-12,1500.0,2,0.45,4425,MARTIGNETTI COMPANIES
16_LUNDY_3687,16,3687,Fleischmanns Royal Traveler,750mL,1,4.99,4.99,2024-06-13,750.0,1,0.79,660,SAZERAC NORTH AMERICA INC. 
48_NORFOLK_5219,48,5219,Sambuca Romana Black,750mL,1,19.99,19.99,2024-01-08,750.0,1,0.79,3960,DIAGEO NORTH AMERICA INC   
11_CARDEND_32831,11,32831,Carpineto Dogajolo Tuscan Rd,750mL,1,11.49,11.49,2024-05-14,750.0,2,0.11,9165,ULTRA BEVERAGE COMPANY LLP 
29_AYLESBURY_20731,29,20731,Villa Jolanda Strwby Moscato,750mL,2,19.98,9.99,2024-07-03,750.0,2,0.22,7153,PINE STATE TRADING CO      
3_HORNSEY_8441,3,8441,Baileys Irish Cream,375mL,1,12.99,12.99,2024-07-17,375.0,1,0.39,3960,DIAGEO NORTH AMERICA INC   
43_WOLFORD_10421,43,10421,Barefoot Moscato Cal,1.5L,1,11.99,11.99,2024-02-07,1500.0,2,0.22,3252,E & J GALLO WINERY         
39_EASTHALLOW_30656,39,30656,Steele Pnt Nr,750mL,1,16.99,16.99,2024-01-08,750.0,2,0.11,9552,M S WALKER INC             
34_PITMERDEN_38011,34,38011,Yellow Tail RSV Shiraz Ausl,750mL,1,10.99,10.99,2024-12-23,750.0,2,0.11,4425,MARTIGNETTI COMPANIES
72_HARDERSFIELD_43809,72,43809,R M Woodbridge Pnt Nr,1.5L,5,49.95,9.99,2024-04-14,1500.0,2,1.12,1392,CONSTELLATION BRANDS INC   
55_DRY GULCH_7891,55,7891,DeLeon Platinum Tequila,750mL,1,34.99,34.99,2024-12-31,750.0,1,0.79,3960,DIAGEO NORTH AMERICA INC   
22_SHARNWICK_32367,22,32367,Cavit Pinot Noir Delle Vene,750mL,16,111.84,6.99,2024-01-12,750.0,2,1.8,6785,PALM BAY INTERNATIONAL INC 
67_EANVERNESS_7868,67,7868,Mumm Cordon Rouge Brut,750mL,2,77.98,38.99,2024-01-08,750.0,2,0.22,17035,PERNOD RICARD USA          
72_HARDERSFIELD_8623,72,8623,Casamigos Anejo Tequila,50mL,5,14.95,2.99,2024-07-31,50.0,1,0.26,6213,MHW LTD                    
2_ASHBORNE_18856,2,18856,Barefoot Refresh Sweet White,750mL,2,11.98,5.99,2024-07-01,750.0,2,0.22,3252,E & J GALLO WINERY         
10_HORNSEY_38549,10,38549,Stemmari Nero D'Avola,750mL,1,6.99,6.99,2024-08-11,750.0,2,0.11,9165,ULTRA BEVERAGE COMPANY LLP 
55_DRY GULCH_12110,55,12110,La Crema Chardonnay Monterey,750mL,2,31.98,15.99,2024-11-21,750.0,2,0.22,10000,MAJESTIC FINE WINES        
2_ASHBORNE_3405,2,3405,Tito's Handmade Vodka,1.75L,8,231.92,28.99,2024-11-09,1750.0,1,14.7,4425,MARTIGNETTI COMPANIES
36_LEWES_3727,36,3727,Absolut Citron,50mL,1,1.99,1.99,2024-10-11,50.0,1,0.05,17035,PERNOD RICARD USA          
79_BALLYMENA_32907,79,32907,Sterling Vintners Cltn Chard,750mL,1,8.99,8.99,2024-04-30,750.0,2,0.11,1590,DIAGEO CHATEAU ESTATE WINES
69_MOUNTMEND_43184,69,43184,Writer's Block Cab Franc,750mL,1,15.99,15.99,2024-02-28,750.0,2,0.11,9552,M S WALKER INC             
34_PITMERDEN_15875,34,15875,Ranga Ranga Svgn Bl,750mL,1,13.99,13.99,2024-02-07,750.0,2,0.11,10754,PERFECTA WINES             
44_PORTHCRAWL_42350,44,42350,Black Box Shiraz Cntrl Coast,3L,1,15.99,15.99,2024-07-15,3000.0,2,0.45,1392,CONSTELLATION BRANDS INC   
39_EASTHALLOW_273,39,273,Sauza Extra Gold Tequila,1.75L,2,49.98,24.99,2024-03-25,1750.0,1,3.67,12546,JIM BEAM BRANDS COMPANY    
4_EANVERNESS_5219,4,5219,Sambuca Romana Black,750mL,2,39.98,19.99,2024-06-25,750.0,1,1.57,3960,DIAGEO NORTH AMERICA INC   
74_PAENTMARWY_6976,74,6976,Ruffino Chianti Clsc RSV Tan,750mL,1,19.99,19.99,2024-01-08,750.0,2,0.11,1392,CONSTELLATION BRANDS INC   
66_EANVERNESS_2991,66,2991,Tullibardine Single Malt,750mL,1,49.99,49.99,2024-01-08,750.0,1,0.79,2000,SOUTHERN WINE & SPIRITS NE 
30_CULCHETH_27807,30,27807,Night Harvest Chard,750mL,1,6.99,6.99,2024-02-07,750.0,2,0.11,1392,CONSTELLATION BRANDS INC   
55_DRY GULCH_24805,55,24805,Menage a Trois Silk Soft Red,750mL,1,10.99,10.99,2024-08-15,750.0,2,0.11,8892,TRINCHERO FAMILY ESTATES   
4_EANVERNESS_1760,4,1760,William Grant Scotch,1.75L,1,25.99,25.99,2024-07-25,1750.0,1,1.84,3664,WILLIAM GRANT & SONS INC   
73_DONCASTER_38899,73,38899,L Martini Cab Svgn Sonoma,750mL,1,13.99,13.99,2024-04-06,750.0,2,0.11,3252,E & J GALLO WINERY         
13_TARMSWORTH_7878,13,7878,Allens Coffee Brandy,1.75L,10,159.9,15.99,2024-07-21,1750.0,1,18.38,9552,M S WALKER INC             
76_DONCASTER_40097,76,40097,Black Box Chard,3L,4,75.96,18.99,2024-08-20,3000.0,2,1.8,1392,CONSTELLATION BRANDS INC   
14_BROMWICH_20731,14,20731,Villa Jolanda Strwby Moscato,750mL,1,9.99,9.99,2024-08-24,750.0,2,0.11,7153,PINE STATE TRADING CO      
13_TARMSWORTH_2889,13,2889,Buchanans Deluxe 12Yr Scotch,750mL,1,29.99,29.99,2024-12-31,750.0,1,0.79,3960,DIAGEO NORTH AMERICA INC   
15_WANBORNE_7279,15,7279,Yago Sant'Gria Red,1.5L,1,7.99,7.99,2024-04-08,1500.0,2,0.22,8352,LUXCO INC                  
63_SWORDBREAK_4358,63,4358,Mr Boston Light Rum,750mL,1,5.99,5.99,2024-05-15,750.0,1,0.79,660,SAZERAC NORTH AMERICA INC. 
76_DONCASTER_27556,76,27556,Querceto Chianti Clsc RSV,750mL,5,64.95,12.99,2024-10-21,750.0,2,0.56,9165,ULTRA BEVERAGE COMPANY LLP 
42_BLACK HOLLOW_3671,42,3671,Stolichnaya Razberi,50mL,1,1.99,1.99,2024-12-26,50.0,1,0.05,8664,"STOLI GROUP,(USA) LLC      "
70_KELD_36874,70,36874,Yellow Tail Merlot Ausl,750mL,1,7.99,7.99,2024-09-16,750.0,2,0.11,4425,MARTIGNETTI COMPANIES
10_HORNSEY_482,10,482,Absolut 80 Proof,Liter,4,87.96,21.99,2024-09-22,1000.0,1,4.2,17035,PERNOD RICARD USA          
9_BLACKPOOL_1174,9,1174,Rebel Yell,1.75L,2,39.98,19.99,2024-10-07,1750.0,1,3.67,8352,LUXCO INC                  
7_STANMORE_3595,7,3595,Smirnoff Blue 100 Proof,750mL,1,15.99,15.99,2024-02-22,750.0,1,0.79,3960,DIAGEO NORTH AMERICA INC   
75_BARNCOMBE_2944,75,2944,The Glenlivet Founders Res,750mL,1,49.99,49.99,2024-04-14,750.0,1,0.79,17035,PERNOD RICARD USA          
63_SWORDBREAK_4252,63,4252,Bacardi Limon Rum,50mL,2,1.98,0.99,2024-04-28,50.0,1,0.1,480,BACARDI USA INC            
50_MOUNTMEND_8236,50,8236,Jim Beam,50mL,2,2.98,1.49,2024-08-23,50.0,1,0.1,12546,JIM BEAM BRANDS COMPANY    
20_BREDWARDINE_16829,20,16829,C Y Toro Gran Reserva Cab Sv,750mL,1,13.99,13.99,2024-01-01,750.0,2,0.11,516,BANFI PRODUCTS CORP        
55_DRY GULCH_8402,55,8402,Spud Pumpkin Spice Vodka,750mL,1,24.99,24.99,2024-07-01,750.0,1,0.79,10050,Russian Standard Vodka     
53_HILLFAR_8893,53,8893,Yukon Jack,750mL,1,16.99,16.99,2024-08-25,750.0,1,0.79,3960,DIAGEO NORTH AMERICA INC   
35_HALIVAARA_5447,35,5447,Jagermeister Liqueur,375mL,2,19.98,9.99,2024-06-10,375.0,1,0.79,3089,SIDNEY FRANK IMPORTING CO  
15_WANBORNE_8440,15,8440,Bailey's Espresso Creme,750mL,2,39.98,19.99,2024-12-15,750.0,1,1.57,3960,DIAGEO NORTH AMERICA INC   
30_CULCHETH_2177,30,2177,Canadian Hunter Rye,50mL,1,0.99,0.99,2024-12-19,50.0,1,0.05,8004,SAZERAC CO INC             
60_IRRAGIN_3837,60,3837,Skyy Vodka,50mL,3,2.97,0.99,2024-01-14,50.0,1,0.16,11567,CAMPARI AMERICA            
73_DONCASTER_2676,73,2676,Grand MacNish,1.75L,3,44.97,14.99,2024-06-13,1750.0,1,5.51,9552,M S WALKER INC             
43_WOLFORD_3871,43,3871,Smirnoff Watermelon Vodka,750mL,1,10.99,10.99,2024-07-23,750.0,1,0.79,3960,DIAGEO NORTH AMERICA INC   
36_LEWES_36770,36,36770,Yellow Tail Cab Svgn Ausl,1.5L,1,8.95,8.95,2024-12-12,1500.0,2,0.22,4425,MARTIGNETTI COMPANIES
2_ASHBORNE_26450,2,26450,Pere Anselme CDR Rose,750mL,1,11.99,11.99,2024-07-21,750.0,2,0.11,9165,ULTRA BEVERAGE COMPANY LLP 
23_ARBINGTON_3834,23,3834,Skyy Vodka,750mL,1,12.99,12.99,2024-03-22,750.0,1,0.79,11567,CAMPARI AMERICA            
77_TAMWORTH_3246,77,3246,Bentley's Vodka,1.75L,4,35.16,8.79,2024-11-14,1750.0,1,7.35,8004,SAZERAC CO INC             
59_CLAETHORPES_1883,59,1883,Seagrams 7 Crown,1.75L,2,35.98,17.99,2024-11-30,1750.0,1,3.67,3960,DIAGEO NORTH AMERICA INC   
51_ABERDEEN_3227,51,3227,Taaka Gin,1.75L,7,62.93,8.99,2024-03-10,1750.0,1,12.86,8004,SAZERAC CO INC             
9_BLACKPOOL_2127,9,2127,Canadian Ltd,1.75L,4,41.96,10.49,2024-12-13,1750.0,1,7.35,660,SAZERAC NORTH AMERICA INC. 
56_BEGGAR'S HOLE_8342,56,8342,Korbel X Dry,750mL,16,223.84,13.99,2024-06-29,750.0,2,1.8,1128,BROWN-FORMAN CORP          
66_EANVERNESS_4218,66,4218,Sailor Jerry Spiced Navy Rum,750mL,3,50.97,16.99,2024-06-17,750.0,1,2.36,3664,WILLIAM GRANT & SONS INC   
35_HALIVAARA_5735,35,5735,Malibu Rum,750mL,1,12.99,12.99,2024-10-15,750.0,1,0.79,17035,PERNOD RICARD USA          
47_PELLA'S WISH_5656,47,5656,Cabin Fever Maple Liqueur,50mL,1,1.49,1.49,2024-03-19,50.0,1,0.05,3960,DIAGEO NORTH AMERICA INC   
68_SOLARIS_39689,68,39689,Hahn Meritage Central Coast,750mL,2,32.98,16.49,2024-07-25,750.0,2,0.22,7153,PINE STATE TRADING CO      
73_DONCASTER_17978,73,17978,Calling All Angels Chard,750mL,1,7.99,7.99,2024-02-11,750.0,2,0.11,9815,WINE GROUP INC             
41_LARNWICK_14701,41,14701,Cupcake Red Velvet,750mL,4,29.96,7.49,2024-10-08,750.0,2,0.45,9815,WINE GROUP INC             
6_GOULCREST_1737,6,1737,Makers Mark,1.75L,1,52.99,52.99,2024-10-13,1750.0,1,1.84,12546,JIM BEAM BRANDS COMPANY    
21_BALERNO_28889,21,28889,Peter Vella Chard Cal B/B,5L,1,15.49,15.49,2024-12-29,5000.0,2,0.75,3252,E & J GALLO WINERY         
55_DRY GULCH_3172,55,3172,Skyy Infusions Blood Orange,750mL,1,12.99,12.99,2024-11-25,750.0,1,0.79,11567,CAMPARI AMERICA            
33_HORNSEY_5170,33,5170,Dr McGillicuddy's Apple Pie,750mL,1,13.99,13.99,2024-12-17,750.0,1,0.79,8004,SAZERAC CO INC             
61_AETHELNEY_1281,61,1281,Benchmark Old #8 Bourbon,1.75L,1,17.99,17.99,2024-11-25,1750.0,1,1.84,8004,SAZERAC CO INC             
10_HORNSEY_12111,10,12111,LaBelle Winery Cranberry,750mL,1,15.99,15.99,2024-09-02,750.0,2,0.11,90032,LABELLE VYDS AND WINERY    
76_DONCASTER_857,76,857,Kahlua,Liter,3,71.97,23.99,2024-03-20,1000.0,1,3.15,17035,PERNOD RICARD USA          
58_HARTLEPOOL_8620,58,8620,Sambuca Romana,375mL,1,11.99,11.99,2024-05-01,375.0,1,0.39,3960,DIAGEO NORTH AMERICA INC   
71_CLARCTON_3821,71,3821,Smirnoff Vanilla Vodka,750mL,1,10.99,10.99,2024-01-30,750.0,1,0.79,3960,DIAGEO NORTH AMERICA INC   
4_EANVERNESS_6570,4,6570,Kendall Jackson Chard Vt RSV,750mL,5,54.95,10.99,2024-04-01,750.0,2,0.56,10000,MAJESTIC FINE WINES        
76_DONCASTER_39384,76,39384,F Coppola Diamond Pnt Nr,750mL,2,31.98,15.99,2024-09-17,750.0,2,0.22,2000,SOUTHERN WINE & SPIRITS NE 
23_ARBINGTON_8535,23,8535,Arrow Peppermint Schnapps,375mL,1,3.49,3.49,2024-10-29,375.0,1,0.39,8352,LUXCO INC                  
72_HARDERSFIELD_27735,72,27735,Bogle Cab Svgn Cal,750mL,3,32.97,10.99,2024-12-30,750.0,2,0.34,4425,MARTIGNETTI COMPANIES
67_EANVERNESS_1734,67,1734,Duggans Dew O Kirkintilloch,1.75L,1,19.99,19.99,2024-09-26,1750.0,1,1.84,2496,DUGGANS DISTILLED PRODUCTS 
50_MOUNTMEND_4103,50,4103,Capt Morgan White,750mL,1,14.99,14.99,2024-02-11,750.0,1,0.79,3960,DIAGEO NORTH AMERICA INC   
76_DONCASTER_4197,76,4197,Sailor Jerry Spiced Rum Trav,750mL,3,50.97,16.99,2024-08-26,750.0,1,2.36,3664,WILLIAM GRANT & SONS INC   
37_PAETHSMOUTH_4181,37,4181,Calypso Spiced Rum,1.75L,4,43.96,10.99,2024-08-02,1750.0,1,7.35,660,SAZERAC NORTH AMERICA INC. 
38_GOULCREST_1378,38,1378,Jim Beam,375mL,2,18.98,9.49,2024-11-22,375.0,1,0.79,12546,JIM BEAM BRANDS COMPANY    
47_PELLA'S WISH_3556,47,3556,Hard Rock Vodka,1.75L,3,38.97,12.99,2024-11-19,1750.0,1,5.51,7153,PINE STATE TRADING CO      
79_BALLYMENA_8761,79,8761,Jose Cuervo Especial,375mL,1,10.99,10.99,2024-10-26,375.0,1,0.39,7245,PROXIMO SPIRITS INC.       
21_BALERNO_5138,21,5138,Fireball Cinnamon Whisky,750mL,2,27.98,13.99,2024-12-20,750.0,1,1.57,8004,SAZERAC CO INC             
14_BROMWICH_7993,14,7993,Stock Italian X Dry Vermouth,750mL,2,12.98,6.49,2024-12-24,750.0,1,1.57,8352,LUXCO INC                  
21_BALERNO_5142,21,5142,Carolans Irish Cream,1.75L,1,22.99,22.99,2024-07-01,1750.0,1,1.84,11567,CAMPARI AMERICA            
50_MOUNTMEND_24560,50,24560,Dom La Fage Tessellae CdRous,750mL,1,10.99,10.99,2024-11-08,750.0,2,0.11,9552,M S WALKER INC             
42_BLACK HOLLOW_16568,42,16568,Moonlight Meadery Sumptuous,375mL,1,12.99,12.99,2024-10-01,375.0,2,0.06,6215,MOONLIGHT MEADERY          
10_HORNSEY_5299,10,5299,Southern Comfort,1.75L,2,37.98,18.99,2024-10-24,1750.0,1,3.67,8004,SAZERAC CO INC             
64_CESTERFIELD_6168,64,6168,Kinky Pink Liqueur,375mL,2,15.98,7.99,2024-03-05,375.0,1,0.79,7153,PINE STATE TRADING CO      
37_PAETHSMOUTH_3606,37,3606,Smirnoff Raspberry Vodka,50mL,5,4.95,0.99,2024-11-23,50.0,1,0.26,3960,DIAGEO NORTH AMERICA INC   
38_GOULCREST_2499,38,2499,Crown Royal Black,750mL,1,29.99,29.99,2024-06-23,750.0,1,0.79,3960,DIAGEO NORTH AMERICA INC   
60_IRRAGIN_5317,60,5317,B & B Liqueur Dom,50mL,1,3.29,3.29,2024-11-01,50.0,1,0.05,480,BACARDI USA INC            
48_NORFOLK_1867,48,1867,Jack Daniels Tennessee Honey,50mL,1,2.99,2.99,2024-10-22,50.0,1,0.05,1128,BROWN-FORMAN CORP          
77_TAMWORTH_3696,77,3696,Gilbeys Vodka,1.75L,1,10.49,10.49,2024-04-12,1750.0,1,1.84,12546,JIM BEAM BRANDS COMPANY    
75_BARNCOMBE_3762,75,3762,Patron Silver Tequila,50mL,2,11.98,5.99,2024-03-25,50.0,1,0.1,9165,ULTRA BEVERAGE COMPANY LLP 
55_DRY GULCH_46763,55,46763,Clayhouse Svgn Bl Paso Roble,750mL,1,11.99,11.99,2024-02-25,750.0,2,0.11,4425,MARTIGNETTI COMPANIES
74_PAENTMARWY_31487,74,31487,Barefoot Bubbly Brut Cve,750mL,12,119.88,9.99,2024-11-12,750.0,2,1.35,3252,E & J GALLO WINERY         
68_SOLARIS_1892,68,1892,Yukon Jack,50mL,6,5.94,0.99,2024-07-01,50.0,1,0.32,3960,DIAGEO NORTH AMERICA INC   
68_SOLARIS_39087,68,39087,Corbett Canyon Pnt Grigio,3L,1,12.99,12.99,2024-01-31,3000.0,2,0.45,9815,WINE GROUP INC             
8_ALNERWICK_6240,8,6240,Riunite Raspberry,1.5L,3,26.97,8.99,2024-04-18,1500.0,2,0.68,516,BANFI PRODUCTS CORP        
50_MOUNTMEND_31497,50,31497,Barefoot Svgn Bl Cal,1.5L,1,11.99,11.99,2024-04-26,1500.0,2,0.22,3252,E & J GALLO WINERY         
50_MOUNTMEND_4563,50,4563,Christian Bros Brandy,1.75L,1,16.99,16.99,2024-01-14,1750.0,1,1.84,3924,HEAVEN HILL DISTILLERIES   
7_STANMORE_2623,7,2623,Ballantines,1.75L,2,57.98,28.99,2024-05-15,1750.0,1,3.67,17035,PERNOD RICARD USA          
73_DONCASTER_19896,73,19896,Masi Soave 2012 Classico,750mL,1,9.99,9.99,2024-01-04,750.0,2,0.11,4692,KOBRAND CORPORATION        
50_MOUNTMEND_6879,50,6879,Maurice's Mentholated Mint,50mL,3,2.97,0.99,2024-11-11,50.0,1,0.16,9552,M S WALKER INC             
81_PEMBROKE_8626,81,8626,Ezra Brooks,1.75L,2,31.98,15.99,2024-12-30,1750.0,1,3.67,8352,LUXCO INC                  
54_GUTHRAM_3876,54,3876,Smirnoff 80 Proof,1.75L,1,19.99,19.99,2024-06-05,1750.0,1,1.84,3960,DIAGEO NORTH AMERICA INC   
55_DRY GULCH_8032,55,8032,Ballatore Gran Spumante,750mL,1,7.99,7.99,2024-06-18,750.0,2,0.11,3252,E & J GALLO WINERY         
50_MOUNTMEND_8203,50,8203,Grand Marnier,50mL,3,8.97,2.99,2024-08-08,50.0,1,0.16,8112,MOET HENNESSY USA INC      
43_WOLFORD_6937,43,6937,Cavit Pinot Grigio,1.5L,4,59.96,14.99,2024-10-07,1500.0,2,0.9,6785,PALM BAY INTERNATIONAL INC 
76_DONCASTER_1384,76,1384,Bulleit 95 Rye,750mL,1,27.99,27.99,2024-02-24,750.0,1,0.79,3960,DIAGEO NORTH AMERICA INC   
38_GOULCREST_12211,38,12211,Black Box Rsl,3L,1,18.99,18.99,2024-10-06,3000.0,2,0.45,1392,CONSTELLATION BRANDS INC   
9_BLACKPOOL_3457,9,3457,Olmeca Altos Plata Tequila,1.75L,2,69.98,34.99,2024-07-29,1750.0,1,3.67,17035,PERNOD RICARD USA          
22_SHARNWICK_6727,22,6727,Antinori Toscana Rd,750mL,1,17.99,17.99,2024-12-31,750.0,2,0.11,8673,STE MICHELLE WINE ESTATES  
7_STANMORE_5358,7,5358,Irish Mist Honey Liqueur,750mL,1,25.99,25.99,2024-01-16,750.0,1,0.79,11567,CAMPARI AMERICA            
22_SHARNWICK_31186,22,31186,Almaden Merlot Cal B/B,5L,2,31.98,15.99,2024-06-18,5000.0,2,1.5,9815,WINE GROUP INC             
60_IRRAGIN_25736,60,25736,Moulin de Gassac Guilhem Red,750mL,1,7.99,7.99,2024-07-15,750.0,2,0.11,9165,ULTRA BEVERAGE COMPANY LLP 
67_EANVERNESS_597,67,597,Baileys Irish Cream,Liter,4,111.96,27.99,2024-12-23,1000.0,1,4.2,3960,DIAGEO NORTH AMERICA INC   
73_DONCASTER_1798,73,1798,Talisker Distillers Edition,750mL,1,69.99,69.99,2024-12-21,750.0,1,0.79,3960,DIAGEO NORTH AMERICA INC   
14_BROMWICH_24875,14,24875,Glen Ellen Merlot RSV,1.5L,1,6.99,6.99,2024-08-18,1500.0,2,0.22,9815,WINE GROUP INC             
11_CARDEND_34998,11,34998,Luiano Chianti Clsc,750mL,2,33.98,16.99,2024-01-11,750.0,2,0.22,9165,ULTRA BEVERAGE COMPANY LLP 
61_AETHELNEY_32924,61,32924,Silverado Cab Svgn Napa,750mL,1,46.99,46.99,2024-12-22,750.0,2,0.11,4425,MARTIGNETTI COMPANIES
62_KILMARNOCK_5367,62,5367,Sambuca di Amore,750mL,2,16.98,8.49,2024-05-20,750.0,1,1.57,660,SAZERAC NORTH AMERICA INC. 
11_CARDEND_812,11,812,Jagermeister Liqueur,Liter,1,19.99,19.99,2024-11-09,1000.0,1,1.05,3089,SIDNEY FRANK IMPORTING CO  
54_GUTHRAM_9145,54,9145,Smirnoff Kissed Caramel,50mL,2,1.98,0.99,2024-01-29,50.0,1,0.1,3960,DIAGEO NORTH AMERICA INC   
38_GOULCREST_3782,38,3782,Grey Goose Le Citron Vodka,750mL,2,47.98,23.99,2024-01-06,750.0,1,1.57,480,BACARDI USA INC            
38_GOULCREST_8480,38,8480,Clan MacGregor,1.75L,2,29.98,14.99,2024-03-20,1750.0,1,3.67,3664,WILLIAM GRANT & SONS INC   
38_GOULCREST_24312,38,24312,Ch Clos Fourtet 12 St-Emilin,750mL,1,99.99,99.99,2024-04-09,750.0,2,0.11,2000,SOUTHERN WINE & SPIRITS NE 
72_HARDERSFIELD_273,72,273,Sauza Extra Gold Tequila,1.75L,1,21.99,21.99,2024-06-06,1750.0,1,1.84,12546,JIM BEAM BRANDS COMPANY    
22_SHARNWICK_3696,22,3696,Gilbeys Vodka,1.75L,2,20.98,10.49,2024-01-21,1750.0,1,3.67,12546,JIM BEAM BRANDS COMPANY    
66_EANVERNESS_8484,66,8484,1800 Coconut Tequila,50mL,2,5.58,2.79,2024-09-17,50.0,1,0.1,7245,PROXIMO SPIRITS INC.       
5_SUTTON_5191,5,5191,Fireball Cinnamon Whiskey,375mL,1,9.99,9.99,2024-03-26,375.0,1,0.39,8004,SAZERAC CO INC             
67_EANVERNESS_2016,67,2016,Ardbeg Perpetuum Single Malt,750mL,1,99.99,99.99,2024-08-02,750.0,1,0.79,8112,MOET HENNESSY USA INC      
2_ASHBORNE_3348,2,3348,Bombay Sapphire Gin,1.75L,4,127.96,31.99,2024-10-19,1750.0,1,7.35,480,BACARDI USA INC            
6_GOULCREST_34460,6,34460,Dr Loosen Rsl 'Dr L' M,750mL,2,23.98,11.99,2024-01-13,750.0,2,0.22,4425,MARTIGNETTI COMPANIES
68_SOLARIS_29835,68,29835,Casal Garcia Vinho Verde Wh,750mL,5,39.95,7.99,2024-09-24,750.0,2,0.56,4425,MARTIGNETTI COMPANIES
17_OLDHAM_8421,17,8421,Beringer Classic Wh Znfdl,750mL,1,4.99,4.99,2024-07-30,750.0,2,0.11,9819,TREASURY WINE ESTATES      
49_GARIGILL_24768,49,24768,Vinsacro Rioja,750mL,3,47.97,15.99,2024-01-19,750.0,2,0.34,10754,PERFECTA WINES             
49_GARIGILL_159,49,159,Glenmorangie Original VAP,750mL + 2/,1,41.99,41.99,2024-11-05,750.0,1,0.79,8112,MOET HENNESSY USA INC      
11_CARDEND_19252,11,19252,Camp Cab Svgn Sonoma County,750mL,12,191.88,15.99,2024-08-05,750.0,2,1.35,1650,Circa Wines                
25_CAERSHIRE_46202,25,46202,Yellow Tail Pnt Grigio Ausl,1.5L,1,14.99,14.99,2024-10-21,1500.0,2,0.22,4425,MARTIGNETTI COMPANIES
20_BREDWARDINE_4157,20,4157,Smirnoff Green Apple Vodka,50mL,7,6.93,0.99,2024-09-21,50.0,1,0.37,3960,DIAGEO NORTH AMERICA INC   
79_BALLYMENA_8296,79,8296,Knob Creek Smoked Maple,750mL,1,27.99,27.99,2024-01-06,750.0,1,0.79,12546,JIM BEAM BRANDS COMPANY    
15_WANBORNE_23739,15,23739,Liberty School Cab Svgn,750mL,2,23.9,11.95,2024-02-21,750.0,2,0.22,4425,MARTIGNETTI COMPANIES
25_CAERSHIRE_14006,25,14006,Apothic Winemakers Red Blend,750mL,5,49.95,9.99,2024-08-29,750.0,2,0.56,3252,E & J GALLO WINERY         
17_OLDHAM_4330,17,4330,Capt Morgan Spiced Rum 100,1.75L,1,26.99,26.99,2024-11-25,1750.0,1,1.84,3960,DIAGEO NORTH AMERICA INC   
33_HORNSEY_3385,33,3385,Pinnacle Strawbry Kiwi Vodka,1.75L,1,15.99,15.99,2024-12-23,1750.0,1,1.84,12546,JIM BEAM BRANDS COMPANY    
39_EASTHALLOW_3726,39,3726,Gilbeys Vodka Traveler,750mL,4,19.96,4.99,2024-11-01,750.0,1,3.15,12546,JIM BEAM BRANDS COMPANY    
55_DRY GULCH_47027,55,47027,Marcus James Malbec Mendoza,1.5L,1,7.99,7.99,2024-07-25,1500.0,2,0.22,1392,CONSTELLATION BRANDS INC   
67_EANVERNESS_13397,67,13397,Dom Seguinot-Bordet Chablis,750mL,1,23.99,23.99,2024-03-19,750.0,2,0.11,90024,VINILANDIA USA             
49_GARIGILL_7374,49,7374,New Amsterdam Mango Vodka,750mL,2,19.98,9.99,2024-05-16,750.0,1,1.57,3252,E & J GALLO WINERY         
65_LUTON_33874,65,33874,Bella Sera Pinot Grigio Del,1.5L,3,29.97,9.99,2024-01-28,1500.0,2,0.68,3252,E & J GALLO WINERY         
1_HARDERSFIELD_1424,1,1424,Bulleit Bourbon,375mL,1,15.99,15.99,2024-11-15,375.0,1,0.39,3960,DIAGEO NORTH AMERICA INC   
7_STANMORE_3859,7,3859,Smirnoff 80 Proof,375mL,1,8.99,8.99,2024-09-12,375.0,1,0.39,3960,DIAGEO NORTH AMERICA INC   
15_WANBORNE_4818,15,4818,Skyy Infusions Pacific Blueb,750mL,1,12.99,12.99,2024-12-10,750.0,1,0.79,11567,CAMPARI AMERICA            
38_GOULCREST_3489,38,3489,Tanqueray,1.75L,10,289.9,28.99,2024-08-28,1750.0,1,18.38,3960,DIAGEO NORTH AMERICA INC   
74_PAENTMARWY_2212,74,2212,Canadian Rich & Rare,1.75L,3,32.97,10.99,2024-05-31,1750.0,1,5.51,8004,SAZERAC CO INC             
59_CLAETHORPES_15916,59,15916,Simply Naked Pnt Grigio,750mL,1,8.99,8.99,2024-09-23,750.0,2,0.11,1392,CONSTELLATION BRANDS INC   
71_CLARCTON_6651,71,6651,Rocca Delle Macie Chianti C,750mL,2,23.98,11.99,2024-11-08,750.0,2,0.22,6785,PALM BAY INTERNATIONAL INC 
59_CLAETHORPES_29128,59,29128,Sutter Home Merlot Cal,187mL 4 Pk,1,5.99,5.99,2024-09-20,187.0,2,0.03,8892,TRINCHERO FAMILY ESTATES   
69_MOUNTMEND_6451,69,6451,Columbia Crest G E Cab Svgn,750mL,4,31.8,7.95,2024-10-13,750.0,2,0.45,8673,STE MICHELLE WINE ESTATES  
42_BLACK HOLLOW_18743,42,18743,Ca'Momi Merlot Napa Valley,750mL,2,19.98,9.99,2024-03-03,750.0,2,0.22,10754,PERFECTA WINES             
58_HARTLEPOOL_7948,58,7948,Bayou Silver Rum,50mL,5,4.95,0.99,2024-12-19,50.0,1,0.26,8664,"STOLI GROUP,(USA) LLC      "
64_CESTERFIELD_3857,64,3857,Grey Goose Vodka,1.75L,4,199.96,49.99,2024-08-10,1750.0,1,7.35,480,BACARDI USA INC            
50_MOUNTMEND_14289,50,14289,Uppercut Cab Svgn,750mL,6,89.94,14.99,2024-09-09,750.0,2,0.68,1590,DIAGEO CHATEAU ESTATE WINES
20_BREDWARDINE_1556,20,1556,Kahlua w/50mL Absolut+Glass,750mL,4,75.96,18.99,2024-12-18,750.0,1,3.15,17035,PERNOD RICARD USA          
38_GOULCREST_1394,38,1394,Makers Mark,375mL,2,33.98,16.99,2024-08-24,375.0,1,0.79,12546,JIM BEAM BRANDS COMPANY    
56_BEGGAR'S HOLE_3826,56,3826,Skyy Vodka,1.75L,1,24.99,24.99,2024-04-14,1750.0,1,1.84,11567,CAMPARI AMERICA            
76_DONCASTER_39981,76,39981,Little Penguin Merlot Ausl,1.5L,3,35.97,11.99,2024-05-14,1500.0,2,0.68,4425,MARTIGNETTI COMPANIES
34_PITMERDEN_24303,34,24303,Cupcake Black Forest,750mL,6,47.94,7.99,2024-02-26,750.0,2,0.68,9815,WINE GROUP INC             
72_HARDERSFIELD_2196,72,2196,Canadian Hunter Whiskey,1.75L,1,11.99,11.99,2024-12-23,1750.0,1,1.84,8004,SAZERAC CO INC             
41_LARNWICK_3210,41,3210,Smirnoff Sourced Pineapple,50mL,3,2.97,0.99,2024-09-10,50.0,1,0.16,3960,DIAGEO NORTH AMERICA INC   
59_CLAETHORPES_8118,59,8118,Mr Boston Blackberry Brandy,750mL,1,6.99,6.99,2024-05-21,750.0,1,0.79,660,SAZERAC NORTH AMERICA INC. 
19_WINTERVALE_2713,19,2713,Inver House Green Plaid 3-Y,1.75L,2,29.98,14.99,2024-09-23,1750.0,1,3.67,660,SAZERAC NORTH AMERICA INC. 
57_LANTEGLOS_3218,57,3218,Firefly Sweet Tea Vodka,750mL,2,25.98,12.99,2024-06-30,750.0,1,1.57,8004,SAZERAC CO INC             
71_CLARCTON_3329,71,3329,Seagrams Extra Smooth Vodka,1.75L,1,16.99,16.99,2024-02-26,1750.0,1,1.84,9165,ULTRA BEVERAGE COMPANY LLP 
7_STANMORE_8082,7,8082,Baileys Irish Cream,1.75L,1,33.99,33.99,2024-02-01,1750.0,1,1.84,3960,DIAGEO NORTH AMERICA INC   
76_DONCASTER_3804,76,3804,Svedka Vodka,750mL,1,9.99,9.99,2024-06-05,750.0,1,0.79,1392,CONSTELLATION BRANDS INC   
23_ARBINGTON_376,23,376,Aperol Liqueur,750mL,1,28.99,28.99,2024-12-14,750.0,1,0.79,11567,CAMPARI AMERICA            
50_MOUNTMEND_44107,50,44107,Carmel Road Pnt Nr Monterey,750mL,3,47.97,15.99,2024-12-19,750.0,2,0.34,9552,M S WALKER INC             
41_LARNWICK_5445,41,5445,Jagermeister Liqueur,750mL,1,15.99,15.99,2024-06-15,750.0,1,0.79,3089,SIDNEY FRANK IMPORTING CO  
79_BALLYMENA_14930,79,14930,Yellow Tail Moscato,1.5L,1,8.95,8.95,2024-08-05,1500.0,2,0.22,4425,MARTIGNETTI COMPANIES
69_MOUNTMEND_38888,69,38888,Justin Cab Svgn Paso Robles,750mL,3,95.97,31.99,2024-05-10,750.0,2,0.34,9552,M S WALKER INC             
57_LANTEGLOS_4280,57,4280,Capt Morgan Parrot Bay Coco,1.75L,1,23.99,23.99,2024-08-19,1750.0,1,1.84,3960,DIAGEO NORTH AMERICA INC   
42_BLACK HOLLOW_3980,42,3980,Hornitos Reposado Tequila,1.75L,1,32.99,32.99,2024-09-03,1750.0,1,1.84,12546,JIM BEAM BRANDS COMPANY    
76_DONCASTER_2834,76,2834,Old Smuggler P E T,1.75L,2,33.98,16.99,2024-09-29,1750.0,1,3.67,8320,SHAW ROSS INT L IMP LTD    
75_BARNCOMBE_8537,75,8537,Dom Chandon Brut Cuvee,750mL,4,59.96,14.99,2024-07-03,750.0,2,0.45,8112,MOET HENNESSY USA INC      
7_STANMORE_14690,7,14690,Bridlewood Pnt Nr Monterey C,750mL,1,10.99,10.99,2024-12-04,750.0,2,0.11,3252,E & J GALLO WINERY         
53_HILLFAR_8475,53,8475,J Roget Extra Dry,187mL,4,7.16,1.79,2024-09-21,187.0,2,0.11,1392,CONSTELLATION BRANDS INC   
47_PELLA'S WISH_4522,47,4522,Lairds Apple Jack,750mL,1,15.99,15.99,2024-06-17,750.0,1,0.79,4848,LAIRD & CO                 
66_EANVERNESS_2729,66,2729,Hell-Cat Maggie Irish Whisky,750mL,1,16.99,16.99,2024-06-09,750.0,1,0.79,9206,PHILLIPS PRODUCTS CO.      
47_PELLA'S WISH_31494,47,31494,Barefoot Merlot Cal,1.5L,3,26.25,8.75,2024-07-16,1500.0,2,0.68,3252,E & J GALLO WINERY         
66_EANVERNESS_44228,66,44228,Clean Slate Rsl Mosel,750mL,6,59.94,9.99,2024-09-30,750.0,2,0.68,7153,PINE STATE TRADING CO      
71_CLARCTON_28260,71,28260,Nathanson Creek Chard,1.5L,1,7.99,7.99,2024-07-23,1500.0,2,0.22,1392,CONSTELLATION BRANDS INC   
74_PAENTMARWY_8653,74,8653,M & R Extra Dry Vermouth,375mL,2,10.58,5.29,2024-12-19,375.0,2,0.11,480,BACARDI USA INC            
60_IRRAGIN_4181,60,4181,Calypso Spiced Rum,1.75L,3,35.97,11.99,2024-02-05,1750.0,1,5.51,660,SAZERAC NORTH AMERICA INC. 
60_IRRAGIN_1130,60,1130,Smugglers Notch Bourbon,750mL,1,45.99,45.99,2024-12-17,750.0,1,0.79,4425,MARTIGNETTI COMPANIES
50_MOUNTMEND_7996,50,7996,Stock Italian Sweet Vermouth,750mL,3,19.47,6.49,2024-04-29,750.0,2,0.34,8352,LUXCO INC                  
70_KELD_3608,70,3608,Smirnoff Orange Vodka,50mL,1,0.99,0.99,2024-08-20,50.0,1,0.05,3960,DIAGEO NORTH AMERICA INC   
68_SOLARIS_4349,68,4349,Sauza Blue Silver,750mL,12,191.88,15.99,2024-06-04,750.0,1,9.45,12546,JIM BEAM BRANDS COMPANY    
64_CESTERFIELD_8130,64,8130,Bacardi Superior Rum,50mL,1,1.29,1.29,2024-01-04,50.0,1,0.05,480,BACARDI USA INC            
43_WOLFORD_3859,43,3859,Smirnoff 80 Proof,375mL,1,8.99,8.99,2024-12-17,375.0,1,0.39,3960,DIAGEO NORTH AMERICA INC   
62_KILMARNOCK_3858,62,3858,Grey Goose Vodka,750mL,4,95.96,23.99,2024-01-22,750.0,1,3.15,480,BACARDI USA INC            
31_HORNSEY_3726,31,3726,Gilbeys Vodka Traveler,750mL,5,24.95,4.99,2024-02-14,750.0,1,3.94,12546,JIM BEAM BRANDS COMPANY    
50_MOUNTMEND_6987,50,6987,Rosemount Shiraz/Cab Svgn,750mL,2,19.98,9.99,2024-12-22,750.0,2,0.22,4425,MARTIGNETTI COMPANIES
25_CAERSHIRE_3608,25,3608,Smirnoff Orange Vodka,50mL,6,5.94,0.99,2024-12-31,50.0,1,0.32,3960,DIAGEO NORTH AMERICA INC   
77_TAMWORTH_40337,77,40337,Da Vinci Chianti Tuscany,750mL,1,9.99,9.99,2024-04-29,750.0,2,0.11,3252,E & J GALLO WINERY         
71_CLARCTON_8066,71,8066,DeKuyper Triple Sec,1.75L,2,19.98,9.99,2024-08-19,1750.0,1,3.67,12546,JIM BEAM BRANDS COMPANY    
30_CULCHETH_8322,30,8322,Chi Chi's Ruby Red Margarita,1.75L,1,7.99,7.99,2024-03-09,1750.0,1,1.84,660,SAZERAC NORTH AMERICA INC. 
48_NORFOLK_26399,48,26399,Trapiche Malbec Mendoza Oak,750mL,1,7.99,7.99,2024-12-19,750.0,2,0.11,9815,WINE GROUP INC             
49_GARIGILL_25711,49,25711,Alexander Vly Vyd Cab Svgn,750mL,2,33.98,16.99,2024-07-21,750.0,2,0.22,7153,PINE STATE TRADING CO      
76_DONCASTER_2729,76,2729,Hell-Cat Maggie Irish Whisky,750mL,1,19.99,19.99,2024-05-10,750.0,1,0.79,9206,PHILLIPS PRODUCTS CO.      
54_GUTHRAM_18877,54,18877,Di Padrino Sweet Vermouth,1.5L,1,7.99,7.99,2024-03-02,1500.0,2,0.22,8004,SAZERAC CO INC             
1_HARDERSFIELD_4298,1,4298,Bacardi Raspberry Rum,50mL,1,0.99,0.99,2024-08-28,50.0,1,0.05,480,BACARDI USA INC            
41_LARNWICK_4265,41,4265,Capt Morgan Spiced Rum,375mL,4,43.96,10.99,2024-06-02,375.0,1,1.57,3960,DIAGEO NORTH AMERICA INC   
62_KILMARNOCK_4736,62,4736,Capt Morgan Spiced Rum,100mL,2,5.98,2.99,2024-01-08,100.0,1,0.21,3960,DIAGEO NORTH AMERICA INC   
34_PITMERDEN_998,34,998,Corralejo Blanco Tequila,750mL,1,24.99,24.99,2024-10-22,750.0,1,0.79,9165,ULTRA BEVERAGE COMPANY LLP 
42_BLACK HOLLOW_21412,42,21412,Cesari Bardolino Chiaretto,750mL,2,15.98,7.99,2024-04-15,750.0,2,0.22,9165,ULTRA BEVERAGE COMPANY LLP 
35_HALIVAARA_5877,35,5877,Ryans Irish Cream,50mL,1,0.99,0.99,2024-08-14,50.0,1,0.05,8004,SAZERAC CO INC             
55_DRY GULCH_6681,55,6681,Cakebread Svgn Bl,750mL,1,23.99,23.99,2024-04-07,750.0,2,0.11,4692,KOBRAND CORPORATION        
6_GOULCREST_28239,6,28239,Fetzer Eagle Peak Merlot,1.5L,1,12.99,12.99,2024-01-04,1500.0,2,0.22,9165,ULTRA BEVERAGE COMPANY LLP 
67_EANVERNESS_24817,67,24817,Mirassou Pnt Nr,1.5L,2,35.98,17.99,2024-05-10,1500.0,2,0.45,3252,E & J GALLO WINERY         
72_HARDERSFIELD_39335,72,39335,Phillips Seven Deadly Znfdl,750mL,5,74.95,14.99,2024-06-23,750.0,2,0.56,4425,MARTIGNETTI COMPANIES
9_BLACKPOOL_28682,9,28682,F Coppola Rosso Bianco Pnt G,750mL,1,12.99,12.99,2024-10-23,750.0,2,0.11,2000,SOUTHERN WINE & SPIRITS NE 
38_GOULCREST_4682,38,4682,Courvoisier VSOP Cognac,750mL,1,37.99,37.99,2024-05-12,750.0,1,0.79,12546,JIM BEAM BRANDS COMPANY    
66_EANVERNESS_4478,66,4478,Myers Original Dark Rum,750mL,1,17.99,17.99,2024-07-15,750.0,1,0.79,3960,DIAGEO NORTH AMERICA INC   
19_WINTERVALE_21957,19,21957,Cooks Spumante,750mL,1,7.99,7.99,2024-11-12,750.0,2,0.11,1392,CONSTELLATION BRANDS INC   
49_GARIGILL_6649,49,6649,Wente Morning Fog Chard,750mL,2,23.98,11.99,2024-12-29,750.0,2,0.22,2000,SOUTHERN WINE & SPIRITS NE 
14_BROMWICH_10453,14,10453,Line 39 Svgn Bl Lake County,750mL,1,11.99,11.99,2024-09-23,750.0,2,0.11,7153,PINE STATE TRADING CO      
21_BALERNO_3614,21,3614,Finlandia Vodka,1.75L,2,45.98,22.99,2024-02-26,1750.0,1,3.67,1128,BROWN-FORMAN CORP          
39_EASTHALLOW_38546,39,38546,Mark West Pnt Nr Sonoma,750mL,6,59.94,9.99,2024-10-11,750.0,2,0.68,1392,CONSTELLATION BRANDS INC   
76_DONCASTER_5246,76,5246,Bacardi Party Drinks Zombie,1.75L,2,31.98,15.99,2024-05-26,1750.0,1,3.67,480,BACARDI USA INC            
9_BLACKPOOL_5312,9,5312,Amaretto DiSaronno,750mL,2,39.98,19.99,2024-10-05,750.0,1,1.57,2555,DISARONNO INTERNATIONAL LLC
21_BALERNO_5539,21,5539,DeKuyper Hot Damn 100*,750mL,1,12.99,12.99,2024-03-26,750.0,1,0.79,12546,JIM BEAM BRANDS COMPANY    
6_GOULCREST_8236,6,8236,Jim Beam,50mL,7,10.43,1.49,2024-03-15,50.0,1,0.37,12546,JIM BEAM BRANDS COMPANY    
68_SOLARIS_4959,68,4959,Bacardi Tangerine,50mL,2,1.98,0.99,2024-12-22,50.0,1,0.1,480,BACARDI USA INC            
50_MOUNTMEND_3791,50,3791,Jose Cuervo Especial Silver,375mL,1,8.99,8.99,2024-09-25,375.0,1,0.39,7245,PROXIMO SPIRITS INC.       
51_ABERDEEN_3574,51,3574,Stoli Gluten Free Vodka,50mL,4,3.96,0.99,2024-06-10,50.0,1,0.21,8664,"STOLI GROUP,(USA) LLC      "
74_PAENTMARWY_39708,74,39708,R Mondavi Pvt Sln Pnt Grigio,750mL,3,23.97,7.99,2024-09-30,750.0,2,0.34,1392,CONSTELLATION BRANDS INC   
22_SHARNWICK_18893,22,18893,19 Crimes Red,750mL,1,8.99,8.99,2024-09-14,750.0,2,0.11,9819,TREASURY WINE ESTATES      
73_DONCASTER_3489,73,3489,Tanqueray,1.75L,3,83.97,27.99,2024-12-17,1750.0,1,5.51,3960,DIAGEO NORTH AMERICA INC   
76_DONCASTER_18747,76,18747,Ca'Momi Rosso di Napa,750mL,1,9.99,9.99,2024-05-28,750.0,2,0.11,10754,PERFECTA WINES             
15_WANBORNE_2755,15,2755,Johnnie Walker Red Label,750mL,2,49.98,24.99,2024-04-28,750.0,1,1.57,3960,DIAGEO NORTH AMERICA INC   
38_GOULCREST_17345,38,17345,Bogle Essential Red,750mL,1,13.99,13.99,2024-04-22,750.0,2,0.11,4425,MARTIGNETTI COMPANIES
49_GARIGILL_21752,49,21752,Flag Hill Cayuga White,750mL,3,38.97,12.99,2024-04-23,750.0,2,0.34,17031,FLAG HILL WINERY & VINEYARD
10_HORNSEY_4829,10,4829,Mr Boston Blackberry Brandy,1.75L,1,11.99,11.99,2024-11-21,1750.0,1,1.84,660,SAZERAC NORTH AMERICA INC. 
44_PORTHCRAWL_8259,44,8259,Hornitos Platas Silver,50mL,1,2.49,2.49,2024-08-19,50.0,1,0.05,12546,JIM BEAM BRANDS COMPANY    
55_DRY GULCH_14191,55,14191,Ch Fage Graves de Vayres,750mL,1,11.99,11.99,2024-08-31,750.0,2,0.11,7153,PINE STATE TRADING CO      
34_PITMERDEN_8632,34,8632,Arak-Gantous & Abouraad,750mL,6,113.94,18.99,2024-03-22,750.0,1,4.72,9552,M S WALKER INC             
55_DRY GULCH_7860,55,7860,Sutter Home Wh Znfdl,750mL,1,5.99,5.99,2024-01-30,750.0,2,0.11,8892,TRINCHERO FAMILY ESTATES   
55_DRY GULCH_32749,55,32749,Brancott Svgn Bl Marlboro,750mL,9,71.91,7.99,2024-10-28,750.0,2,1.01,17035,PERNOD RICARD USA          
38_GOULCREST_3805,38,3805,Cuervo Silver Rolling Stones,750mL,2,29.98,14.99,2024-01-10,750.0,1,1.57,7245,PROXIMO SPIRITS INC.       
11_CARDEND_7077,11,7077,Smirnoff Strawberry Vodka,50mL,1,0.99,0.99,2024-10-02,50.0,1,0.05,3960,DIAGEO NORTH AMERICA INC   
30_CULCHETH_17235,30,17235,B & G Vouvray,750mL,2,21.98,10.99,2024-08-13,750.0,2,0.22,8735,SURVILLE ENTERPRISES CORP  
55_DRY GULCH_4135,55,4135,Smirnoff Blueberry Vodka,50mL,2,1.98,0.99,2024-04-18,50.0,1,0.1,3960,DIAGEO NORTH AMERICA INC   
17_OLDHAM_3840,17,3840,Smirnoff Raspberry Vodka,1.75L,1,19.99,19.99,2024-04-05,1750.0,1,1.84,3960,DIAGEO NORTH AMERICA INC   
75_BARNCOMBE_40097,75,40097,Black Box Chard,3L,1,18.99,18.99,2024-02-12,3000.0,2,0.45,1392,CONSTELLATION BRANDS INC   
73_DONCASTER_12747,73,12747,Barefoot Cellars Pnt Nr,750mL,1,6.29,6.29,2024-01-22,750.0,2,0.11,3252,E & J GALLO WINERY         
73_DONCASTER_21308,73,21308,Chloe Pnt Grigio,750mL,1,10.99,10.99,2024-01-14,750.0,2,0.11,9815,WINE GROUP INC             
23_ARBINGTON_1180,23,1180,Evan Williams Black Label B,1.75L,1,20.99,20.99,2024-11-08,1750.0,1,1.84,3924,HEAVEN HILL DISTILLERIES   
41_LARNWICK_4264,41,4264,Capt Morgan Spiced Rum Trav,750mL,1,14.99,14.99,2024-10-23,750.0,1,0.79,3960,DIAGEO NORTH AMERICA INC   
76_DONCASTER_34460,76,34460,Dr Loosen Rsl 'Dr L' M,750mL,12,143.88,11.99,2024-11-07,750.0,2,1.35,4425,MARTIGNETTI COMPANIES
38_GOULCREST_19269,38,19269,Peter Paul Live Free or Die,750mL,1,22.99,22.99,2024-01-08,750.0,2,0.11,10754,PERFECTA WINES             
27_MOUNTMEND_8523,27,8523,Glen Ellen Chard RSV,750mL,2,9.98,4.99,2024-07-07,750.0,2,0.22,9815,WINE GROUP INC             
77_TAMWORTH_5490,77,5490,DeKuyper Hot Damn Cinnamon,50mL,1,0.99,0.99,2024-05-16,50.0,1,0.05,12546,JIM BEAM BRANDS COMPANY    
59_CLAETHORPES_5191,59,5191,Fireball Cinnamon Whiskey,375mL,2,19.98,9.99,2024-08-22,375.0,1,0.79,8004,SAZERAC CO INC             
61_AETHELNEY_12943,61,12943,Middle Sister Drama Queen Pi,750mL,1,6.99,6.99,2024-05-03,750.0,2,0.11,9165,ULTRA BEVERAGE COMPANY LLP 
49_GARIGILL_8694,49,8694,Skinnygirl Cosmopolitan,750mL,1,9.99,9.99,2024-05-10,750.0,1,0.79,12546,JIM BEAM BRANDS COMPANY    
73_DONCASTER_3890,73,3890,Absolut Peppar,750mL,1,17.99,17.99,2024-03-03,750.0,1,0.79,17035,PERNOD RICARD USA          
33_HORNSEY_5299,33,5299,Southern Comfort,1.75L,4,107.96,26.99,2024-05-05,1750.0,1,7.35,1128,BROWN-FORMAN CORP          
21_BALERNO_41405,21,41405,La Posta Angel Plucci Malbec,750mL,1,14.99,14.99,2024-05-15,750.0,2,0.11,653,STATE WINE & SPIRITS   
17_OLDHAM_3768,17,3768,Jenkins Vodka,750mL,1,4.99,4.99,2024-12-23,750.0,1,0.79,9552,M S WALKER INC             
21_BALERNO_658,21,658,Allens Triple Sec,Liter,1,2.99,2.99,2024-05-12,1000.0,1,1.05,9552,M S WALKER INC             
45_VERITAS_2120,45,2120,Canadian Club,1.75L,4,67.96,16.99,2024-07-25,1750.0,1,7.35,12546,JIM BEAM BRANDS COMPANY    
79_BALLYMENA_5525,79,5525,Fernet-Branca Italian Liquer,750mL,1,24.99,24.99,2024-08-26,750.0,1,0.79,9165,ULTRA BEVERAGE COMPANY LLP 
10_HORNSEY_14805,10,14805,Ninety+Cellars Lot 23 Malbec,750mL,1,8.99,8.99,2024-07-27,750.0,2,0.11,4950,LATITUDE BEVERAGE COMPANY  
16_LUNDY_8746,16,8746,Cavit Pinot Grigio,750mL,1,6.99,6.99,2024-08-26,750.0,2,0.11,6785,PALM BAY INTERNATIONAL INC 
15_WANBORNE_8358,15,8358,Bacardi 151 Proof,750mL,4,79.96,19.99,2024-04-01,750.0,1,3.15,480,BACARDI USA INC            
50_MOUNTMEND_39717,50,39717,Estancia Pnt Grigio Cal,750mL,1,7.49,7.49,2024-09-05,750.0,2,0.11,1392,CONSTELLATION BRANDS INC   
1_HARDERSFIELD_4282,1,4282,Capt Morgan White Pineapple,750mL,1,12.99,12.99,2024-07-13,750.0,1,0.79,3960,DIAGEO NORTH AMERICA INC   
74_PAENTMARWY_46424,74,46424,Hob Nob Pnt Nr VDP D'Oc,750mL,12,119.88,9.99,2024-10-28,750.0,2,1.35,4425,MARTIGNETTI COMPANIES
62_KILMARNOCK_8082,62,8082,Baileys Irish Cream,1.75L,2,69.98,34.99,2024-07-07,1750.0,1,3.67,3960,DIAGEO NORTH AMERICA INC   
38_GOULCREST_32074,38,32074,Warre's Kings Tawny Porto,750mL,1,12.99,12.99,2024-02-20,750.0,2,0.11,1587,VINEYARD BRANDS INC        
21_BALERNO_24151,21,24151,Mas Janeil Cotes Roussillon,750mL,1,10.99,10.99,2024-08-07,750.0,2,0.11,9165,ULTRA BEVERAGE COMPANY LLP 
59_CLAETHORPES_16837,59,16837,Beringer Classic Pink Moscat,750mL,2,9.98,4.99,2024-06-21,750.0,2,0.22,9819,TREASURY WINE ESTATES      
27_MOUNTMEND_3420,27,3420,New Amsterdam Coconut Vodka,750mL,2,19.98,9.99,2024-05-06,750.0,1,1.57,3252,E & J GALLO WINERY         
9_BLACKPOOL_3295,9,3295,Tito's Handmade Vodka,375mL,5,49.95,9.99,2024-06-24,375.0,1,1.97,4425,MARTIGNETTI COMPANIES
18_FURNESS_38899,18,38899,L Martini Cab Svgn Sonoma,750mL,4,51.96,12.99,2024-01-13,750.0,2,0.45,3252,E & J GALLO WINERY         
42_BLACK HOLLOW_2802,42,2802,SW4 London Dry Gin,750mL,10,249.9,24.99,2024-02-11,750.0,1,7.87,7153,PINE STATE TRADING CO      
58_HARTLEPOOL_23143,58,23143,Bogle Chard,750mL,1,7.95,7.95,2024-11-23,750.0,2,0.11,4425,MARTIGNETTI COMPANIES
4_EANVERNESS_38502,4,38502,Ruffino Lumina Pnt Grigio,750mL,1,6.99,6.99,2024-10-08,750.0,2,0.11,1392,CONSTELLATION BRANDS INC   
44_PORTHCRAWL_32989,44,32989,Barefoot Cab Svgn Cal,1.5L,2,23.98,11.99,2024-03-15,1500.0,2,0.45,3252,E & J GALLO WINERY         
1_HARDERSFIELD_3859,1,3859,Smirnoff 80 Proof,375mL,1,8.99,8.99,2024-07-26,375.0,1,0.39,3960,DIAGEO NORTH AMERICA INC   
66_EANVERNESS_29489,66,29489,Hess Collection Chard Napa,750mL,2,39.98,19.99,2024-11-23,750.0,2,0.22,4425,MARTIGNETTI COMPANIES
50_MOUNTMEND_4429,50,4429,Capt Morgan Silver Spicd Rum,1.75L,1,22.99,22.99,2024-06-07,1750.0,1,1.84,3960,DIAGEO NORTH AMERICA INC   
69_MOUNTMEND_34905,69,34905,Smoking Loon Merlot,750mL,2,19.98,9.99,2024-04-13,750.0,2,0.22,9552,M S WALKER INC             
69_MOUNTMEND_3842,69,3842,Barton Vodka,Liter,1,5.79,5.79,2024-12-24,1000.0,1,1.05,660,SAZERAC NORTH AMERICA INC. 
13_TARMSWORTH_4204,13,4204,Bacardi Coco Rum,750mL,1,11.99,11.99,2024-03-06,750.0,1,0.79,480,BACARDI USA INC            
79_BALLYMENA_6873,79,6873,Guigal Cotes du Rhone Red,750mL,1,14.99,14.99,2024-10-14,750.0,2,0.11,4425,MARTIGNETTI COMPANIES
51_ABERDEEN_8342,51,8342,Korbel X Dry,750mL,3,35.97,11.99,2024-11-18,750.0,2,0.34,1128,BROWN-FORMAN CORP          
2_ASHBORNE_43225,2,43225,Ch Beauchene Chtnf Pape RSV,750mL,3,80.97,26.99,2024-05-06,750.0,2,0.34,10754,PERFECTA WINES             
25_CAERSHIRE_11219,25,11219,Josh Cellars Cab Svgn Sonoma,750mL,7,97.93,13.99,2024-11-18,750.0,2,0.79,4425,MARTIGNETTI COMPANIES
69_MOUNTMEND_24493,69,24493,Buehler Cab Svgn Napa,750mL,2,47.98,23.99,2024-03-25,750.0,2,0.22,4425,MARTIGNETTI COMPANIES
76_DONCASTER_6319,76,6319,Santa Cristina Toscana,750mL,2,21.98,10.99,2024-11-05,750.0,2,0.22,8673,STE MICHELLE WINE ESTATES  
69_MOUNTMEND_20725,69,20725,Chronic Cellars Purple Parad,750mL,2,29.98,14.99,2024-01-08,750.0,2,0.22,7153,PINE STATE TRADING CO      
50_MOUNTMEND_4113,50,4113,Capt Morgan White,50mL,11,10.89,0.99,2024-02-12,50.0,1,0.58,3960,DIAGEO NORTH AMERICA INC   
73_DONCASTER_4233,73,4233,Castillo Silver Label Rum,1.75L,6,77.94,12.99,2024-11-30,1750.0,1,11.02,480,BACARDI USA INC            
27_MOUNTMEND_3834,27,3834,Skyy Vodka,750mL,1,12.99,12.99,2024-05-22,750.0,1,0.79,11567,CAMPARI AMERICA            
70_KELD_5292,70,5292,Rumpleminze,750mL,1,17.99,17.99,2024-12-14,750.0,1,0.79,3960,DIAGEO NORTH AMERICA INC   
14_BROMWICH_4701,14,4701,Fabrizia Limoncello,750mL,1,16.99,16.99,2024-06-06,750.0,1,0.79,1655,FABRIZIA SPIRITS LLC       
31_HORNSEY_34175,31,34175,Lindemans Bin 50 Shiraz,1.5L,1,8.99,8.99,2024-02-17,1500.0,2,0.22,4425,MARTIGNETTI COMPANIES
39_EASTHALLOW_5872,39,5872,Godiva Chocolate Liqueur,50mL,3,8.97,2.99,2024-02-19,50.0,1,0.16,3960,DIAGEO NORTH AMERICA INC   
2_ASHBORNE_4624,2,4624,Meukow 90,750mL,1,25.99,25.99,2024-10-30,750.0,1,0.79,660,SAZERAC NORTH AMERICA INC. 
51_ABERDEEN_5060,51,5060,Dr McGillicuddy's Butterscth,750mL,1,13.99,13.99,2024-12-29,750.0,1,0.79,8004,SAZERAC CO INC             
2_ASHBORNE_29616,2,29616,Kermit Lynch Cotes du Rhone,750mL,1,12.99,12.99,2024-11-01,750.0,2,0.11,4425,MARTIGNETTI COMPANIES
50_MOUNTMEND_3390,50,3390,Cold River Blueberry Vodka,750mL,1,29.99,29.99,2024-10-01,750.0,1,0.79,4425,MARTIGNETTI COMPANIES
75_BARNCOMBE_8033,75,8033,Jack Daniels No 7 Black,50mL,3,8.97,2.99,2024-02-07,50.0,1,0.16,1128,BROWN-FORMAN CORP          
79_BALLYMENA_3607,79,3607,Smirnoff Citrus Vodka,50mL,15,14.85,0.99,2024-07-01,50.0,1,0.79,3960,DIAGEO NORTH AMERICA INC   
21_BALERNO_22566,21,22566,LaBelle Winery 2013 Dry Rsl,750mL,1,13.99,13.99,2024-08-05,750.0,2,0.11,90032,LABELLE VYDS AND WINERY    
5_SUTTON_12216,5,12216,Da Vinci Pnt Grigio,750mL,1,9.99,9.99,2024-04-26,750.0,2,0.11,3252,E & J GALLO WINERY         
10_HORNSEY_19948,10,19948,Josh Cellars Pnt Nr,750mL,1,17.99,17.99,2024-10-01,750.0,2,0.11,4425,MARTIGNETTI COMPANIES
76_DONCASTER_14439,76,14439,Barefoot Sweet Red,750mL,1,4.99,4.99,2024-11-14,750.0,2,0.11,3252,E & J GALLO WINERY         
38_GOULCREST_24648,38,24648,Mumm Napa Bl de Blanc,750mL,1,15.99,15.99,2024-11-09,750.0,2,0.11,17035,PERNOD RICARD USA          
76_DONCASTER_6256,76,6256,Sutter Home Chard,1.5L,1,9.99,9.99,2024-12-07,1500.0,2,0.22,8892,TRINCHERO FAMILY ESTATES   
10_HORNSEY_3220,10,3220,Svedka Clementine Vodka,1.75L,1,18.99,18.99,2024-07-05,1750.0,1,1.84,1392,CONSTELLATION BRANDS INC   
50_MOUNTMEND_3951,50,3951,Hornitos Reposado Tequila,50mL,1,2.49,2.49,2024-12-03,50.0,1,0.05,12546,JIM BEAM BRANDS COMPANY    
37_PAETHSMOUTH_5694,37,5694,Ice Box Mudslide,1.75L,1,9.99,9.99,2024-10-21,1750.0,1,1.84,8004,SAZERAC CO INC             
33_HORNSEY_12771,33,12771,Joel Gott Cab Svgn 815,750mL,1,12.99,12.99,2024-12-18,750.0,2,0.11,8892,TRINCHERO FAMILY ESTATES   
71_CLARCTON_29248,71,29248,Toasted Head Chard,750mL,1,9.99,9.99,2024-11-27,750.0,2,0.11,1392,CONSTELLATION BRANDS INC   
32_MOUNTMEND_41252,32,41252,Beringer Classic Pnt Grigio,1.5L,1,9.99,9.99,2024-08-08,1500.0,2,0.22,9819,TREASURY WINE ESTATES      
23_ARBINGTON_8441,23,8441,Baileys Irish Cream,375mL,2,25.98,12.99,2024-12-26,375.0,1,0.79,3960,DIAGEO NORTH AMERICA INC   
56_BEGGAR'S HOLE_2585,56,2585,Jameson Irish Whiskey,750mL,8,207.92,25.99,2024-12-30,750.0,1,6.3,17035,PERNOD RICARD USA          
78_EASTHAVEN_8678,78,8678,Banfi Chianti Clsc RSV,750mL,1,16.99,16.99,2024-07-01,750.0,2,0.11,516,BANFI PRODUCTS CORP        
34_PITMERDEN_25163,34,25163,Colavita Pnt Nr,750mL,12,59.88,4.99,2024-03-21,750.0,2,1.35,4425,MARTIGNETTI COMPANIES
24_PALPERROTH_24327,24,24327,La Crema Pnt Nr Sonoma Cst,750mL,1,21.99,21.99,2024-08-30,750.0,2,0.11,10000,MAJESTIC FINE WINES        
71_CLARCTON_3498,71,3498,Baileys Vanilla Cinnamon,750mL,1,21.99,21.99,2024-09-13,750.0,1,0.79,3960,DIAGEO NORTH AMERICA INC   
77_TAMWORTH_4278,77,4278,Capt Morgan Parrot Bay Cocnt,750mL,1,11.99,11.99,2024-12-11,750.0,1,0.79,3960,DIAGEO NORTH AMERICA INC   
15_WANBORNE_3769,15,3769,Jenkins Vodka,1.75L,5,44.95,8.99,2024-12-09,1750.0,1,9.19,9552,M S WALKER INC             
38_GOULCREST_8504,38,8504,R M Woodbridge Cab Svgn Cal,1.5L,3,29.97,9.99,2024-08-24,1500.0,2,0.68,1392,CONSTELLATION BRANDS INC   
34_PITMERDEN_20439,34,20439,Torremoron Tinto,750mL,3,20.37,6.79,2024-03-23,750.0,2,0.34,10754,PERFECTA WINES             
50_MOUNTMEND_115,50,115,Belvedere Vodka,Liter,6,167.94,27.99,2024-11-22,1000.0,1,6.3,8112,MOET HENNESSY USA INC      
23_ARBINGTON_4264,23,4264,Capt Morgan Spiced Rum Trav,750mL,2,33.98,16.99,2024-12-10,750.0,1,1.57,3960,DIAGEO NORTH AMERICA INC   
50_MOUNTMEND_3830,50,3830,Grey Goose L'Orange Vodka,750mL,1,23.99,23.99,2024-04-23,750.0,1,0.79,480,BACARDI USA INC            
10_HORNSEY_38322,10,38322,Fuki Sake,750mL,1,11.99,11.99,2024-12-24,750.0,2,0.11,7153,PINE STATE TRADING CO      
44_PORTHCRAWL_45535,44,45535,Citra Pnt Grigio,1.5L,18,197.82,10.99,2024-06-10,1500.0,2,4.05,6785,PALM BAY INTERNATIONAL INC 
38_GOULCREST_44182,38,44182,Tommasi Poggio Al Tufo Rompi,750mL,1,16.99,16.99,2024-07-02,750.0,2,0.11,4425,MARTIGNETTI COMPANIES
64_CESTERFIELD_6526,64,6526,Peter Lehmann Shiraz,750mL,1,7.99,7.99,2024-04-07,750.0,2,0.11,4425,MARTIGNETTI COMPANIES
74_PAENTMARWY_1892,74,1892,Yukon Jack,50mL,5,4.95,0.99,2024-06-14,50.0,1,0.26,3960,DIAGEO NORTH AMERICA INC   
50_MOUNTMEND_5505,50,5505,Pallini Limoncello Liqueur,750mL,1,18.99,18.99,2024-07-25,750.0,1,0.79,1485,CASTLE BRANDS CORP.        
71_CLARCTON_3802,71,3802,Three Olives Vodka,1.75L,3,53.97,17.99,2024-04-14,1750.0,1,5.51,7245,PROXIMO SPIRITS INC.       
59_CLAETHORPES_8498,59,8498,R M Woodbridge Svgn Bl Cal,1.5L,1,9.99,9.99,2024-08-04,1500.0,2,0.22,1392,CONSTELLATION BRANDS INC   
1_HARDERSFIELD_4257,1,4257,Bacardi Grapefruit Rum,50mL,7,6.93,0.99,2024-06-29,50.0,1,0.37,480,BACARDI USA INC            
51_ABERDEEN_35413,51,35413,Yellow Tail Shiraz Ausl,750mL,2,15.98,7.99,2024-09-09,750.0,2,0.22,4425,MARTIGNETTI COMPANIES
69_MOUNTMEND_23521,69,23521,Insurrection Cab/Shiraz,750mL,3,32.97,10.99,2024-01-18,750.0,2,0.34,9815,WINE GROUP INC             
14_BROMWICH_5805,14,5805,Jose Cuervo Light Margaritas,1.75L,1,15.99,15.99,2024-09-17,1750.0,1,1.84,7245,PROXIMO SPIRITS INC.       
56_BEGGAR'S HOLE_3913,56,3913,Svedka Vodka,1.75L,3,56.97,18.99,2024-06-18,1750.0,1,5.51,1392,CONSTELLATION BRANDS INC   
58_HARTLEPOOL_523,58,523,Castello Del Poggio Moscato,750mL,2,19.98,9.99,2024-07-22,750.0,2,0.22,4425,MARTIGNETTI COMPANIES
64_CESTERFIELD_35916,64,35916,Stone Cellars Merlot,1.5L,1,8.99,8.99,2024-07-08,1500.0,2,0.22,9819,TREASURY WINE ESTATES      
8_ALNERWICK_7917,8,7917,Tooters Ala-Bama Slama 15 Pk,375mL,1,8.99,8.99,2024-06-27,375.0,1,0.39,5270,MANGO BOTTLING INC         
8_ALNERWICK_8701,8,8701,Sheffield Cream Sherry,1.5L,2,19.98,9.99,2024-02-29,1500.0,2,0.45,3252,E & J GALLO WINERY         
69_MOUNTMEND_38133,69,38133,Il Bastardo Sangiovese Tosc,750mL,1,8.99,8.99,2024-11-21,750.0,2,0.11,10754,PERFECTA WINES             
12_LEESIDE_38546,12,38546,Mark West Pnt Nr Sonoma,750mL,1,9.99,9.99,2024-06-08,750.0,2,0.11,1392,CONSTELLATION BRANDS INC   
1_HARDERSFIELD_19947,1,19947,Josh Cellars Svgn Bl,750mL,1,12.99,12.99,2024-02-06,750.0,2,0.11,4425,MARTIGNETTI COMPANIES
2_ASHBORNE_3272,2,3272,Sobieski Vodka,1.75L,1,17.99,17.99,2024-12-03,1750.0,1,1.84,9552,M S WALKER INC             
17_OLDHAM_8504,17,8504,R M Woodbridge Cab Svgn Cal,1.5L,2,17.98,8.99,2024-03-18,1500.0,2,0.45,1392,CONSTELLATION BRANDS INC   
32_MOUNTMEND_2753,32,2753,Johnnie Walker Black Label,1.75L,1,61.99,61.99,2024-10-04,1750.0,1,1.84,3960,DIAGEO NORTH AMERICA INC   
69_MOUNTMEND_16289,69,16289,Barefoot Bubbly Pink Moscato,750mL,6,41.7,6.95,2024-09-05,750.0,2,0.68,3252,E & J GALLO WINERY         
38_GOULCREST_3020,38,3020,Pinnacle Blueberry Vodka,750mL,1,10.99,10.99,2024-05-15,750.0,1,0.79,12546,JIM BEAM BRANDS COMPANY    
76_DONCASTER_18881,76,18881,Middle Sister Pnt Nr Goodie,750mL,1,9.99,9.99,2024-05-21,750.0,2,0.11,9165,ULTRA BEVERAGE COMPANY LLP 
19_WINTERVALE_8111,19,8111,Smirnoff 80 Proof,50mL,11,10.89,0.99,2024-04-14,50.0,1,0.58,3960,DIAGEO NORTH AMERICA INC   
69_MOUNTMEND_9037,69,9037,Prairie Organic Cucumber Vod,750mL,2,39.98,19.99,2024-04-09,750.0,1,1.57,9206,PHILLIPS PRODUCTS CO.      
66_EANVERNESS_1415,66,1415,Old Grand Dad,750mL,1,13.99,13.99,2024-11-12,750.0,1,0.79,12546,JIM BEAM BRANDS COMPANY    
76_DONCASTER_5890,76,5890,Godiva Wh Chocolate Liqueur,750mL,1,23.99,23.99,2024-05-27,750.0,1,0.79,3960,DIAGEO NORTH AMERICA INC   
7_STANMORE_8223,7,8223,Dom Chandon Blanc de Noir C,750mL,4,59.96,14.99,2024-08-01,750.0,1,3.15,8112,MOET HENNESSY USA INC      
38_GOULCREST_25725,38,25725,Prophecy Svgn Bl,750mL,1,7.99,7.99,2024-07-11,750.0,2,0.11,3252,E & J GALLO WINERY         
67_EANVERNESS_24535,67,24535,Giesen Svgn Bl,750mL,2,21.98,10.99,2024-05-31,750.0,2,0.22,653,STATE WINE & SPIRITS   
41_LARNWICK_4181,41,4181,Calypso Spiced Rum,1.75L,2,21.98,10.99,2024-11-19,1750.0,1,3.67,660,SAZERAC NORTH AMERICA INC. 
2_ASHBORNE_3288,2,3288,Svedka Strwbry Lemonad Vodka,1.75L,6,113.94,18.99,2024-07-01,1750.0,1,11.02,1392,CONSTELLATION BRANDS INC   
38_GOULCREST_4878,38,4878,Allens Coffee Brandy,750mL,5,32.45,6.49,2024-06-21,750.0,1,3.94,9552,M S WALKER INC             
6_GOULCREST_11219,6,11219,Josh Cellars Cab Svgn Sonoma,750mL,18,233.1,12.95,2024-05-27,750.0,2,2.02,4425,MARTIGNETTI COMPANIES
51_ABERDEEN_3851,51,3851,Grey Goose Vodka,375mL,4,63.96,15.99,2024-02-13,375.0,1,1.57,480,BACARDI USA INC            
63_SWORDBREAK_2143,63,2143,Canadian Mist,1.75L,1,13.99,13.99,2024-04-04,1750.0,1,1.84,1128,BROWN-FORMAN CORP          
65_LUTON_19848,65,19848,Carnivor Cab Svgn,750mL,2,17.98,8.99,2024-09-08,750.0,2,0.22,3252,E & J GALLO WINERY         
27_MOUNTMEND_5192,27,5192,Kahlua Mocha,750mL,1,18.99,18.99,2024-09-24,750.0,1,0.79,17035,PERNOD RICARD USA          
74_PAENTMARWY_3253,74,3253,Gilbeys London Dry,1.75L,4,49.96,12.49,2024-03-26,1750.0,1,7.35,12546,JIM BEAM BRANDS COMPANY    
48_NORFOLK_6581,48,6581,Ch Ste Michelle Merlot Colum,750mL,1,12.95,12.95,2024-09-02,750.0,2,0.11,8673,STE MICHELLE WINE ESTATES  
69_MOUNTMEND_2704,69,2704,Serpent's Bite Cider Whiskey,50mL,1,0.99,0.99,2024-04-18,50.0,1,0.05,1392,CONSTELLATION BRANDS INC   
56_BEGGAR'S HOLE_2792,56,2792,Jim Beam Apple,50mL,1,0.99,0.99,2024-03-01,50.0,1,0.05,12546,JIM BEAM BRANDS COMPANY    
62_KILMARNOCK_6724,62,6724,Black Opal Cashmore Cab Svgn,750mL,1,6.99,6.99,2024-07-07,750.0,2,0.11,9819,TREASURY WINE ESTATES      
77_TAMWORTH_8790,77,8790,Bolla Valpolicella,1.5L,1,15.99,15.99,2024-06-28,1500.0,2,0.22,516,BANFI PRODUCTS CORP        
78_EASTHAVEN_8064,78,8064,Canadian Club,50mL,5,4.95,0.99,2024-03-22,50.0,1,0.26,12546,JIM BEAM BRANDS COMPANY    
50_MOUNTMEND_11825,50,11825,Cupcake Cab Svgn,750mL,4,29.96,7.49,2024-12-13,750.0,2,0.45,9815,WINE GROUP INC             
11_CARDEND_5735,11,5735,Malibu Rum,750mL,1,12.99,12.99,2024-10-06,750.0,1,0.79,17035,PERNOD RICARD USA          
76_DONCASTER_8100,76,8100,Jefferson's Manhattan RTD,750mL,1,39.99,39.99,2024-07-16,750.0,1,0.79,1485,CASTLE BRANDS CORP.        
50_MOUNTMEND_782,50,782,Remy Martin 1738 Accord Ryl,750mL,38,1709.62,44.99,2024-03-25,750.0,1,29.92,7239,REMY COINTREAU USA INC     
60_IRRAGIN_5401,60,5401,Jagermeister Liqueur,200mL,1,5.99,5.99,2024-10-22,200.0,1,0.21,3089,SIDNEY FRANK IMPORTING CO  
51_ABERDEEN_11828,51,11828,Cupcake Svgn Bl,750mL,1,6.99,6.99,2024-11-01,750.0,2,0.11,9815,WINE GROUP INC             
77_TAMWORTH_2590,77,2590,The Black Grouse Scotch,1.75L,1,46.99,46.99,2024-01-18,1750.0,1,1.84,2561,EDRINGTON AMERICAS         
69_MOUNTMEND_3780,69,3780,Three Olives Raspberry Vodk,750mL,1,14.99,14.99,2024-12-10,750.0,1,0.79,7245,PROXIMO SPIRITS INC.       
66_EANVERNESS_2810,66,2810,Bib & Tucker Bourbon,750mL,1,55.99,55.99,2024-08-11,750.0,1,0.79,653,STATE WINE & SPIRITS   
14_BROMWICH_8985,14,8985,J Roget Spumante,750mL,2,11.98,5.99,2024-12-30,750.0,1,1.57,1392,CONSTELLATION BRANDS INC   
52_GRAYCOTT_25958,52,25958,DarkHorse Rose,750mL,1,7.99,7.99,2024-08-26,750.0,2,0.11,3252,E & J GALLO WINERY         
59_CLAETHORPES_5765,59,5765,Jose Cuervo Lime Margarita,1.75L,1,13.99,13.99,2024-08-02,1750.0,1,1.84,7245,PROXIMO SPIRITS INC.       
74_PAENTMARWY_4798,74,4798,Sambuca Romana Liqueur,50mL,9,17.91,1.99,2024-10-03,50.0,1,0.47,3960,DIAGEO NORTH AMERICA INC   
68_SOLARIS_14672,68,14672,Duckhorn Decoy Cab Svgn,750mL,4,67.8,16.95,2024-12-30,750.0,2,0.45,4425,MARTIGNETTI COMPANIES
41_LARNWICK_8452,41,8452,Cruzan Aged Light Rum,1.75L,2,33.98,16.99,2024-06-10,1750.0,1,3.67,12546,JIM BEAM BRANDS COMPANY    
55_DRY GULCH_12224,55,12224,Banfi Centine Bianco Toscana,750mL,1,9.99,9.99,2024-01-09,750.0,2,0.11,516,BANFI PRODUCTS CORP        
7_STANMORE_8922,7,8922,Taylor Lake Country Red,3L,1,7.99,7.99,2024-08-21,3000.0,2,0.45,1392,CONSTELLATION BRANDS INC   
14_BROMWICH_5628,14,5628,Baja Rosa Strawberry Liqueur,750mL,2,19.98,9.99,2024-06-18,750.0,1,1.57,8004,SAZERAC CO INC             
66_EANVERNESS_3679,66,3679,Chopin Vodka,750mL,1,21.99,21.99,2024-01-28,750.0,1,0.79,6213,MHW LTD                    
15_WANBORNE_8504,15,8504,R M Woodbridge Cab Svgn Cal,1.5L,2,23.98,11.99,2024-02-02,1500.0,2,0.45,1392,CONSTELLATION BRANDS INC   
55_DRY GULCH_27351,55,27351,Almaden Chard Cal B/B,5L,2,31.98,15.99,2024-04-20,5000.0,2,1.5,9815,WINE GROUP INC             
14_BROMWICH_3830,14,3830,Grey Goose L'Orange Vodka,750mL,2,55.98,27.99,2024-05-15,750.0,1,1.57,480,BACARDI USA INC            
74_PAENTMARWY_6869,74,6869,Benziger Chard,750mL,1,9.99,9.99,2024-01-26,750.0,2,0.11,9815,WINE GROUP INC             
27_MOUNTMEND_5317,27,5317,B & B Liqueur Dom,50mL,2,6.58,3.29,2024-01-22,50.0,1,0.1,480,BACARDI USA INC            
10_HORNSEY_3244,10,3244,Burnetts Vodka,750mL,1,6.79,6.79,2024-06-16,750.0,1,0.79,3924,HEAVEN HILL DISTILLERIES   
65_LUTON_5708,65,5708,Dr McGillicuddy's Root Beer,50mL,5,4.95,0.99,2024-10-21,50.0,1,0.26,8004,SAZERAC CO INC             
76_DONCASTER_2008,76,2008,Rebel Yell Small Batch Rye,750mL,1,19.99,19.99,2024-11-29,750.0,1,0.79,8352,LUXCO INC                  
67_EANVERNESS_25046,67,25046,Bully Hill Love My Goat Rd,750mL,2,17.98,8.99,2024-10-16,750.0,2,0.22,2000,SOUTHERN WINE & SPIRITS NE 
41_LARNWICK_3348,41,3348,Bombay Sapphire Gin,1.75L,4,119.96,29.99,2024-12-16,1750.0,1,7.35,480,BACARDI USA INC            
77_TAMWORTH_8111,77,8111,Smirnoff 80 Proof,50mL,2,1.98,0.99,2024-09-22,50.0,1,0.1,3960,DIAGEO NORTH AMERICA INC   
27_MOUNTMEND_5767,27,5767,Jose Cuervo Strawberry Marg,1.75L,2,27.98,13.99,2024-03-12,1750.0,1,3.67,7245,PROXIMO SPIRITS INC.       
6_GOULCREST_33988,6,33988,Cavit Chardonnay Trentino,1.5L,1,11.75,11.75,2024-09-12,1500.0,2,0.22,6785,PALM BAY INTERNATIONAL INC 
33_HORNSEY_419,33,419,Absolut Citron,Liter,1,19.99,19.99,2024-04-18,1000.0,1,1.05,17035,PERNOD RICARD USA          
1_HARDERSFIELD_3910,1,3910,Hornitos Plata Tequila,375mL,1,12.99,12.99,2024-01-02,375.0,1,0.39,12546,JIM BEAM BRANDS COMPANY    
68_SOLARIS_3989,68,3989,Deep Eddy Lemon Vodka,750mL,6,107.94,17.99,2024-10-01,750.0,1,4.72,3924,HEAVEN HILL DISTILLERIES   
59_CLAETHORPES_1385,59,1385,Makers Mark,750mL,2,61.98,30.99,2024-09-28,750.0,1,1.57,12546,JIM BEAM BRANDS COMPANY    
64_CESTERFIELD_3683,64,3683,Stolichnaya Ohranj,750mL,1,16.99,16.99,2024-09-26,750.0,1,0.79,8664,"STOLI GROUP,(USA) LLC      "
59_CLAETHORPES_4125,59,4125,Bird Dog Kentucky Whiskey,50mL,1,0.99,0.99,2024-08-17,50.0,1,0.05,9625,WESTERN SPIRITS BEVERAGE CO
75_BARNCOMBE_10254,75,10254,Beringer Classic Chard,750mL,7,34.93,4.99,2024-06-17,750.0,2,0.79,9819,TREASURY WINE ESTATES      
76_DONCASTER_25181,76,25181,Grahams 2000 Vintage Port,750mL,1,95.99,95.99,2024-03-02,750.0,2,0.11,9552,M S WALKER INC             
56_BEGGAR'S HOLE_42188,56,42188,Moet & Chandon Nectar Imp Rs,750mL,2,109.98,54.99,2024-07-03,750.0,2,0.22,8112,MOET HENNESSY USA INC      
10_HORNSEY_8144,10,8144,Corralejo Reposado Tequila,750mL,1,39.99,39.99,2024-04-16,750.0,1,0.79,9165,ULTRA BEVERAGE COMPANY LLP 
4_EANVERNESS_4149,4,4149,Sailor Jerry Spiced Navy Rum,50mL,3,4.47,1.49,2024-05-12,50.0,1,0.16,3664,WILLIAM GRANT & SONS INC   
7_STANMORE_5270,7,5270,Southern Comfort,50mL,2,1.98,0.99,2024-08-19,50.0,1,0.1,8004,SAZERAC CO INC             
19_WINTERVALE_8815,19,8815,Ch Ste Michelle Chard Colmbi,750mL,3,23.85,7.95,2024-11-10,750.0,2,0.34,8673,STE MICHELLE WINE ESTATES  
67_EANVERNESS_22030,67,22030,Pulenta Est La Flor Malbec,750mL,1,16.99,16.99,2024-08-27,750.0,2,0.11,4425,MARTIGNETTI COMPANIES
21_BALERNO_35413,21,35413,Yellow Tail Shiraz Ausl,750mL,1,7.99,7.99,2024-12-26,750.0,2,0.11,4425,MARTIGNETTI COMPANIES
66_EANVERNESS_19870,66,19870,Yellow Tail Sangria,1.5L,2,29.98,14.99,2024-04-16,1500.0,2,0.45,4425,MARTIGNETTI COMPANIES
38_GOULCREST_8264,38,8264,Ch Ste Michelle Rsl,750mL,3,35.97,11.99,2024-03-25,750.0,2,0.34,8673,STE MICHELLE WINE ESTATES  
14_BROMWICH_5255,14,5255,TGI Fridays Ultimte Mudslide,1.75L,1,12.99,12.99,2024-07-22,1750.0,1,1.84,4466,AMERICAN VINTAGE BEVERAGE  
53_HILLFAR_8822,53,8822,Absolut 80 Proof,50mL,6,11.94,1.99,2024-05-22,50.0,1,0.32,17035,PERNOD RICARD USA          
50_MOUNTMEND_11414,50,11414,Beringer Classic Moscato,750mL,6,29.94,4.99,2024-09-03,750.0,2,0.68,9819,TREASURY WINE ESTATES      
50_MOUNTMEND_15876,50,15876,3 Brooms Svgn Bl Marlborough,750mL,1,13.99,13.99,2024-08-29,750.0,2,0.11,10754,PERFECTA WINES             
32_MOUNTMEND_15503,32,15503,Opici Sangria,3L,1,13.99,13.99,2024-02-29,3000.0,2,0.45,9165,ULTRA BEVERAGE COMPANY LLP 
6_GOULCREST_10596,6,10596,Almaden Mt Rhine Calif B/B,5L,1,16.99,16.99,2024-03-11,5000.0,2,0.75,9815,WINE GROUP INC             
6_GOULCREST_24829,6,24829,Cecchi Chianti Classico,750mL,2,21.98,10.99,2024-01-09,750.0,2,0.22,9165,ULTRA BEVERAGE COMPANY LLP 
51_ABERDEEN_2757,51,2757,Johnnie Walker Red Label,1.75L,1,29.99,29.99,2024-08-30,1750.0,1,1.84,3960,DIAGEO NORTH AMERICA INC   
76_DONCASTER_3236,76,3236,Pinnacle Pecan Pie,750mL,1,9.49,9.49,2024-04-11,750.0,1,0.79,12546,JIM BEAM BRANDS COMPANY    
32_MOUNTMEND_5438,32,5438,Emmets Irish Cream,750mL,1,9.99,9.99,2024-03-16,750.0,1,0.79,3960,DIAGEO NORTH AMERICA INC   
76_DONCASTER_16724,76,16724,Ch Haut Gravet Saint-Emillon,750mL,2,79.98,39.99,2024-05-10,750.0,2,0.22,4425,MARTIGNETTI COMPANIES
34_PITMERDEN_4902,34,4902,Ron Virgin Bold Coconut Rum,750mL,1,10.99,10.99,2024-03-25,750.0,1,0.79,9552,M S WALKER INC             
79_BALLYMENA_19755,79,19755,Velvet Crush Red Blend,750mL,1,10.99,10.99,2024-11-12,750.0,2,0.11,1590,DIAGEO CHATEAU ESTATE WINES
71_CLARCTON_7715,71,7715,Andre Extra Dry,750mL,2,10.98,5.49,2024-08-07,750.0,2,0.22,3252,E & J GALLO WINERY         
57_LANTEGLOS_3625,57,3625,Absolut 80 Proof,750mL,5,84.95,16.99,2024-08-26,750.0,1,3.94,17035,PERNOD RICARD USA          
7_STANMORE_1634,7,1634,The Famous Grouse,1.75L,4,119.96,29.99,2024-02-13,1750.0,1,7.35,2561,EDRINGTON AMERICAS         
74_PAENTMARWY_6173,74,6173,Gallo Fairbanks Red Port,1.5L,1,7.99,7.99,2024-09-02,1500.0,2,0.22,3252,E & J GALLO WINERY         
69_MOUNTMEND_1269,69,1269,Jeffersons Bourbon,750mL,3,77.97,25.99,2024-12-07,750.0,1,2.36,1485,CASTLE BRANDS CORP.        
25_CAERSHIRE_1376,25,1376,Jim Beam,1.75L,8,175.92,21.99,2024-06-02,1750.0,1,14.7,12546,JIM BEAM BRANDS COMPANY    
31_HORNSEY_77,31,77,Three Olives Espresso Vodka,750mL,2,25.98,12.99,2024-02-06,750.0,1,1.57,7245,PROXIMO SPIRITS INC.       
49_GARIGILL_8424,49,8424,1800 Coconut Tequila,750mL,2,53.98,26.99,2024-02-26,750.0,1,1.57,7245,PROXIMO SPIRITS INC.       
68_SOLARIS_4149,68,4149,Sailor Jerry Spiced Navy Rum,50mL,3,4.47,1.49,2024-06-02,50.0,1,0.16,3664,WILLIAM GRANT & SONS INC   
5_SUTTON_6213,5,6213,Taylor Red Port,1.5L,1,7.99,7.99,2024-09-25,1500.0,2,0.22,1392,CONSTELLATION BRANDS INC   
24_PALPERROTH_34905,24,34905,Smoking Loon Merlot,750mL,1,7.99,7.99,2024-09-10,750.0,2,0.11,9552,M S WALKER INC             
76_DONCASTER_31384,76,31384,Benton Lane Pnt Nr Ore,750mL,1,27.99,27.99,2024-09-30,750.0,2,0.11,9552,M S WALKER INC             
1_HARDERSFIELD_2062,1,2062,Woodford Reserve Bourbon,1.75L,1,60.99,60.99,2024-12-17,1750.0,1,1.84,1128,BROWN-FORMAN CORP          
2_ASHBORNE_2232,2,2232,Sipsmith Gin,750mL,1,42.99,42.99,2024-05-24,750.0,1,0.79,4425,MARTIGNETTI COMPANIES 
60_IRRAGIN_35393,60,35393,Tohu Svgn Bl Marlboro,750mL,1,12.99,12.99,2024-07-20,750.0,2,0.11,9552,M S WALKER INC             
73_DONCASTER_4662,73,4662,Capt Morgan White PET,1.75L,5,99.95,19.99,2024-08-08,1750.0,1,9.19,3960,DIAGEO NORTH AMERICA INC   
74_PAENTMARWY_36378,74,36378,MezzaCorona Pnt Grigio,1.5L,5,44.95,8.99,2024-08-30,1500.0,2,1.12,9165,ULTRA BEVERAGE COMPANY LLP 
74_PAENTMARWY_3502,74,3502,Pinnacle Vodka,750mL,1,10.99,10.99,2024-07-26,750.0,1,0.79,12546,JIM BEAM BRANDS COMPANY    
10_HORNSEY_1258,10,1258,Jim Beam Black,750mL,1,22.99,22.99,2024-07-08,750.0,1,0.79,12546,JIM BEAM BRANDS COMPANY    
76_DONCASTER_5218,76,5218,Chila Orchata Cinnamon Cream,750mL,1,13.99,13.99,2024-07-09,750.0,1,0.79,8004,SAZERAC CO INC             
55_DRY GULCH_8910,55,8910,Finlandia Vodka,50mL,1,0.99,0.99,2024-02-19,50.0,1,0.05,1128,BROWN-FORMAN CORP          
69_MOUNTMEND_2244,69,2244,Crown Royal Vanilla,750mL,5,114.95,22.99,2024-12-20,750.0,1,3.94,3960,DIAGEO NORTH AMERICA INC   
43_WOLFORD_3489,43,3489,Tanqueray,1.75L,5,144.95,28.99,2024-08-06,1750.0,1,9.19,3960,DIAGEO NORTH AMERICA INC   
62_KILMARNOCK_3682,62,3682,Belvedere Vodka,750mL,1,22.99,22.99,2024-04-03,750.0,1,0.79,8112,MOET HENNESSY USA INC      
60_IRRAGIN_3787,60,3787,Jose Cuervo Especial Silver,750mL,5,84.95,16.99,2024-07-02,750.0,1,3.94,7245,PROXIMO SPIRITS INC.       
40_BULLMAR_38178,40,38178,Rex Goliath Cab Svgn,750mL,1,7.99,7.99,2024-10-19,750.0,2,0.11,1392,CONSTELLATION BRANDS INC   
67_EANVERNESS_25901,67,25901,Cupcake Prosecco,187mL 3 Pk,1,9.99,9.99,2024-08-28,187.0,2,0.03,9815,WINE GROUP INC             
55_DRY GULCH_44340,55,44340,Irony Pnt Nr Monterey,750mL,1,12.99,12.99,2024-03-22,750.0,2,0.11,2242,DELICATO VINEYARDS INC     
66_EANVERNESS_8621,66,8621,Sho Chiku Bai Takara Sake,750mL,2,12.58,6.29,2024-06-24,750.0,1,1.57,8920,TAKARA SAKE USA INC        
10_HORNSEY_1634,10,1634,The Famous Grouse,1.75L,1,27.99,27.99,2024-08-13,1750.0,1,1.84,2561,EDRINGTON AMERICAS         
34_PITMERDEN_10932,34,10932,Bridlewood Blend 175 C C,750mL,2,21.98,10.99,2024-07-09,750.0,2,0.22,3252,E & J GALLO WINERY         
6_GOULCREST_4414,6,4414,Cruzan Pineapple Rum,750mL,1,9.99,9.99,2024-07-08,750.0,1,0.79,12546,JIM BEAM BRANDS COMPANY    
33_HORNSEY_23474,33,23474,Anew Rose,750mL,2,19.98,9.99,2024-07-08,750.0,2,0.22,8673,STE MICHELLE WINE ESTATES  
66_EANVERNESS_37904,66,37904,Trapiche Broquel Mndz Malbec,750mL,3,32.97,10.99,2024-10-14,750.0,2,0.34,9815,WINE GROUP INC             
5_SUTTON_2672,5,2672,Dewars White Label,50mL,1,2.29,2.29,2024-12-04,50.0,1,0.05,480,BACARDI USA INC            
47_PELLA'S WISH_44452,47,44452,Ravenswood Zen of Zin Znfdl,750mL,1,12.99,12.99,2024-05-15,750.0,2,0.11,1392,CONSTELLATION BRANDS INC   
61_AETHELNEY_12771,61,12771,Joel Gott Cab Svgn 815,750mL,1,13.99,13.99,2024-06-19,750.0,2,0.11,8892,TRINCHERO FAMILY ESTATES   
73_DONCASTER_7977,73,7977,M & R X Dry Vermouth,1.5L,2,20.98,10.49,2024-01-04,1500.0,1,3.15,480,BACARDI USA INC            
20_BREDWARDINE_8837,20,8837,Santa Rita 120 Cab Svgn,750mL,2,11.98,5.99,2024-03-05,750.0,2,0.22,6785,PALM BAY INTERNATIONAL INC 
45_VERITAS_5440,45,5440,Jagermeister Liqueur,1.75L,1,34.99,34.99,2024-06-27,1750.0,1,1.84,3089,SIDNEY FRANK IMPORTING CO  
64_CESTERFIELD_10680,64,10680,Segura Viudas Brut RSV,750mL,2,25.98,12.99,2024-06-27,750.0,2,0.22,4425,MARTIGNETTI COMPANIES
38_GOULCREST_38457,38,38457,Smoking Loon Pnt Nr,750mL,5,39.95,7.99,2024-04-09,750.0,2,0.56,9552,M S WALKER INC             
17_OLDHAM_45822,17,45822,Masciarelli Montepulciano,750mL,1,9.95,9.95,2024-10-01,750.0,2,0.11,10754,PERFECTA WINES             
78_EASTHAVEN_8694,78,8694,Skinnygirl Cosmopolitan,750mL,1,12.99,12.99,2024-04-17,750.0,1,0.79,12546,JIM BEAM BRANDS COMPANY    
49_GARIGILL_31465,49,31465,Franzia Tap Chard,5L,1,17.99,17.99,2024-12-11,5000.0,2,0.75,9815,WINE GROUP INC             
68_SOLARIS_37312,68,37312,Salmon Run NY Pnt Nr,750mL,1,13.99,13.99,2024-05-28,750.0,2,0.11,10754,PERFECTA WINES             
65_LUTON_32906,65,32906,Sterling Vintners Cab Svgn C,750mL,3,29.97,9.99,2024-12-18,750.0,2,0.34,1590,DIAGEO CHATEAU ESTATE WINES
58_HARTLEPOOL_2212,58,2212,Canadian Rich & Rare,1.75L,1,10.99,10.99,2024-12-23,1750.0,1,1.84,8004,SAZERAC CO INC             
41_LARNWICK_8819,41,8819,Leroux Blackberry Brandy,750mL,1,7.99,7.99,2024-11-11,750.0,1,0.79,12546,JIM BEAM BRANDS COMPANY    
8_ALNERWICK_8342,8,8342,Korbel X Dry,750mL,1,13.99,13.99,2024-06-11,750.0,2,0.11,1128,BROWN-FORMAN CORP          
23_ARBINGTON_3781,23,3781,Three Olives Vanilla Vodka,750mL,1,11.99,11.99,2024-10-29,750.0,1,0.79,7245,PROXIMO SPIRITS INC.       
66_EANVERNESS_2496,66,2496,Crown Royal Black,1.75L,1,52.99,52.99,2024-05-29,1750.0,1,1.84,3960,DIAGEO NORTH AMERICA INC   
41_LARNWICK_7353,41,7353,1800 Ultimate Peach Margrita,1.75L,1,17.99,17.99,2024-05-28,1750.0,1,1.84,7245,PROXIMO SPIRITS INC.       
74_PAENTMARWY_4414,74,4414,Cruzan Pineapple Rum,750mL,1,9.99,9.99,2024-09-20,750.0,1,0.79,12546,JIM BEAM BRANDS COMPANY    
76_DONCASTER_5133,76,5133,E&J Apple Brandy,750mL,3,26.97,8.99,2024-11-23,750.0,1,2.36,3252,E & J GALLO WINERY         
33_HORNSEY_4187,33,4187,Kraken Black Spiced Rum,750mL,2,39.98,19.99,2024-05-20,750.0,1,1.57,7245,PROXIMO SPIRITS INC.       
9_BLACKPOOL_4416,9,4416,Cruzan Coconut Flavored Rum,750mL,2,21.98,10.99,2024-05-14,750.0,1,1.57,12546,JIM BEAM BRANDS COMPANY    
26_KNIFE'S EDGE_3755,26,3755,Russian Standard Original,750mL,11,186.89,16.99,2024-10-11,750.0,1,8.66,10050,Russian Standard Vodka     
1_HARDERSFIELD_46070,1,46070,Carpineto Dogajolo Rose,750mL,2,25.98,12.99,2024-07-18,750.0,2,0.22,9165,ULTRA BEVERAGE COMPANY LLP 
66_EANVERNESS_3982,66,3982,Hornitos Reposado Tequila,750mL,1,20.99,20.99,2024-01-13,750.0,1,0.79,12546,JIM BEAM BRANDS COMPANY    
55_DRY GULCH_12069,55,12069,Gnarly Head Pnt Grigio,750mL,1,7.99,7.99,2024-04-29,750.0,2,0.11,2242,DELICATO VINEYARDS INC     
76_DONCASTER_4787,76,4787,Appleton Special Gold Rum,1.75L,1,19.99,19.99,2024-06-21,1750.0,1,1.84,11567,CAMPARI AMERICA            
8_ALNERWICK_5060,8,5060,Dr McGillicuddy's Butterscth,750mL,1,13.99,13.99,2024-08-25,750.0,1,0.79,8004,SAZERAC CO INC             
34_PITMERDEN_5228,34,5228,DeKuyper Wh Cr de Menthe,750mL,1,8.99,8.99,2024-06-02,750.0,1,0.79,12546,JIM BEAM BRANDS COMPANY    
62_KILMARNOCK_12213,62,12213,Evodia Garnacha Old Vine,750mL,1,8.99,8.99,2024-07-09,750.0,2,0.11,9552,M S WALKER INC             
44_PORTHCRAWL_4878,44,4878,Allens Coffee Brandy,750mL,1,6.49,6.49,2024-04-10,750.0,1,0.79,9552,M S WALKER INC             
23_ARBINGTON_388,23,388,Smirnoff 80 Proof,Liter,1,14.49,14.49,2024-09-18,1000.0,1,1.05,3960,DIAGEO NORTH AMERICA INC   
67_EANVERNESS_8787,67,8787,Torresella Pinot Grigio Ven,750mL,1,13.99,13.99,2024-05-20,750.0,2,0.11,4425,MARTIGNETTI COMPANIES
2_ASHBORNE_1323,2,1323,Early Times,1.75L,1,19.99,19.99,2024-09-13,1750.0,1,1.84,1128,BROWN-FORMAN CORP          
73_DONCASTER_25212,73,25212,Mionetto Prosecco Extra Dry,750mL,1,13.99,13.99,2024-09-25,750.0,2,0.11,9552,M S WALKER INC             
14_BROMWICH_3344,14,3344,Bombay Sapphire Gin,750mL,2,39.98,19.99,2024-08-20,750.0,1,1.57,480,BACARDI USA INC            
60_IRRAGIN_8787,60,8787,Torresella Pinot Grigio Ven,750mL,1,15.99,15.99,2024-10-26,750.0,2,0.11,4425,MARTIGNETTI COMPANIES
55_DRY GULCH_12213,55,12213,Evodia Garnacha Old Vine,750mL,2,15.98,7.99,2024-06-08,750.0,2,0.22,9552,M S WALKER INC             
50_MOUNTMEND_4916,50,4916,Mr Boston Coffee Brandy,1.75L,1,13.99,13.99,2024-09-01,1750.0,1,1.84,660,SAZERAC NORTH AMERICA INC. 
34_PITMERDEN_12943,34,12943,Middle Sister Drama Queen Pi,750mL,2,13.98,6.99,2024-05-03,750.0,2,0.22,9165,ULTRA BEVERAGE COMPANY LLP 
76_DONCASTER_7489,76,7489,99 Blackberries,50mL,13,12.87,0.99,2024-11-29,50.0,1,0.68,660,SAZERAC NORTH AMERICA INC. 
25_CAERSHIRE_4762,25,4762,Hartley Brandy VS,750mL,1,6.99,6.99,2024-04-25,750.0,1,0.79,8004,SAZERAC CO INC             
66_EANVERNESS_8393,66,8393,Casamigos Reposado,750mL,1,49.99,49.99,2024-10-10,750.0,1,0.79,6213,MHW LTD                    
76_DONCASTER_4878,76,4878,Allens Coffee Brandy,750mL,4,27.96,6.99,2024-10-21,750.0,1,3.15,9552,M S WALKER INC             
78_EASTHAVEN_3457,78,3457,Olmeca Altos Plata Tequila,1.75L,3,104.97,34.99,2024-12-24,1750.0,1,5.51,17035,PERNOD RICARD USA          
64_CESTERFIELD_10420,64,10420,Barefoot Moscato Cal,750mL,2,9.98,4.99,2024-12-08,750.0,2,0.22,3252,E & J GALLO WINERY         
66_EANVERNESS_22057,66,22057,Le Macchiole Bolgheri Rosso,750mL,1,26.99,26.99,2024-01-03,750.0,2,0.11,4425,MARTIGNETTI COMPANIES
28_LARNWICK_4243,28,4243,Bacardi Superior Rum,1.75L,1,23.99,23.99,2024-09-11,1750.0,1,1.84,480,BACARDI USA INC            
38_GOULCREST_12697,38,12697,Tapiz Malbec Mendoza,750mL,6,71.94,11.99,2024-11-15,750.0,2,0.68,653,STATE WINE & SPIRITS   
67_EANVERNESS_5333,67,5333,Jenkins Amaretto,1.75L,1,10.99,10.99,2024-12-17,1750.0,1,1.84,9552,M S WALKER INC             
30_CULCHETH_8828,30,8828,Lunazul Blanco Tequila,750mL,4,55.96,13.99,2024-12-01,750.0,1,3.15,3924,HEAVEN HILL DISTILLERIES   
49_GARIGILL_39356,49,39356,Bota Box Chard Cal,3L,1,17.99,17.99,2024-10-26,3000.0,2,0.45,2242,DELICATO VINEYARDS INC     
57_LANTEGLOS_4145,57,4145,Don Q Cristal Rum,1.75L,1,16.99,16.99,2024-05-13,1750.0,1,1.84,98450,Serralles Usa LLC          
34_PITMERDEN_7993,34,7993,Stock Italian X Dry Vermouth,750mL,1,6.49,6.49,2024-12-10,750.0,1,0.79,8352,LUXCO INC                  
71_CLARCTON_6724,71,6724,Black Opal Cashmore Cab Svgn,750mL,1,6.99,6.99,2024-07-26,750.0,2,0.11,9819,TREASURY WINE ESTATES      
55_DRY GULCH_482,55,482,Absolut 80 Proof,Liter,8,175.92,21.99,2024-06-17,1000.0,1,8.4,17035,PERNOD RICARD USA          
69_MOUNTMEND_5111,69,5111,Dr McGillicuddy's Mentholmnt,50mL,12,11.88,0.99,2024-02-21,50.0,1,0.63,8004,SAZERAC CO INC             
10_HORNSEY_13711,10,13711,Venta Morales Tempranillo,750mL,19,208.81,10.99,2024-08-05,750.0,2,2.14,9552,M S WALKER INC             
31_HORNSEY_2114,31,2114,Black Velvet Canadian Whisky,1.75L,3,38.97,12.99,2024-10-22,1750.0,1,5.51,1392,CONSTELLATION BRANDS INC   
67_EANVERNESS_3439,67,3439,Broker's London Dry Gin,750mL,1,21.99,21.99,2024-01-06,750.0,1,0.79,5992,MCCORMICK DISTILLING CO    
67_EANVERNESS_3921,67,3921,Espolon Reposado Tequila,750mL,2,47.98,23.99,2024-04-18,750.0,1,1.57,11567,CAMPARI AMERICA            
54_GUTHRAM_33143,54,33143,Our Daily Red,750mL,1,9.99,9.99,2024-02-22,750.0,2,0.11,7153,PINE STATE TRADING CO      
73_DONCASTER_5661,73,5661,Dr McGillicuddy's Root Beer,750mL,2,27.98,13.99,2024-03-20,750.0,1,1.57,8004,SAZERAC CO INC             
55_DRY GULCH_3851,55,3851,Grey Goose Vodka,375mL,3,47.97,15.99,2024-01-10,375.0,1,1.18,480,BACARDI USA INC            
19_WINTERVALE_8620,19,8620,Sambuca Romana,375mL,1,11.99,11.99,2024-08-06,375.0,1,0.39,3960,DIAGEO NORTH AMERICA INC   
63_SWORDBREAK_8118,63,8118,Mr Boston Blackberry Brandy,750mL,2,13.98,6.99,2024-04-09,750.0,1,1.57,660,SAZERAC NORTH AMERICA INC. 
12_LEESIDE_5268,12,5268,Mr Boston Rock & Rye,750mL,2,17.98,8.99,2024-12-09,750.0,1,1.57,660,SAZERAC NORTH AMERICA INC. 
71_CLARCTON_2589,71,2589,Jameson Irish Whiskey,1.75L,3,128.97,42.99,2024-05-22,1750.0,1,5.51,17035,PERNOD RICARD USA          
13_TARMSWORTH_2143,13,2143,Canadian Mist,1.75L,2,27.98,13.99,2024-06-25,1750.0,1,3.67,1128,BROWN-FORMAN CORP          
67_EANVERNESS_24455,67,24455,Franciscan Cab Svgn Napa,750mL,1,20.99,20.99,2024-04-17,750.0,2,0.11,1392,CONSTELLATION BRANDS INC   
6_GOULCREST_3390,6,3390,Cold River Blueberry Vodka,750mL,1,29.99,29.99,2024-08-09,750.0,1,0.79,4425,MARTIGNETTI COMPANIES
54_GUTHRAM_6535,54,6535,Sandeman Tawny Port,750mL,1,11.99,11.99,2024-12-05,750.0,2,0.11,17035,PERNOD RICARD USA          
6_GOULCREST_8472,6,8472,1800 Silver Tequila,750mL,1,26.99,26.99,2024-02-06,750.0,1,0.79,7245,PROXIMO SPIRITS INC.       
19_WINTERVALE_3085,19,3085,Absolut Mini Bar 5/50mls,250mL,1,7.99,7.99,2024-12-20,50.0,1,0.05,17035,PERNOD RICARD USA          
76_DONCASTER_6654,76,6654,Veuve Clicquot Brut Yellow,750mL,14,629.86,44.99,2024-06-26,750.0,2,1.57,8112,MOET HENNESSY USA INC      
26_KNIFE'S EDGE_1424,26,1424,Bulleit Bourbon,375mL,1,15.99,15.99,2024-07-13,375.0,1,0.39,3960,DIAGEO NORTH AMERICA INC   
55_DRY GULCH_1025,55,1025,Fulton's Harvest Pumpkin Liq,750mL,1,9.99,9.99,2024-09-28,750.0,1,0.79,3924,HEAVEN HILL DISTILLERIES   
67_EANVERNESS_4959,67,4959,Bacardi Tangerine,50mL,12,11.88,0.99,2024-08-05,50.0,1,0.63,480,BACARDI USA INC            
60_IRRAGIN_19302,60,19302,Tomaiolo Chianti Clsco Rsva,750mL,4,47.96,11.99,2024-02-18,750.0,2,0.45,7153,PINE STATE TRADING CO      
11_CARDEND_5739,11,5739,Malibu Rum,50mL,1,1.99,1.99,2024-08-03,50.0,1,0.05,17035,PERNOD RICARD USA          
79_BALLYMENA_3921,79,3921,Espolon Reposado Tequila,750mL,1,23.99,23.99,2024-04-06,750.0,1,0.79,11567,CAMPARI AMERICA            
67_EANVERNESS_5505,67,5505,Pallini Limoncello Liqueur,750mL,1,18.99,18.99,2024-10-29,750.0,1,0.79,1485,CASTLE BRANDS CORP.        
79_BALLYMENA_8097,79,8097,Patron Citronge Orange,375mL,1,11.99,11.99,2024-08-11,375.0,1,0.39,9165,ULTRA BEVERAGE COMPANY LLP 
33_HORNSEY_2443,33,2443,Seagrams VO,1.75L,1,20.99,20.99,2024-01-15,1750.0,1,1.84,3960,DIAGEO NORTH AMERICA INC   
10_HORNSEY_5891,10,5891,Ryans Irish Cream,1.75L,2,31.98,15.99,2024-06-24,1750.0,1,3.67,8004,SAZERAC CO INC             
49_GARIGILL_6595,49,6595,Bogle Merlot,750mL,4,29.96,7.49,2024-06-04,750.0,2,0.45,4425,MARTIGNETTI COMPANIES
60_IRRAGIN_17748,60,17748,Black Box Pnt Grigio,500mL,1,3.99,3.99,2024-02-17,500.0,2,0.08,1392,CONSTELLATION BRANDS INC   
66_EANVERNESS_25337,66,25337,Ch Francs Brdx CdFrancs,750mL,2,33.98,16.99,2024-02-26,750.0,2,0.22,4425,MARTIGNETTI COMPANIES
72_HARDERSFIELD_1424,72,1424,Bulleit Bourbon,375mL,1,13.99,13.99,2024-10-30,375.0,1,0.39,3960,DIAGEO NORTH AMERICA INC   
35_HALIVAARA_8448,35,8448,Cruzan Aged Dark Rum,750mL,1,9.99,9.99,2024-11-30,750.0,1,0.79,12546,JIM BEAM BRANDS COMPANY    
41_LARNWICK_7985,41,7985,Noilly Prat Extra Dry Vermou,Liter,1,9.99,9.99,2024-07-14,1000.0,1,1.05,480,BACARDI USA INC            
42_BLACK HOLLOW_37821,42,37821,Frescobaldi Sangiovese Remo,750mL,1,6.99,6.99,2024-03-16,750.0,2,0.11,9165,ULTRA BEVERAGE COMPANY LLP 
71_CLARCTON_14129,71,14129,14 Hands Hot to Trot Red,750mL,1,8.99,8.99,2024-08-28,750.0,2,0.11,8673,STE MICHELLE WINE ESTATES  
39_EASTHALLOW_8178,39,8178,Bulleit Bourbon,750mL,2,57.98,28.99,2024-07-03,750.0,1,1.57,3960,DIAGEO NORTH AMERICA INC   
67_EANVERNESS_37249,67,37249,Nova Norma Jeane Merlot,750mL,2,29.98,14.99,2024-09-03,750.0,2,0.22,17033,SEA BREEZE CELLARS LLC     
6_GOULCREST_2037,6,2037,Jim Beam Honey,50mL,2,1.98,0.99,2024-02-24,50.0,1,0.1,12546,JIM BEAM BRANDS COMPANY    
50_MOUNTMEND_33446,50,33446,Takara Sake Sho Chiku Bai G,300mL,1,6.29,6.29,2024-10-30,300.0,2,0.04,8920,TAKARA SAKE USA INC        
67_EANVERNESS_45246,67,45246,Shoofly Shiraz,750mL,2,13.98,6.99,2024-09-06,750.0,2,0.22,4425,MARTIGNETTI COMPANIES
61_AETHELNEY_4734,61,4734,Capt Morgan Cannon Blast,750mL,1,14.99,14.99,2024-04-21,750.0,1,0.79,3960,DIAGEO NORTH AMERICA INC   
17_OLDHAM_9145,17,9145,Smirnoff Kissed Caramel,50mL,4,3.96,0.99,2024-01-28,50.0,1,0.21,3960,DIAGEO NORTH AMERICA INC   
28_LARNWICK_33874,28,33874,Bella Sera Pinot Grigio Del,1.5L,1,10.99,10.99,2024-04-22,1500.0,2,0.22,3252,E & J GALLO WINERY         
23_ARBINGTON_1961,23,1961,Everclear 151,1.75L,3,104.97,34.99,2024-01-29,1750.0,1,5.51,8352,LUXCO INC                  
22_SHARNWICK_24928,22,24928,Rive Droite Rive Gauche CDR,750mL,1,8.99,8.99,2024-05-21,750.0,2,0.11,10754,PERFECTA WINES             
64_CESTERFIELD_2127,64,2127,Canadian Ltd,1.75L,6,62.94,10.49,2024-05-12,1750.0,1,11.02,660,SAZERAC NORTH AMERICA INC. 
4_EANVERNESS_2164,4,2164,New Amsterdam Gin,1.75L,1,18.99,18.99,2024-04-22,1750.0,1,1.84,3252,E & J GALLO WINERY         
67_EANVERNESS_37984,67,37984,Barone Fini Pnt Gr Valdadige,750mL,3,32.97,10.99,2024-09-03,750.0,2,0.34,4425,MARTIGNETTI COMPANIES
23_ARBINGTON_3364,23,3364,Absolut Ruby Red,1.75L,1,24.99,24.99,2024-05-07,1750.0,1,1.84,17035,PERNOD RICARD USA          
76_DONCASTER_31796,76,31796,Gekkeikan Sake Haiku Prm Sel,750mL,1,10.99,10.99,2024-02-28,750.0,2,0.11,8320,SHAW ROSS INT L IMP LTD    
20_BREDWARDINE_20357,20,20357,Apothic Dark,750mL,1,9.99,9.99,2024-08-27,750.0,2,0.11,3252,E & J GALLO WINERY         
10_HORNSEY_5491,10,5491,Rumpleminze,50mL,24,47.76,1.99,2024-03-14,50.0,1,1.26,3960,DIAGEO NORTH AMERICA INC   
51_ABERDEEN_2595,51,2595,Clontarf Irish Whiskey,750mL,1,17.99,17.99,2024-07-25,750.0,1,0.79,1485,CASTLE BRANDS CORP.        
41_LARNWICK_361,41,361,Effen Cucumber Vodka,750mL,3,59.97,19.99,2024-06-28,750.0,1,2.36,12546,JIM BEAM BRANDS COMPANY    
81_PEMBROKE_3505,81,3505,Tito's Handmade Vodka,750mL,2,37.98,18.99,2024-12-29,750.0,1,1.57,4425,MARTIGNETTI COMPANIES
76_DONCASTER_36623,76,36623,Talbott Sleepy Hollow Chard,750mL,2,57.98,28.99,2024-08-11,750.0,2,0.22,3252,E & J GALLO WINERY         
8_ALNERWICK_23595,8,23595,Almaden Burgundy B/B,5L,2,29.98,14.99,2024-08-31,5000.0,2,1.5,9815,WINE GROUP INC             
17_OLDHAM_3243,17,3243,Burnetts Vodka,1.75L,1,10.99,10.99,2024-12-09,1750.0,1,1.84,3924,HEAVEN HILL DISTILLERIES   
38_GOULCREST_1355,38,1355,Knob Creek Bourbon,50mL,1,3.99,3.99,2024-08-12,50.0,1,0.05,12546,JIM BEAM BRANDS COMPANY    
71_CLARCTON_42350,71,42350,Black Box Shiraz Cntrl Coast,3L,2,31.98,15.99,2024-07-28,3000.0,2,0.9,1392,CONSTELLATION BRANDS INC   
30_CULCHETH_3444,30,3444,Hornitos Plata Tequila,1.75L,1,34.99,34.99,2024-11-11,1750.0,1,1.84,12546,JIM BEAM BRANDS COMPANY    
63_SWORDBREAK_16289,63,16289,Barefoot Bubbly Pink Moscato,750mL,5,34.75,6.95,2024-08-23,750.0,2,0.56,3252,E & J GALLO WINERY         
69_MOUNTMEND_4370,69,4370,Ron Virgin White,1.75L,12,131.88,10.99,2024-09-09,1750.0,1,22.05,9552,M S WALKER INC             
78_EASTHAVEN_5096,78,5096,DeKuyper Peachtree Schnapps,750mL,2,19.98,9.99,2024-03-05,750.0,1,1.57,12546,JIM BEAM BRANDS COMPANY    
54_GUTHRAM_4414,54,4414,Cruzan Pineapple Rum,750mL,1,9.99,9.99,2024-12-31,750.0,1,0.79,12546,JIM BEAM BRANDS COMPANY    
34_PITMERDEN_4157,34,4157,Smirnoff Green Apple Vodka,50mL,36,35.64,0.99,2024-07-31,50.0,1,1.89,3960,DIAGEO NORTH AMERICA INC   
43_WOLFORD_5828,43,5828,Ryans Irish Cream,750mL,1,8.99,8.99,2024-03-07,750.0,1,0.79,8004,SAZERAC CO INC             
73_DONCASTER_11141,73,11141,C K Mondavi Chard,1.5L,1,9.99,9.99,2024-01-22,1500.0,2,0.22,2000,SOUTHERN WINE & SPIRITS NE 
32_MOUNTMEND_676,32,676,Pinnacle Whipped Vodka,750mL,3,29.97,9.99,2024-12-10,750.0,1,2.36,12546,JIM BEAM BRANDS COMPANY    
7_STANMORE_6451,7,6451,Columbia Crest G E Cab Svgn,750mL,1,9.99,9.99,2024-04-17,750.0,2,0.11,8673,STE MICHELLE WINE ESTATES  
50_MOUNTMEND_6288,50,6288,Almaden Chablis B/B,5L,4,59.96,14.99,2024-08-20,5000.0,2,3.0,9815,WINE GROUP INC             
39_EASTHALLOW_6879,39,6879,Maurice's Mentholated Mint,50mL,7,6.93,0.99,2024-01-11,50.0,1,0.37,9552,M S WALKER INC             
25_CAERSHIRE_3423,25,3423,Beefeater,1.75L,4,107.96,26.99,2024-11-05,1750.0,1,7.35,17035,PERNOD RICARD USA          
23_ARBINGTON_44233,23,44233,A by Acacia Chard Cal,750mL,5,44.95,8.99,2024-09-01,750.0,2,0.56,1590,DIAGEO CHATEAU ESTATE WINES
25_CAERSHIRE_3608,25,3608,Smirnoff Orange Vodka,50mL,4,3.96,0.99,2024-09-17,50.0,1,0.21,3960,DIAGEO NORTH AMERICA INC   
64_CESTERFIELD_14539,64,14539,Dom de Dionysos La Deveze,750mL,2,29.98,14.99,2024-12-31,750.0,2,0.22,4425,MARTIGNETTI COMPANIES
47_PELLA'S WISH_5952,47,5952,Jagermeister Liqueur,50mL,2,3.98,1.99,2024-07-16,50.0,1,0.1,3089,SIDNEY FRANK IMPORTING CO  
68_SOLARIS_8462,68,8462,Frangelico Hazelnut Liqueur,750mL,1,21.99,21.99,2024-09-30,750.0,1,0.79,11567,CAMPARI AMERICA            
15_WANBORNE_2665,15,2665,Dewars White Label,750mL,1,19.99,19.99,2024-08-31,750.0,1,0.79,480,BACARDI USA INC            
17_OLDHAM_2988,17,2988,Sauza 901 Silver Tequila,750mL,1,24.99,24.99,2024-05-08,750.0,1,0.79,12546,JIM BEAM BRANDS COMPANY    
50_MOUNTMEND_3102,50,3102,Smirnoff Traveler,1.75L,20,359.8,17.99,2024-02-17,1750.0,1,36.75,3960,DIAGEO NORTH AMERICA INC   
25_CAERSHIRE_18743,25,18743,Ca'Momi Merlot Napa Valley,750mL,1,13.99,13.99,2024-12-03,750.0,2,0.11,10754,PERFECTA WINES             
73_DONCASTER_25728,73,25728,Chappellet Signature Cab Svg,750mL,3,170.97,56.99,2024-08-12,750.0,2,0.34,4425,MARTIGNETTI COMPANIES
74_PAENTMARWY_2704,74,2704,Serpent's Bite Cider Whiskey,50mL,1,0.99,0.99,2024-06-06,50.0,1,0.05,1392,CONSTELLATION BRANDS INC   
12_LEESIDE_1595,12,1595,Gentleman Jack,375mL,1,15.99,15.99,2024-02-27,375.0,1,0.39,1128,BROWN-FORMAN CORP          
76_DONCASTER_12111,76,12111,LaBelle Winery Cranberry,750mL,1,15.99,15.99,2024-03-12,750.0,2,0.11,90032,LABELLE VYDS AND WINERY    
1_HARDERSFIELD_37312,1,37312,Salmon Run NY Pnt Nr,750mL,2,31.98,15.99,2024-11-03,750.0,2,0.22,10754,PERFECTA WINES             
48_NORFOLK_3180,48,3180,New Amsterdam Vodka,1.75L,2,29.98,14.99,2024-01-21,1750.0,1,3.67,3252,E & J GALLO WINERY         
52_GRAYCOTT_35048,52,35048,Castell Del Remei Gotim Bru,750mL,1,11.99,11.99,2024-04-19,750.0,2,0.11,9552,M S WALKER INC             
10_HORNSEY_8064,10,8064,Canadian Club,50mL,2,1.98,0.99,2024-12-28,50.0,1,0.1,12546,JIM BEAM BRANDS COMPANY    
76_DONCASTER_1009,76,1009,Rebel Yell Variety Pack,750mL 3 Pk,1,49.99,49.99,2024-02-19,750.0,1,0.79,8352,LUXCO INC                  
60_IRRAGIN_2198,60,2198,Chivas Regal Extra,750mL,1,34.99,34.99,2024-06-18,750.0,1,0.79,17035,PERNOD RICARD USA          
37_PAETHSMOUTH_17176,37,17176,Beringer Classic Chard,1.5L,1,9.99,9.99,2024-11-10,1500.0,2,0.22,9819,TREASURY WINE ESTATES      
7_STANMORE_12213,7,12213,Evodia Garnacha Old Vine,750mL,1,9.99,9.99,2024-09-25,750.0,2,0.11,9552,M S WALKER INC             
38_GOULCREST_6725,38,6725,Franzia Crisp White Tap,5L,1,12.99,12.99,2024-10-08,5000.0,2,0.75,9815,WINE GROUP INC             
50_MOUNTMEND_3979,50,3979,Vesica Potato Vodka,1.75L,2,33.98,16.99,2024-11-18,1750.0,1,3.67,60,ADAMBA IMPORTS INTL INC    
71_CLARCTON_1955,71,1955,Jack Daniels Tennessee Honey,375mL,1,10.99,10.99,2024-10-20,375.0,1,0.39,1128,BROWN-FORMAN CORP          
50_MOUNTMEND_4565,50,4565,Christian Bros VS Brandy,750mL,5,44.95,8.99,2024-03-17,750.0,1,3.94,3924,HEAVEN HILL DISTILLERIES   
30_CULCHETH_25269,30,25269,R Mondavi Cab Svgn Pvt Sel,750mL,4,31.96,7.99,2024-08-21,750.0,2,0.45,1392,CONSTELLATION BRANDS INC   
23_ARBINGTON_2374,23,2374,Tullamore Dew,1.75L,1,39.99,39.99,2024-10-04,1750.0,1,1.84,3664,WILLIAM GRANT & SONS INC   
66_EANVERNESS_3893,66,3893,Zhenka 80 Proof,1.75L,3,29.97,9.99,2024-03-05,1750.0,1,5.51,9552,M S WALKER INC             
69_MOUNTMEND_2960,69,2960,The Macallan Fine Oak 15 Yr,750mL,1,119.99,119.99,2024-05-14,750.0,1,0.79,2561,EDRINGTON AMERICAS         
35_HALIVAARA_8063,35,8063,Absolut Pears,50mL,1,1.99,1.99,2024-01-23,50.0,1,0.05,17035,PERNOD RICARD USA          
27_MOUNTMEND_3896,27,3896,Zhenka Vodka,375mL,13,42.77,3.29,2024-03-04,375.0,1,5.12,9552,M S WALKER INC             
50_MOUNTMEND_821,50,821,Grand Marnier,Liter,1,38.99,38.99,2024-11-28,1000.0,1,1.05,8112,MOET HENNESSY USA INC      
50_MOUNTMEND_2637,50,2637,The Feathery Blended Scotch,750mL,1,41.99,41.99,2024-04-17,750.0,1,0.79,9744,FREDERICK WILDMAN & SONS   
68_SOLARIS_21101,68,21101,Niner Twisted Spur 10 Red,750mL,2,35.98,17.99,2024-08-30,750.0,2,0.22,653,STATE WINE & SPIRITS   
18_FURNESS_3638,18,3638,Pinnacle Whipped,50mL,1,0.99,0.99,2024-08-13,50.0,1,0.05,12546,JIM BEAM BRANDS COMPANY    
61_AETHELNEY_8921,61,8921,Sterling Cab Svgn,750mL,1,18.99,18.99,2024-11-12,750.0,2,0.11,1590,DIAGEO CHATEAU ESTATE WINES
58_HARTLEPOOL_21791,58,21791,Michael David Svgn Bl,750mL,2,19.98,9.99,2024-09-22,750.0,2,0.22,4425,MARTIGNETTI COMPANIES
22_SHARNWICK_3201,22,3201,Plymouth Gin,750mL,1,29.99,29.99,2024-10-01,750.0,1,0.79,17035,PERNOD RICARD USA          
28_LARNWICK_8537,28,8537,Dom Chandon Brut Cuvee,750mL,6,83.94,13.99,2024-12-24,750.0,2,0.68,8112,MOET HENNESSY USA INC      
27_MOUNTMEND_5505,27,5505,Pallini Limoncello Liqueur,750mL,1,18.99,18.99,2024-08-08,750.0,1,0.79,1485,CASTLE BRANDS CORP.        
68_SOLARIS_8452,68,8452,Cruzan Aged Light Rum,1.75L,1,16.99,16.99,2024-08-18,1750.0,1,1.84,12546,JIM BEAM BRANDS COMPANY    
41_LARNWICK_3815,41,3815,Solid Granite Vodka,750mL,1,27.99,27.99,2024-09-22,750.0,1,0.79,28750,SMOKY QUARTZ DISTILLERY LLC
1_HARDERSFIELD_17504,1,17504,Butternut Chard,750mL,1,11.99,11.99,2024-07-31,750.0,2,0.11,10754,PERFECTA WINES             
50_MOUNTMEND_5133,50,5133,E&J Apple Brandy,750mL,1,8.99,8.99,2024-10-14,750.0,1,0.79,3252,E & J GALLO WINERY         
38_GOULCREST_22899,38,22899,Simi Svgn Bl,750mL,1,14.99,14.99,2024-09-14,750.0,2,0.11,1392,CONSTELLATION BRANDS INC   
20_BREDWARDINE_4246,20,4246,Bacardi Superior Rum,375mL,3,23.97,7.99,2024-05-18,375.0,1,1.18,480,BACARDI USA INC            
59_CLAETHORPES_8027,59,8027,Absolut Mandrin,50mL,1,1.99,1.99,2024-06-16,50.0,1,0.05,17035,PERNOD RICARD USA          
33_HORNSEY_192,33,192,Milagro Anejo Tequila,750mL,1,38.99,38.99,2024-06-19,750.0,1,0.79,3664,WILLIAM GRANT & SONS INC   
76_DONCASTER_23212,76,23212,The Dreaming Tree Pnt Nr CA,750mL,1,12.99,12.99,2024-05-29,750.0,2,0.11,1392,CONSTELLATION BRANDS INC   
34_PITMERDEN_5137,34,5137,Irish Manor Irish Cream,750mL,1,9.99,9.99,2024-05-25,750.0,1,0.79,4380,CHARLES JACQUIN ET CIE INC 
63_SWORDBREAK_4181,63,4181,Calypso Spiced Rum,1.75L,1,11.99,11.99,2024-01-22,1750.0,1,1.84,660,SAZERAC NORTH AMERICA INC. 
49_GARIGILL_5758,49,5758,1800 Ultimate Margarita RTD,1.75L,1,19.99,19.99,2024-08-07,1750.0,1,1.84,7245,PROXIMO SPIRITS INC.       
27_MOUNTMEND_2142,27,2142,Bird Dog Apple Whiskey,750mL,1,17.99,17.99,2024-07-31,750.0,1,0.79,9625,WESTERN SPIRITS BEVERAGE CO
25_CAERSHIRE_8112,25,8112,Stolichnaya,1.75L,1,25.99,25.99,2024-10-02,1750.0,1,1.84,8664,"STOLI GROUP,(USA) LLC      "
25_CAERSHIRE_4262,25,4262,Capt Morgan Spiced Rum,750mL,3,44.97,14.99,2024-11-07,750.0,1,2.36,3960,DIAGEO NORTH AMERICA INC   
50_MOUNTMEND_2615,50,2615,Chivas Regal,50mL,2,6.98,3.49,2024-08-02,50.0,1,0.1,17035,PERNOD RICARD USA          
15_WANBORNE_46762,15,46762,Clayhouse Cab Svgn Paso Rbls,750mL,2,23.98,11.99,2024-01-19,750.0,2,0.22,4425,MARTIGNETTI COMPANIES
27_MOUNTMEND_8236,27,8236,Jim Beam,50mL,6,8.94,1.49,2024-03-04,50.0,1,0.32,12546,JIM BEAM BRANDS COMPANY    
51_ABERDEEN_5872,51,5872,Godiva Chocolate Liqueur,50mL,2,5.98,2.99,2024-10-21,50.0,1,0.1,3960,DIAGEO NORTH AMERICA INC   
23_ARBINGTON_5103,23,5103,Fireball Cinnamon Whisky,1.75L,2,49.98,24.99,2024-06-05,1750.0,1,3.67,8004,SAZERAC CO INC             
34_PITMERDEN_8258,34,8258,Campari,750mL,2,59.98,29.99,2024-05-16,750.0,1,1.57,11567,CAMPARI AMERICA            
37_PAETHSMOUTH_1379,37,1379,Jim Beam Traveler,750mL,1,14.99,14.99,2024-05-05,750.0,1,0.79,12546,JIM BEAM BRANDS COMPANY    
17_OLDHAM_3253,17,3253,Gilbeys London Dry,1.75L,1,11.99,11.99,2024-12-18,1750.0,1,1.84,12546,JIM BEAM BRANDS COMPANY    
68_SOLARIS_8358,68,8358,Bacardi 151 Proof,750mL,1,19.99,19.99,2024-04-16,750.0,1,0.79,480,BACARDI USA INC            
60_IRRAGIN_8040,60,8040,Bols Blue Curacao,750mL,1,8.99,8.99,2024-08-15,750.0,1,0.79,6213,MHW LTD                    
69_MOUNTMEND_19645,69,19645,Line 39 Pnt Nr,750mL,3,32.97,10.99,2024-03-10,750.0,2,0.34,7153,PINE STATE TRADING CO      
67_EANVERNESS_3172,67,3172,Skyy Infusions Blood Orange,750mL,3,38.97,12.99,2024-07-30,750.0,1,2.36,11567,CAMPARI AMERICA            
73_DONCASTER_3847,73,3847,Grey Goose Vodka,50mL,1,3.99,3.99,2024-03-26,50.0,1,0.05,480,BACARDI USA INC            
75_BARNCOMBE_4734,75,4734,Capt Morgan Cannon Blast,750mL,1,14.99,14.99,2024-06-14,750.0,1,0.79,3960,DIAGEO NORTH AMERICA INC   
7_STANMORE_8475,7,8475,J Roget Extra Dry,187mL,2,3.58,1.79,2024-04-20,187.0,2,0.06,1392,CONSTELLATION BRANDS INC   
39_EASTHALLOW_3344,39,3344,Bombay Sapphire Gin,750mL,1,19.99,19.99,2024-12-21,750.0,1,0.79,480,BACARDI USA INC            
49_GARIGILL_2694,49,2694,Glenmorangie LaSanta,750mL,1,50.99,50.99,2024-03-11,750.0,1,0.79,8112,MOET HENNESSY USA INC      
33_HORNSEY_8342,33,8342,Korbel X Dry,750mL,2,27.98,13.99,2024-06-06,750.0,2,0.22,1128,BROWN-FORMAN CORP          
41_LARNWICK_4678,41,4678,Courvoisier VS Cognac,750mL,1,22.99,22.99,2024-02-09,750.0,1,0.79,12546,JIM BEAM BRANDS COMPANY    
22_SHARNWICK_33874,22,33874,Bella Sera Pinot Grigio Del,1.5L,1,11.99,11.99,2024-11-19,1500.0,2,0.22,3252,E & J GALLO WINERY         
69_MOUNTMEND_25816,69,25816,Les Hauts Calas Chinian 14,750mL,1,9.99,9.99,2024-12-10,750.0,2,0.11,9165,ULTRA BEVERAGE COMPANY LLP 
25_CAERSHIRE_4303,25,4303,Calico Jack Spiced Rum,750mL,1,7.99,7.99,2024-11-15,750.0,1,0.79,12546,JIM BEAM BRANDS COMPANY    
28_LARNWICK_2465,28,2465,Crown Royal Mini,50mL,3,8.97,2.99,2024-11-26,50.0,1,0.16,3960,DIAGEO NORTH AMERICA INC   
66_EANVERNESS_22646,66,22646,Guillaume Vrignaud Chablis,750mL,1,25.99,25.99,2024-07-08,750.0,2,0.11,4425,MARTIGNETTI COMPANIES
71_CLARCTON_3687,71,3687,Fleischmanns Royal Traveler,750mL,1,4.99,4.99,2024-12-05,750.0,1,0.79,660,SAZERAC NORTH AMERICA INC. 
10_HORNSEY_8236,10,8236,Jim Beam,50mL,9,13.41,1.49,2024-06-17,50.0,1,0.47,12546,JIM BEAM BRANDS COMPANY    
33_HORNSEY_8671,33,8671,Appleton Est VX Jamaican Rum,750mL,1,19.99,19.99,2024-06-17,750.0,1,0.79,11567,CAMPARI AMERICA            
30_CULCHETH_3784,30,3784,Margaritaville Gold Tequila,750mL,1,11.99,11.99,2024-07-12,750.0,1,0.79,8004,SAZERAC CO INC             
55_DRY GULCH_40136,55,40136,Cakebread Merlot Napa,750mL,1,47.99,47.99,2024-12-03,750.0,2,0.11,4692,KOBRAND CORPORATION        
13_TARMSWORTH_3608,13,3608,Smirnoff Orange Vodka,50mL,2,1.98,0.99,2024-06-21,50.0,1,0.1,3960,DIAGEO NORTH AMERICA INC   
33_HORNSEY_42420,33,42420,Yellow Tail Pnt Grigio Ausl,750mL,1,7.99,7.99,2024-08-27,750.0,2,0.11,4425,MARTIGNETTI COMPANIES
24_PALPERROTH_8469,24,8469,1800 Reposado Gold Tequila,750mL,1,22.99,22.99,2024-11-25,750.0,1,0.79,7245,PROXIMO SPIRITS INC.       
76_DONCASTER_1771,76,1771,Jack Daniels Tennessee Fire,50mL,1,2.99,2.99,2024-07-11,50.0,1,0.05,1128,BROWN-FORMAN CORP          
4_EANVERNESS_2026,4,2026,Camarena Silver Tequila,750mL,1,18.99,18.99,2024-03-04,750.0,1,0.79,3252,E & J GALLO WINERY         
64_CESTERFIELD_3257,64,3257,Gilbeys London Dry Trav,750mL,2,11.98,5.99,2024-05-13,750.0,1,1.57,12546,JIM BEAM BRANDS COMPANY    
41_LARNWICK_3454,41,3454,Pinnacle Pineapple,50mL,2,1.98,0.99,2024-12-28,50.0,1,0.1,12546,JIM BEAM BRANDS COMPANY    
20_BREDWARDINE_3511,20,3511,New Amsterdam Vodka,750mL,2,19.98,9.99,2024-08-14,750.0,1,1.57,3252,E & J GALLO WINERY         
34_PITMERDEN_5339,34,5339,Drambuie,50mL,1,3.29,3.29,2024-02-23,50.0,1,0.05,3664,WILLIAM GRANT & SONS INC   
53_HILLFAR_5312,53,5312,Amaretto DiSaronno,750mL,3,68.97,22.99,2024-03-05,750.0,1,2.36,2555,DISARONNO INTERNATIONAL LLC
41_LARNWICK_31488,41,31488,Barefoot Chard Cal,750mL,1,6.29,6.29,2024-06-02,750.0,2,0.11,3252,E & J GALLO WINERY         
38_GOULCREST_8815,38,8815,Ch Ste Michelle Chard Colmbi,750mL,17,161.33,9.49,2024-07-02,750.0,2,1.91,8673,STE MICHELLE WINE ESTATES  
35_HALIVAARA_438,35,438,Licor 43 Vanilla Liqueur,750mL,1,18.99,18.99,2024-07-31,750.0,1,0.79,4425,MARTIGNETTI COMPANIES
11_CARDEND_28580,11,28580,Silverado Chard,750mL,3,74.97,24.99,2024-04-29,750.0,2,0.34,4425,MARTIGNETTI COMPANIES
7_STANMORE_2120,7,2120,Canadian Club,1.75L,10,169.9,16.99,2024-07-23,1750.0,1,18.38,12546,JIM BEAM BRANDS COMPANY    
38_GOULCREST_3436,38,3436,Bombay Dry Gin,1.75L,1,24.99,24.99,2024-09-04,1750.0,1,1.84,480,BACARDI USA INC            
13_TARMSWORTH_3804,13,3804,Svedka Vodka,750mL,1,12.99,12.99,2024-03-25,750.0,1,0.79,1392,CONSTELLATION BRANDS INC   
65_LUTON_4260,65,4260,Capt Morgan Original Barrel,1.75L,9,197.91,21.99,2024-08-19,1750.0,1,16.54,3960,DIAGEO NORTH AMERICA INC   
73_DONCASTER_9109,73,9109,Deep Eddy Ruby Red Vodka,50mL,37,36.63,0.99,2024-11-26,50.0,1,1.94,3924,HEAVEN HILL DISTILLERIES   
68_SOLARIS_1346,68,1346,Knob Creek Bourbon,750mL,1,29.99,29.99,2024-01-04,750.0,1,0.79,12546,JIM BEAM BRANDS COMPANY    
15_WANBORNE_32907,15,32907,Sterling Vintners Cltn Chard,750mL,2,17.98,8.99,2024-04-28,750.0,2,0.22,1590,DIAGEO CHATEAU ESTATE WINES
1_HARDERSFIELD_25699,1,25699,Havens Merlot Napa 13,750mL,2,39.98,19.99,2024-10-28,750.0,2,0.22,9165,ULTRA BEVERAGE COMPANY LLP 
73_DONCASTER_26175,73,26175,Tom Gore Svgn Bl,750mL,2,21.98,10.99,2024-06-24,750.0,2,0.22,1392,CONSTELLATION BRANDS INC   
68_SOLARIS_34903,68,34903,Smoking Loon Cab Svgn,750mL,2,13.58,6.79,2024-03-04,750.0,2,0.22,9552,M S WALKER INC             
19_WINTERVALE_1373,19,1373,Jim Beam Honey,750mL,1,14.49,14.49,2024-01-25,750.0,1,0.79,12546,JIM BEAM BRANDS COMPANY    
29_AYLESBURY_24086,29,24086,Hess Select Chard,750mL,1,12.99,12.99,2024-07-13,750.0,2,0.11,4425,MARTIGNETTI COMPANIES
50_MOUNTMEND_43546,50,43546,Carlo Rossi RSV Merlot Cal,4L,1,15.99,15.99,2024-12-02,4000.0,2,0.6,3252,E & J GALLO WINERY         
50_MOUNTMEND_2756,50,2756,Jameson Caskmates,750mL,1,29.99,29.99,2024-02-10,750.0,1,0.79,17035,PERNOD RICARD USA          
59_CLAETHORPES_3104,59,3104,Smirnoff Whipped Cream,750mL,1,12.99,12.99,2024-05-27,750.0,1,0.79,3960,DIAGEO NORTH AMERICA INC   
1_HARDERSFIELD_3154,1,3154,New Amsterdam Peach Vodka,750mL,2,19.98,9.99,2024-05-27,750.0,1,1.57,3252,E & J GALLO WINERY         
10_HORNSEY_3545,10,3545,Ketel One Vodka,1.75L,8,279.92,34.99,2024-09-09,1750.0,1,14.7,3960,DIAGEO NORTH AMERICA INC   
60_IRRAGIN_8590,60,8590,Arrow Peppermint Schnapps,750mL,2,15.98,7.99,2024-12-11,750.0,1,1.57,8352,LUXCO INC                  
27_MOUNTMEND_5525,27,5525,Fernet-Branca Italian Liquer,750mL,1,24.99,24.99,2024-10-08,750.0,1,0.79,9165,ULTRA BEVERAGE COMPANY LLP 
2_ASHBORNE_14975,2,14975,Cavit Moscato,750mL,2,13.98,6.99,2024-12-24,750.0,2,0.22,6785,PALM BAY INTERNATIONAL INC 
10_HORNSEY_3607,10,3607,Smirnoff Citrus Vodka,50mL,10,9.9,0.99,2024-01-13,50.0,1,0.52,3960,DIAGEO NORTH AMERICA INC   
25_CAERSHIRE_13958,25,13958,Charles & Charles Red,750mL,2,23.98,11.99,2024-04-06,750.0,2,0.22,8892,TRINCHERO FAMILY ESTATES   
41_LARNWICK_22842,41,22842,Corral De Peidra Cab Svgn,750mL,2,19.98,9.99,2024-09-02,750.0,2,0.22,7153,PINE STATE TRADING CO      
75_BARNCOMBE_3680,75,3680,Stolichnaya Ohranj,1.75L,1,24.99,24.99,2024-09-02,1750.0,1,1.84,8664,"STOLI GROUP,(USA) LLC      "
30_CULCHETH_28579,30,28579,R M Woodbridge Merlot Cal,750mL,2,15.98,7.99,2024-12-28,750.0,2,0.22,1392,CONSTELLATION BRANDS INC   
27_MOUNTMEND_8358,27,8358,Bacardi 151 Proof,750mL,2,39.98,19.99,2024-05-13,750.0,1,1.57,480,BACARDI USA INC            
2_ASHBORNE_3085,2,3085,Absolut Mini Bar 5/50mls,250mL,1,7.99,7.99,2024-05-15,50.0,1,0.05,17035,PERNOD RICARD USA          
63_SWORDBREAK_2114,63,2114,Black Velvet Canadian Whisky,1.75L,4,51.96,12.99,2024-03-17,1750.0,1,7.35,1392,CONSTELLATION BRANDS INC   
43_WOLFORD_1384,43,1384,Bulleit 95 Rye,750mL,2,51.98,25.99,2024-11-23,750.0,1,1.57,3960,DIAGEO NORTH AMERICA INC   
19_WINTERVALE_1366,19,1366,Red Stag by Jim Beam,50mL,4,5.16,1.29,2024-03-08,50.0,1,0.21,12546,JIM BEAM BRANDS COMPANY    
78_EASTHAVEN_1244,78,1244,Jack Daniels Winter Jack,750mL,1,15.99,15.99,2024-12-02,750.0,1,0.79,1128,BROWN-FORMAN CORP          
34_PITMERDEN_46762,34,46762,Clayhouse Cab Svgn Paso Rbls,750mL,1,14.99,14.99,2024-05-18,750.0,2,0.11,4425,MARTIGNETTI COMPANIES
37_PAETHSMOUTH_4260,37,4260,Capt Morgan Original Barrel,1.75L,2,43.98,21.99,2024-08-17,1750.0,1,3.67,3960,DIAGEO NORTH AMERICA INC   
38_GOULCREST_24798,38,24798,The Pinot Project Pnt Nr,750mL,1,13.99,13.99,2024-08-21,750.0,2,0.11,10754,PERFECTA WINES             
7_STANMORE_6396,7,6396,Taylor Dry Sherry,1.5L,1,7.79,7.79,2024-10-01,1500.0,2,0.22,1392,CONSTELLATION BRANDS INC   
58_HARTLEPOOL_3295,58,3295,Tito's Handmade Vodka,375mL,3,35.97,11.99,2024-12-26,375.0,1,1.18,4425,MARTIGNETTI COMPANIES
19_WINTERVALE_23778,19,23778,M Chiarlo Barbera D'Asti,750mL,1,10.99,10.99,2024-09-08,750.0,2,0.11,4692,KOBRAND CORPORATION        
50_MOUNTMEND_19382,50,19382,Anew Rsl,750mL,1,9.99,9.99,2024-02-12,750.0,2,0.11,8673,STE MICHELLE WINE ESTATES  
2_ASHBORNE_3726,2,3726,Gilbeys Vodka Traveler,750mL,4,19.96,4.99,2024-08-16,750.0,1,3.15,12546,JIM BEAM BRANDS COMPANY    
54_GUTHRAM_24040,54,24040,Merieau 12 Les Hex PN VdP,750mL,3,38.97,12.99,2024-05-20,750.0,2,0.34,9552,M S WALKER INC             
76_DONCASTER_21685,76,21685,Cameron Hughes Cam Col Cab S,750mL,1,13.99,13.99,2024-02-26,750.0,2,0.11,653,STATE WINE & SPIRITS   
73_DONCASTER_14342,73,14342,Cupcake Pnt Nr,750mL,4,31.96,7.99,2024-03-10,750.0,2,0.45,9815,WINE GROUP INC             
17_OLDHAM_8082,17,8082,Baileys Irish Cream,1.75L,3,101.97,33.99,2024-08-23,1750.0,1,5.51,3960,DIAGEO NORTH AMERICA INC   
36_LEWES_40425,36,40425,Mionetto Prosecco Brut,750mL,1,14.99,14.99,2024-05-11,750.0,2,0.11,9552,M S WALKER INC             
51_ABERDEEN_3609,51,3609,Smirnoff Vanilla Vodka,50mL,1,0.99,0.99,2024-07-24,50.0,1,0.05,3960,DIAGEO NORTH AMERICA INC   
74_PAENTMARWY_18744,74,18744,Ca'Momi Chard Napa Vly,750mL,1,17.99,17.99,2024-12-18,750.0,2,0.11,10754,PERFECTA WINES             
76_DONCASTER_31790,76,31790,Dominio de Eguren Protocolo,750mL,6,47.94,7.99,2024-07-24,750.0,2,0.68,9552,M S WALKER INC             
78_EASTHAVEN_15105,78,15105,Kendall Jackson Avant Chard,750mL,1,9.99,9.99,2024-04-22,750.0,2,0.11,10000,MAJESTIC FINE WINES        
25_CAERSHIRE_4303,25,4303,Calico Jack Spiced Rum,750mL,1,7.99,7.99,2024-05-10,750.0,1,0.79,12546,JIM BEAM BRANDS COMPANY    
22_SHARNWICK_5725,22,5725,DeKuyper Sour Apple Pucker,750mL,1,10.99,10.99,2024-01-14,750.0,1,0.79,12546,JIM BEAM BRANDS COMPANY    
2_ASHBORNE_8451,2,8451,Cruzan Aged Dark Rum,1.75L,1,16.99,16.99,2024-01-26,1750.0,1,1.84,12546,JIM BEAM BRANDS COMPANY    
38_GOULCREST_5492,38,5492,Grand Marnier Cuvee du Cent,750mL,1,149.99,149.99,2024-07-26,750.0,1,0.79,8112,MOET HENNESSY USA INC      
73_DONCASTER_1269,73,1269,Jeffersons Bourbon,750mL,10,259.9,25.99,2024-06-26,750.0,1,7.87,1485,CASTLE BRANDS CORP.        
38_GOULCREST_3996,38,3996,Deep Eddy Peach Vodka,750mL,3,47.97,15.99,2024-08-04,750.0,1,2.36,3924,HEAVEN HILL DISTILLERIES   
61_AETHELNEY_3766,61,3766,Three Olives Grape Vodka,750mL,1,12.99,12.99,2024-05-06,750.0,1,0.79,7245,PROXIMO SPIRITS INC.       
30_CULCHETH_4278,30,4278,Capt Morgan Parrot Bay Cocnt,750mL,1,11.99,11.99,2024-02-12,750.0,1,0.79,3960,DIAGEO NORTH AMERICA INC   
10_HORNSEY_971,10,971,Sauza Extra Gold Tequila,Liter,1,15.99,15.99,2024-08-04,1000.0,1,1.05,12546,JIM BEAM BRANDS COMPANY    
41_LARNWICK_23974,41,23974,Catena RSV Chard,750mL,1,14.99,14.99,2024-08-12,750.0,2,0.11,9552,M S WALKER INC             
55_DRY GULCH_3679,55,3679,Chopin Vodka,750mL,2,43.98,21.99,2024-09-22,750.0,1,1.57,6213,MHW LTD                    
50_MOUNTMEND_7341,50,7341,Smirnoff Watermelon,50mL,1,0.99,0.99,2024-04-05,50.0,1,0.05,3960,DIAGEO NORTH AMERICA INC   
10_HORNSEY_1715,10,1715,Ole Smoky Apple Pie Moonshne,750mL,6,113.94,18.99,2024-01-28,750.0,1,4.72,6359,OLE SMOKY DISTILLERY LLC   
21_BALERNO_3695,21,3695,Rain Organics Vodka,750mL,2,23.98,11.99,2024-12-03,750.0,1,1.57,8004,SAZERAC CO INC             
50_MOUNTMEND_79,50,79,Three Olives Loopy Vodka,750mL,3,44.97,14.99,2024-02-17,750.0,1,2.36,7245,PROXIMO SPIRITS INC.       
42_BLACK HOLLOW_661,42,661,Red Stag by Jim Beam,750mL,1,16.49,16.49,2024-04-01,750.0,1,0.79,12546,JIM BEAM BRANDS COMPANY    
75_BARNCOMBE_8693,75,8693,Ezra Brooks,750mL,1,9.99,9.99,2024-09-16,750.0,1,0.79,8352,LUXCO INC                  
44_PORTHCRAWL_21985,44,21985,Menage a Trois Midnight,750mL,2,21.98,10.99,2024-03-02,750.0,2,0.22,8892,TRINCHERO FAMILY ESTATES   
68_SOLARIS_32826,68,32826,Rombauer Carneros Chard,750mL,7,237.93,33.99,2024-08-18,750.0,2,0.79,4425,MARTIGNETTI COMPANIES
71_CLARCTON_3656,71,3656,Stolichnaya Vanil,1.75L,4,99.96,24.99,2024-06-25,1750.0,1,7.35,8664,"STOLI GROUP,(USA) LLC      "
34_PITMERDEN_8053,34,8053,Seagrams 7 Crown,50mL,9,8.91,0.99,2024-08-19,50.0,1,0.47,3960,DIAGEO NORTH AMERICA INC   
76_DONCASTER_22968,76,22968,Klinker Brick Marisa Znfdl,750mL,1,34.99,34.99,2024-02-12,750.0,2,0.11,9552,M S WALKER INC             
64_CESTERFIELD_3878,64,3878,Smirnoff 80 Proof,750mL,2,21.98,10.99,2024-11-10,750.0,1,1.57,3960,DIAGEO NORTH AMERICA INC   
59_CLAETHORPES_5445,59,5445,Jagermeister Liqueur,750mL,2,31.98,15.99,2024-09-07,750.0,1,1.57,3089,SIDNEY FRANK IMPORTING CO  
1_HARDERSFIELD_5075,1,5075,Tuaca Italian Liqueur,750mL,1,21.99,21.99,2024-06-24,750.0,1,0.79,1128,BROWN-FORMAN CORP          
56_BEGGAR'S HOLE_11213,56,11213,Meiomi Pnt Nr,750mL,1,18.99,18.99,2024-07-09,750.0,2,0.11,1392,CONSTELLATION BRANDS INC   
50_MOUNTMEND_8472,50,8472,1800 Silver Tequila,750mL,16,335.84,20.99,2024-11-12,750.0,1,12.6,7245,PROXIMO SPIRITS INC.       
38_GOULCREST_44511,38,44511,MacMurray Ranch C Cst Pnt Nr,750mL,1,15.49,15.49,2024-05-23,750.0,2,0.11,3252,E & J GALLO WINERY         
45_VERITAS_3529,45,3529,U V Vodka,1.75L,2,27.98,13.99,2024-03-25,1750.0,1,3.67,9206,PHILLIPS PRODUCTS CO.      
59_CLAETHORPES_8671,59,8671,Appleton Est VX Jamaican Rum,750mL,1,19.99,19.99,2024-01-16,750.0,1,0.79,11567,CAMPARI AMERICA            
73_DONCASTER_46060,73,46060,Martin Codax Albarino,750mL,2,27.98,13.99,2024-10-16,750.0,2,0.22,3252,E & J GALLO WINERY         
23_ARBINGTON_39631,23,39631,Red Truck Cal,750mL,1,7.99,7.99,2024-12-22,750.0,2,0.11,4425,MARTIGNETTI COMPANIES
49_GARIGILL_38441,49,38441,Toasted Head Cab Svgn,750mL,1,10.99,10.99,2024-08-07,750.0,2,0.11,1392,CONSTELLATION BRANDS INC   
59_CLAETHORPES_2586,59,2586,Jameson Irish Whiskey,50mL,2,5.98,2.99,2024-09-10,50.0,1,0.1,17035,PERNOD RICARD USA          
34_PITMERDEN_3787,34,3787,Jose Cuervo Especial Silver,750mL,2,35.98,17.99,2024-11-09,750.0,1,1.57,7245,PROXIMO SPIRITS INC.       
9_BLACKPOOL_16656,9,16656,Dom Bousquet Malbec Mendoza,750mL,1,10.99,10.99,2024-11-19,750.0,2,0.11,10754,PERFECTA WINES             
79_BALLYMENA_1727,79,1727,West Cork Irish Whiskey,750mL,1,21.99,21.99,2024-06-02,750.0,1,0.79,9552,M S WALKER INC             
47_PELLA'S WISH_3606,47,3606,Smirnoff Raspberry Vodka,50mL,3,2.97,0.99,2024-03-06,50.0,1,0.16,3960,DIAGEO NORTH AMERICA INC   
25_CAERSHIRE_5828,25,5828,Ryans Irish Cream,750mL,3,26.97,8.99,2024-11-18,750.0,1,2.36,8004,SAZERAC CO INC             
63_SWORDBREAK_37313,63,37313,Salmon Run NY Rsl,750mL,3,29.97,9.99,2024-05-06,750.0,2,0.34,10754,PERFECTA WINES             
23_ARBINGTON_2645,23,2645,Chivas Regal,750mL,2,63.98,31.99,2024-10-14,750.0,1,1.57,17035,PERNOD RICARD USA          
75_BARNCOMBE_3899,75,3899,Platinum 7X Distilled Vodka,375mL,3,11.97,3.99,2024-11-01,375.0,1,1.18,8004,SAZERAC CO INC             
41_LARNWICK_2587,41,2587,Jameson Irish Whiskey,375mL,3,56.97,18.99,2024-12-24,375.0,1,1.18,17035,PERNOD RICARD USA          
56_BEGGAR'S HOLE_12113,56,12113,Peter Lehmann Layers White,750mL,1,7.99,7.99,2024-07-10,750.0,2,0.11,4425,MARTIGNETTI COMPANIES
2_ASHBORNE_24779,2,24779,Straccali Chianti,1.5L,4,39.96,9.99,2024-02-06,1500.0,2,0.9,6785,PALM BAY INTERNATIONAL INC 
19_WINTERVALE_7262,19,7262,Gallo Sweet Vermouth,750mL,1,5.49,5.49,2024-06-07,750.0,2,0.11,3252,E & J GALLO WINERY         
76_DONCASTER_39599,76,39599,R M Woodbridge Chard Cal,187mL 4 Pk,2,15.98,7.99,2024-08-18,187.0,2,0.06,1392,CONSTELLATION BRANDS INC   
61_AETHELNEY_35976,61,35976,Zeller Schwarze Rsl Valcknbg,750mL,1,9.99,9.99,2024-07-29,750.0,2,0.11,10754,PERFECTA WINES             
77_TAMWORTH_8339,77,8339,The Glenlivet 12 Yr Single,750mL,2,87.98,43.99,2024-05-13,750.0,1,1.57,17035,PERNOD RICARD USA          
20_BREDWARDINE_5170,20,5170,Dr McGillicuddy's Apple Pie,750mL,1,13.99,13.99,2024-09-06,750.0,1,0.79,8004,SAZERAC CO INC             
15_WANBORNE_6319,15,6319,Santa Cristina Toscana,750mL,1,11.99,11.99,2024-10-13,750.0,2,0.11,8673,STE MICHELLE WINE ESTATES  
43_WOLFORD_5270,43,5270,Southern Comfort,50mL,4,7.96,1.99,2024-02-23,50.0,1,0.21,1128,BROWN-FORMAN CORP          
30_CULCHETH_24875,30,24875,Glen Ellen Merlot RSV,1.5L,6,41.94,6.99,2024-08-30,1500.0,2,1.35,9815,WINE GROUP INC             
56_BEGGAR'S HOLE_810,56,810,Bacardi Black Razz,750mL,2,19.98,9.99,2024-06-04,750.0,1,1.57,480,BACARDI USA INC            
11_CARDEND_5185,11,5185,Irish Manor Irish Cream,1.75L,1,18.99,18.99,2024-01-28,1750.0,1,1.84,4380,CHARLES JACQUIN ET CIE INC 
32_MOUNTMEND_2587,32,2587,Jameson Irish Whiskey,375mL,1,18.99,18.99,2024-12-22,375.0,1,0.39,17035,PERNOD RICARD USA          
11_CARDEND_3725,11,3725,Three Olives Pomegranate,750mL,1,12.99,12.99,2024-02-13,750.0,1,0.79,7245,PROXIMO SPIRITS INC.       
66_EANVERNESS_8469,66,8469,1800 Reposado Gold Tequila,750mL,1,22.99,22.99,2024-11-21,750.0,1,0.79,7245,PROXIMO SPIRITS INC.       
43_WOLFORD_5828,43,5828,Ryans Irish Cream,750mL,1,10.99,10.99,2024-09-09,750.0,1,0.79,8004,SAZERAC CO INC             
73_DONCASTER_19545,73,19545,Darkhorse Red,750mL,2,15.98,7.99,2024-01-18,750.0,2,0.22,3252,E & J GALLO WINERY         
53_HILLFAR_27145,53,27145,Schmitt Sohne QbA,750mL,1,8.99,8.99,2024-04-26,750.0,2,0.11,9552,M S WALKER INC             
57_LANTEGLOS_3614,57,3614,Finlandia Vodka,1.75L,1,22.99,22.99,2024-02-07,1750.0,1,1.84,1128,BROWN-FORMAN CORP          
59_CLAETHORPES_6553,59,6553,Harveys Bristol Cream Sherry,750mL,1,13.99,13.99,2024-11-15,750.0,2,0.11,12546,JIM BEAM BRANDS COMPANY    
38_GOULCREST_3462,38,3462,Absolut Ruby Red,750mL,1,17.99,17.99,2024-04-23,750.0,1,0.79,17035,PERNOD RICARD USA          
79_BALLYMENA_5197,79,5197,Southern Comfort,375mL,1,7.99,7.99,2024-10-04,375.0,1,0.39,8004,SAZERAC CO INC             
67_EANVERNESS_25567,67,25567,Saddleback Clrs 11 Cab Svgn,750mL,2,75.98,37.99,2024-10-13,750.0,2,0.22,9552,M S WALKER INC             
67_EANVERNESS_1663,67,1663,Jim Beam Maple,50mL,14,13.86,0.99,2024-05-19,50.0,1,0.74,12546,JIM BEAM BRANDS COMPANY    
63_SWORDBREAK_8033,63,8033,Jack Daniels No 7 Black,50mL,2,5.98,2.99,2024-05-07,50.0,1,0.1,1128,BROWN-FORMAN CORP          
15_WANBORNE_27202,15,27202,DeLoach Sonoma Cnty Chard,750mL,4,39.96,9.99,2024-12-22,750.0,2,0.45,4425,MARTIGNETTI COMPANIES
2_ASHBORNE_13530,2,13530,Home Ranch Sbragia Chard,750mL,4,71.96,17.99,2024-10-20,750.0,2,0.45,4425,MARTIGNETTI COMPANIES
72_HARDERSFIELD_4181,72,4181,Calypso Spiced Rum,1.75L,1,11.99,11.99,2024-04-19,1750.0,1,1.84,660,SAZERAC NORTH AMERICA INC. 
66_EANVERNESS_5399,66,5399,Goldschlager Cinnamon Schna,50mL,9,17.91,1.99,2024-07-22,50.0,1,0.47,3960,DIAGEO NORTH AMERICA INC   
67_EANVERNESS_3909,67,3909,White Mountain Vodka,750mL,1,24.99,24.99,2024-06-03,750.0,1,0.79,173357,TAMWORTH DISTILLING        
71_CLARCTON_2117,71,2117,Black Velvet Traveler,750mL,1,7.99,7.99,2024-08-10,750.0,1,0.79,1392,CONSTELLATION BRANDS INC   
66_EANVERNESS_1238,66,1238,The Glenlivet 12 Yr Single,50mL,1,4.99,4.99,2024-07-26,50.0,1,0.05,17035,PERNOD RICARD USA          
40_BULLMAR_3982,40,3982,Hornitos Reposado Tequila,750mL,1,20.99,20.99,2024-10-11,750.0,1,0.79,12546,JIM BEAM BRANDS COMPANY    
51_ABERDEEN_2713,51,2713,Inver House Green Plaid 3-Y,1.75L,2,33.98,16.99,2024-02-17,1750.0,1,3.67,660,SAZERAC NORTH AMERICA INC. 
67_EANVERNESS_23382,67,23382,Haywood Chamizal Znfdl 09,750mL,1,15.99,15.99,2024-08-09,750.0,2,0.11,9165,ULTRA BEVERAGE COMPANY LLP 
49_GARIGILL_6349,49,6349,Glen Ellen Chard RSV,1.5L,3,20.97,6.99,2024-02-25,1500.0,2,0.68,9815,WINE GROUP INC             
10_HORNSEY_33214,10,33214,Sycamore Lane Merlot Cal,1.5L,4,33.96,8.49,2024-05-07,1500.0,2,0.9,8892,TRINCHERO FAMILY ESTATES   
2_ASHBORNE_5298,2,5298,Southern Comfort 100 Proof,750mL,1,16.99,16.99,2024-12-09,750.0,1,0.79,8004,SAZERAC CO INC             
54_GUTHRAM_6660,54,6660,Carlo Rossi Paisano Calif,4L,1,14.99,14.99,2024-06-22,4000.0,2,0.6,3252,E & J GALLO WINERY         
66_EANVERNESS_4345,66,4345,Capt Morgan Tattoo Rum,750mL,1,19.99,19.99,2024-01-29,750.0,1,0.79,3960,DIAGEO NORTH AMERICA INC   
59_CLAETHORPES_38133,59,38133,Il Bastardo Sangiovese Tosc,750mL,1,7.99,7.99,2024-02-07,750.0,2,0.11,10754,PERFECTA WINES             
43_WOLFORD_1770,43,1770,Jack Daniels Tennessee Fire,1.75L,1,39.99,39.99,2024-09-15,1750.0,1,1.84,1128,BROWN-FORMAN CORP          
69_MOUNTMEND_5111,69,5111,Dr McGillicuddy's Mentholmnt,50mL,12,11.88,0.99,2024-02-28,50.0,1,0.63,8004,SAZERAC CO INC             
38_GOULCREST_5270,38,5270,Southern Comfort,50mL,6,5.94,0.99,2024-08-29,50.0,1,0.32,8004,SAZERAC CO INC             
55_DRY GULCH_6575,55,6575,Kendall Jackson RSV Svgn Bl,750mL,2,19.98,9.99,2024-10-29,750.0,2,0.22,10000,MAJESTIC FINE WINES        
29_AYLESBURY_3679,29,3679,Chopin Vodka,750mL,1,21.99,21.99,2024-08-24,750.0,1,0.79,6213,MHW LTD                    
17_OLDHAM_5015,17,5015,Arrow Creme de Banana,750mL,1,7.99,7.99,2024-03-23,750.0,1,0.79,8352,LUXCO INC                  
7_STANMORE_3746,7,3746,Gordons Vodka 80 Proof,1.75L,4,51.96,12.99,2024-01-04,1750.0,1,7.35,3960,DIAGEO NORTH AMERICA INC   
38_GOULCREST_19148,38,19148,Gerard Bertrand Picpoul Pint,750mL,3,38.97,12.99,2024-08-09,750.0,2,0.34,9552,M S WALKER INC             
76_DONCASTER_4228,76,4228,Bacardi 8,750mL,1,21.99,21.99,2024-02-23,750.0,1,0.79,480,BACARDI USA INC            
34_PITMERDEN_29620,34,29620,Schmitt Sohne Kabinett,750mL,1,12.99,12.99,2024-01-07,750.0,2,0.11,9552,M S WALKER INC             
39_EASTHALLOW_3243,39,3243,Burnetts Vodka,1.75L,2,20.98,10.49,2024-06-28,1750.0,1,3.67,3924,HEAVEN HILL DISTILLERIES   
58_HARTLEPOOL_3684,58,3684,Fleischmanns Royal Vodka,1.75L,1,9.99,9.99,2024-04-23,1750.0,1,1.84,660,SAZERAC NORTH AMERICA INC. 
78_EASTHAVEN_3826,78,3826,Skyy Vodka,1.75L,4,99.96,24.99,2024-04-23,1750.0,1,7.35,11567,CAMPARI AMERICA            
2_ASHBORNE_1174,2,1174,Rebel Yell,1.75L,1,19.99,19.99,2024-06-09,1750.0,1,1.84,8352,LUXCO INC                  
9_BLACKPOOL_6552,9,6552,Harveys Bristol Cream Sherry,1.5L,1,22.99,22.99,2024-12-08,1500.0,2,0.22,12546,JIM BEAM BRANDS COMPANY    
64_CESTERFIELD_33582,64,33582,Villa Cornaro Prosecco Del,750mL,1,9.99,9.99,2024-07-09,750.0,2,0.11,4425,MARTIGNETTI COMPANIES
63_SWORDBREAK_28147,63,28147,Kris Pnt Grigio Alto Adige,750mL,2,21.98,10.99,2024-08-06,750.0,2,0.22,2000,SOUTHERN WINE & SPIRITS NE 
69_MOUNTMEND_5735,69,5735,Malibu Rum,750mL,7,90.93,12.99,2024-10-30,750.0,1,5.51,17035,PERNOD RICARD USA          
60_IRRAGIN_36850,60,36850,Frey Svgn Bl Organic Mendcno,750mL,1,13.99,13.99,2024-11-29,750.0,2,0.11,10754,PERFECTA WINES             
25_CAERSHIRE_2121,25,2121,Canadian Club Traveler,750mL,1,9.99,9.99,2024-04-04,750.0,1,0.79,12546,JIM BEAM BRANDS COMPANY    
10_HORNSEY_3879,10,3879,Smirnoff 80 Proof Traveler,750mL,4,43.96,10.99,2024-06-11,750.0,1,3.15,3960,DIAGEO NORTH AMERICA INC   
73_DONCASTER_15315,73,15315,Middle Sister Sweet & Sassy,750mL,4,39.96,9.99,2024-06-05,750.0,2,0.45,9165,ULTRA BEVERAGE COMPANY LLP 
38_GOULCREST_20152,38,20152,La Cote Blanche Mcon V Chard,750mL,1,13.99,13.99,2024-10-21,750.0,2,0.11,2000,SOUTHERN WINE & SPIRITS NE 
34_PITMERDEN_4760,34,4760,Kinky Flame Whisky,750mL,1,17.99,17.99,2024-03-13,750.0,1,0.79,7153,PINE STATE TRADING CO      
69_MOUNTMEND_35918,69,35918,Stone Cellars Pnt Grigio,1.5L,1,14.99,14.99,2024-03-05,1500.0,2,0.22,9819,TREASURY WINE ESTATES      
23_ARBINGTON_31456,23,31456,Foxhorn SE Merlot Australia,1.5L,3,23.97,7.99,2024-12-19,1500.0,2,0.68,9815,WINE GROUP INC             
56_BEGGAR'S HOLE_14129,56,14129,14 Hands Hot to Trot Red,750mL,1,10.99,10.99,2024-09-29,750.0,2,0.11,8673,STE MICHELLE WINE ESTATES  
50_MOUNTMEND_41713,50,41713,Fish Eye Merlot,750mL,2,9.98,4.99,2024-03-30,750.0,2,0.22,9815,WINE GROUP INC             
64_CESTERFIELD_482,64,482,Absolut 80 Proof,Liter,1,21.99,21.99,2024-08-14,1000.0,1,1.05,17035,PERNOD RICARD USA          
55_DRY GULCH_2586,55,2586,Jameson Irish Whiskey,50mL,2,5.98,2.99,2024-06-22,50.0,1,0.1,17035,PERNOD RICARD USA          
60_IRRAGIN_5490,60,5490,DeKuyper Hot Damn Cinnamon,50mL,2,1.98,0.99,2024-06-14,50.0,1,0.1,12546,JIM BEAM BRANDS COMPANY    
50_MOUNTMEND_1366,50,1366,Red Stag by Jim Beam,50mL,6,7.74,1.29,2024-11-30,50.0,1,0.32,12546,JIM BEAM BRANDS COMPANY    
34_PITMERDEN_4249,34,4249,Capt Morgan White Coconut,750mL,1,14.99,14.99,2024-01-29,750.0,1,0.79,3960,DIAGEO NORTH AMERICA INC   
48_NORFOLK_46202,48,46202,Yellow Tail Pnt Grigio Ausl,1.5L,1,9.99,9.99,2024-11-08,1500.0,2,0.22,4425,MARTIGNETTI COMPANIES
33_HORNSEY_39798,33,39798,R M Woodbridge Pnt Grigio,187mL 4 Pk,1,6.99,6.99,2024-12-15,187.0,2,0.03,1392,CONSTELLATION BRANDS INC   
57_LANTEGLOS_25163,57,25163,Colavita Pnt Nr,750mL,3,14.97,4.99,2024-03-19,750.0,2,0.34,4425,MARTIGNETTI COMPANIES
72_HARDERSFIELD_5747,72,5747,Malibu Pineapple Rum,750mL,1,12.99,12.99,2024-04-30,750.0,1,0.79,17035,PERNOD RICARD USA          
31_HORNSEY_3851,31,3851,Grey Goose Vodka,375mL,1,15.99,15.99,2024-05-04,375.0,1,0.39,480,BACARDI USA INC            
24_PALPERROTH_6281,24,6281,Franzia Sunset Blush Tap,5L,1,14.99,14.99,2024-07-08,5000.0,2,0.75,9815,WINE GROUP INC             
77_TAMWORTH_3607,77,3607,Smirnoff Citrus Vodka,50mL,4,3.96,0.99,2024-06-08,50.0,1,0.21,3960,DIAGEO NORTH AMERICA INC   
73_DONCASTER_25831,73,25831,Dry Creek Chenin Blanc Dry,750mL,1,11.99,11.99,2024-05-22,750.0,2,0.11,7153,PINE STATE TRADING CO      
26_KNIFE'S EDGE_3913,26,3913,Svedka Vodka,1.75L,1,18.99,18.99,2024-08-14,1750.0,1,1.84,1392,CONSTELLATION BRANDS INC   
24_PALPERROTH_680,24,680,Midnight Moon Strawberry,750mL,1,19.99,19.99,2024-06-22,750.0,1,0.79,9165,ULTRA BEVERAGE COMPANY LLP 
41_LARNWICK_35914,41,35914,Stone Cellars Chard,1.5L,2,17.98,8.99,2024-12-30,1500.0,2,0.45,9819,TREASURY WINE ESTATES      
67_EANVERNESS_8455,67,8455,R Mondavi Fume Bl Napa Vly,750mL,2,29.98,14.99,2024-10-30,750.0,2,0.22,1392,CONSTELLATION BRANDS INC   
34_PITMERDEN_42765,34,42765,14 Hands Chard Wash,750mL,3,29.97,9.99,2024-09-04,750.0,2,0.34,8673,STE MICHELLE WINE ESTATES  
60_IRRAGIN_3133,60,3133,Svedka Strwbry Lemonad Vodka,750mL,1,10.99,10.99,2024-06-07,750.0,1,0.79,1392,CONSTELLATION BRANDS INC   
48_NORFOLK_8092,48,8092,Johnnie Walker Red Label,50mL,18,41.22,2.29,2024-09-07,50.0,1,0.94,3960,DIAGEO NORTH AMERICA INC   
1_HARDERSFIELD_35442,1,35442,Borsao Tres Picos Garnacha,750mL,1,14.99,14.99,2024-06-11,750.0,2,0.11,9552,M S WALKER INC             
60_IRRAGIN_7725,60,7725,Great Western Brut,750mL,1,9.99,9.99,2024-07-28,750.0,2,0.11,9165,ULTRA BEVERAGE COMPANY LLP 
81_PEMBROKE_5597,81,5597,DeKuyper Watermelon Pucker,750mL,2,19.98,9.99,2024-12-24,750.0,1,1.57,12546,JIM BEAM BRANDS COMPANY    
41_LARNWICK_20800,41,20800,Talamonti Moda Montepulciano,750mL,1,8.99,8.99,2024-12-22,750.0,2,0.11,9552,M S WALKER INC             
77_TAMWORTH_1789,77,1789,Jack Daniels Tennesse Fire,750mL,1,22.99,22.99,2024-07-05,750.0,1,0.79,1128,BROWN-FORMAN CORP          
49_GARIGILL_4181,49,4181,Calypso Spiced Rum,1.75L,6,65.94,10.99,2024-11-19,1750.0,1,11.02,660,SAZERAC NORTH AMERICA INC. 
22_SHARNWICK_6288,22,6288,Almaden Chablis B/B,5L,2,33.98,16.99,2024-01-25,5000.0,2,1.5,9815,WINE GROUP INC             
75_BARNCOMBE_857,75,857,Kahlua,Liter,1,23.99,23.99,2024-10-09,1000.0,1,1.05,17035,PERNOD RICARD USA          
32_MOUNTMEND_3310,32,3310,Pinnacle Vodka,375mL,1,6.99,6.99,2024-03-09,375.0,1,0.39,12546,JIM BEAM BRANDS COMPANY    
41_LARNWICK_43223,41,43223,Ch Beauchene Cotes du Rhone,750mL,1,8.99,8.99,2024-08-03,750.0,2,0.11,10754,PERFECTA WINES             
61_AETHELNEY_18857,61,18857,Barefoot Refresh Crisp White,750mL,2,11.98,5.99,2024-09-09,750.0,2,0.22,3252,E & J GALLO WINERY         
72_HARDERSFIELD_3763,72,3763,Patron Anejo Tequila,375mL,1,29.99,29.99,2024-02-06,375.0,1,0.39,9165,ULTRA BEVERAGE COMPANY LLP 
33_HORNSEY_8059,33,8059,Corazon de Agave Anejo,750mL,1,29.99,29.99,2024-07-09,750.0,1,0.79,8004,SAZERAC CO INC             
55_DRY GULCH_25728,55,25728,Chappellet Signature Cab Svg,750mL,1,56.99,56.99,2024-10-04,750.0,2,0.11,4425,MARTIGNETTI COMPANIES
71_CLARCTON_3608,71,3608,Smirnoff Orange Vodka,50mL,12,11.88,0.99,2024-09-23,50.0,1,0.63,3960,DIAGEO NORTH AMERICA INC   
73_DONCASTER_14838,73,14838,Layer Cake Cab Svgn,750mL,2,23.9,11.95,2024-04-06,750.0,2,0.22,4425,MARTIGNETTI COMPANIES
38_GOULCREST_3452,38,3452,Vanya Light Vodka,1.75L,6,41.94,6.99,2024-10-09,1750.0,1,11.02,9552,M S WALKER INC             
29_AYLESBURY_6565,29,6565,Clos du Bois Cab Svgn N Cst,750mL,1,8.99,8.99,2024-10-08,750.0,2,0.11,1392,CONSTELLATION BRANDS INC   
49_GARIGILL_28681,49,28681,F Coppola Rosso Bianco Rosso,750mL,2,21.98,10.99,2024-09-29,750.0,2,0.22,2000,SOUTHERN WINE & SPIRITS NE 
25_CAERSHIRE_37792,25,37792,Blackstone Pnt Nr Monterey,750mL,1,7.99,7.99,2024-03-25,750.0,2,0.11,1392,CONSTELLATION BRANDS INC   
78_EASTHAVEN_3511,78,3511,New Amsterdam Vodka,750mL,1,10.99,10.99,2024-11-15,750.0,1,0.79,3252,E & J GALLO WINERY         
43_WOLFORD_1634,43,1634,The Famous Grouse,1.75L,1,29.99,29.99,2024-07-06,1750.0,1,1.84,2561,EDRINGTON AMERICAS         
53_HILLFAR_8961,53,8961,Jose Cuervo Especial,50mL,2,2.98,1.49,2024-02-24,50.0,1,0.1,7245,PROXIMO SPIRITS INC.       
13_TARMSWORTH_8562,13,8562,DeKuyper Peachtree Trav,1.75L,1,16.99,16.99,2024-07-08,1750.0,1,1.84,12546,JIM BEAM BRANDS COMPANY    
28_LARNWICK_7996,28,7996,Stock Italian Sweet Vermouth,750mL,1,5.49,5.49,2024-12-10,750.0,2,0.11,8352,LUXCO INC                  
56_BEGGAR'S HOLE_6694,56,6694,Lindemans Bin 65 Chard,750mL,2,15.98,7.99,2024-08-01,750.0,2,0.22,4425,MARTIGNETTI COMPANIES
76_DONCASTER_45647,76,45647,Masciarelli Rose d'Abruzzo,750mL,1,10.99,10.99,2024-09-24,750.0,2,0.11,10754,PERFECTA WINES             
66_EANVERNESS_3542,66,3542,Vera Limon Vodka,750mL,1,17.99,17.99,2024-08-04,750.0,1,0.79,1655,FABRIZIA SPIRITS LLC       
1_HARDERSFIELD_5228,1,5228,DeKuyper Wh Cr de Menthe,750mL,1,8.99,8.99,2024-03-24,750.0,1,0.79,12546,JIM BEAM BRANDS COMPANY    
58_HARTLEPOOL_8653,58,8653,M & R Extra Dry Vermouth,375mL,1,5.29,5.29,2024-12-28,375.0,2,0.06,480,BACARDI USA INC            
24_PALPERROTH_4787,24,4787,Appleton Special Gold Rum,1.75L,1,19.99,19.99,2024-06-02,1750.0,1,1.84,11567,CAMPARI AMERICA            
76_DONCASTER_2615,76,2615,Chivas Regal,50mL,1,3.49,3.49,2024-08-12,50.0,1,0.05,17035,PERNOD RICARD USA          
67_EANVERNESS_2692,67,2692,Glenmorangie 10 Yr Scotch,750mL,1,34.99,34.99,2024-09-30,750.0,1,0.79,8112,MOET HENNESSY USA INC      
37_PAETHSMOUTH_3970,37,3970,El Toro Gold,750mL,1,9.29,9.29,2024-09-17,750.0,1,0.79,660,SAZERAC NORTH AMERICA INC. 
7_STANMORE_2973,7,2973,Eagle Rare Single Barrel Bo,750mL,1,27.99,27.99,2024-02-07,750.0,1,0.79,8004,SAZERAC CO INC             
6_GOULCREST_8627,6,8627,Jadot Beaujolais Villages,750mL,1,7.98,7.98,2024-12-23,750.0,2,0.11,4692,KOBRAND CORPORATION        
21_BALERNO_1479,21,1479,Ten High,1.75L,1,14.99,14.99,2024-11-23,1750.0,1,1.84,660,SAZERAC NORTH AMERICA INC. 
71_CLARCTON_22019,71,22019,Mumm Napa Brut Rose,750mL,1,15.99,15.99,2024-04-23,750.0,2,0.11,17035,PERNOD RICARD USA          
6_GOULCREST_5445,6,5445,Jagermeister Liqueur,750mL,1,15.99,15.99,2024-08-27,750.0,1,0.79,3089,SIDNEY FRANK IMPORTING CO  
13_TARMSWORTH_2954,13,2954,Highland Park 12 Yr Single,750mL,1,49.99,49.99,2024-12-21,750.0,1,0.79,2561,EDRINGTON AMERICAS         
21_BALERNO_27461,21,27461,Ecco Domani Pnt Grigio Venez,750mL,1,8.99,8.99,2024-10-12,750.0,2,0.11,3252,E & J GALLO WINERY         
58_HARTLEPOOL_2672,58,2672,Dewars White Label,50mL,1,2.29,2.29,2024-08-01,50.0,1,0.05,480,BACARDI USA INC            
23_ARBINGTON_4330,23,4330,Capt Morgan Spiced Rum 100,1.75L,1,29.99,29.99,2024-02-01,1750.0,1,1.84,3960,DIAGEO NORTH AMERICA INC   
41_LARNWICK_2788,41,2788,Laphroaig 10 Yr Single Malt,750mL,1,44.99,44.99,2024-03-13,750.0,1,0.79,12546,JIM BEAM BRANDS COMPANY    
6_GOULCREST_17163,6,17163,Menage a Trois Cab Svgn,750mL,2,23.98,11.99,2024-09-15,750.0,2,0.22,8892,TRINCHERO FAMILY ESTATES   
11_CARDEND_19848,11,19848,Carnivor Cab Svgn,750mL,1,9.99,9.99,2024-05-12,750.0,2,0.11,3252,E & J GALLO WINERY         
16_LUNDY_1233,16,1233,Jack Daniels No 7 Black,1.75L,3,119.97,39.99,2024-09-12,1750.0,1,5.51,1128,BROWN-FORMAN CORP          
35_HALIVAARA_5391,35,5391,Kamora Coffee,1.75L,2,31.98,15.99,2024-02-05,1750.0,1,3.67,12546,JIM BEAM BRANDS COMPANY    
27_MOUNTMEND_4438,27,4438,Cruzan Black Cherry Rum,750mL,2,19.98,9.99,2024-12-16,750.0,1,1.57,12546,JIM BEAM BRANDS COMPANY    
6_GOULCREST_33582,6,33582,Villa Cornaro Prosecco Del,750mL,1,12.99,12.99,2024-01-05,750.0,2,0.11,4425,MARTIGNETTI COMPANIES
14_BROMWICH_3913,14,3913,Svedka Vodka,1.75L,2,33.98,16.99,2024-10-30,1750.0,1,3.67,1392,CONSTELLATION BRANDS INC   
69_MOUNTMEND_10452,69,10452,Line 39 Lk Cnty Petite Sirah,750mL,2,17.98,8.99,2024-10-08,750.0,2,0.22,7153,PINE STATE TRADING CO      
73_DONCASTER_3987,73,3987,Smirnoff Peppermint Twist,750mL,4,43.96,10.99,2024-01-10,750.0,1,3.15,3960,DIAGEO NORTH AMERICA INC   
4_EANVERNESS_19357,4,19357,Kendall Jackson Vntnr Rsv Ch,375mL,1,5.99,5.99,2024-08-14,375.0,2,0.06,10000,MAJESTIC FINE WINES        
50_MOUNTMEND_5391,50,5391,Kamora Coffee,1.75L,2,31.98,15.99,2024-06-27,1750.0,1,3.67,12546,JIM BEAM BRANDS COMPANY    
55_DRY GULCH_36161,55,36161,Ch Ste Michelle Pnt Gris Was,750mL,2,23.98,11.99,2024-03-15,750.0,2,0.22,8673,STE MICHELLE WINE ESTATES  
27_MOUNTMEND_6660,27,6660,Carlo Rossi Paisano Calif,4L,2,29.98,14.99,2024-12-06,4000.0,2,1.2,3252,E & J GALLO WINERY         
64_CESTERFIELD_40051,64,40051,Concannon Select Vyds Pnt Nr,750mL,2,15.98,7.99,2024-05-31,750.0,2,0.22,9815,WINE GROUP INC             
76_DONCASTER_24634,76,24634,Marques de Caceres RSV Red,750mL,1,19.99,19.99,2024-06-21,750.0,2,0.11,1587,VINEYARD BRANDS INC        
33_HORNSEY_26821,33,26821,Estancia Merlot Central Cst,750mL,4,39.96,9.99,2024-04-26,750.0,2,0.45,1392,CONSTELLATION BRANDS INC   
64_CESTERFIELD_39411,64,39411,Mirassou Chard Cntrl Coast,750mL,2,19.98,9.99,2024-05-07,750.0,2,0.22,3252,E & J GALLO WINERY         
16_LUNDY_18988,16,18988,Franzia Chillable Red Tap,5L,1,14.99,14.99,2024-05-21,5000.0,2,0.75,9815,WINE GROUP INC             
30_CULCHETH_14054,30,14054,Seaglass Rsl,750mL,2,17.98,8.99,2024-12-06,750.0,2,0.22,8892,TRINCHERO FAMILY ESTATES   
57_LANTEGLOS_4282,57,4282,Capt Morgan White Pineapple,750mL,1,12.99,12.99,2024-08-19,750.0,1,0.79,3960,DIAGEO NORTH AMERICA INC   
47_PELLA'S WISH_8626,47,8626,Ezra Brooks,1.75L,1,19.99,19.99,2024-04-02,1750.0,1,1.84,8352,LUXCO INC                  
41_LARNWICK_8689,41,8689,Paul Masson Rose,3L,2,21.98,10.99,2024-08-17,3000.0,2,0.9,1392,CONSTELLATION BRANDS INC   
23_ARBINGTON_39775,23,39775,Bogle Svgn Bl Cal,750mL,1,8.99,8.99,2024-05-15,750.0,2,0.11,4425,MARTIGNETTI COMPANIES
59_CLAETHORPES_3505,59,3505,Tito's Handmade Vodka,750mL,6,113.94,18.99,2024-10-28,750.0,1,4.72,4425,MARTIGNETTI COMPANIES
46_TYWARDREATH_2589,46,2589,Jameson Irish Whiskey,1.75L,2,79.98,39.99,2024-03-20,1750.0,1,3.67,17035,PERNOD RICARD USA          
66_EANVERNESS_3612,66,3612,Taaka Vodka,1.75L,1,8.99,8.99,2024-06-21,1750.0,1,1.84,8004,SAZERAC CO INC             
68_SOLARIS_8480,68,8480,Clan MacGregor,1.75L,1,13.99,13.99,2024-09-27,1750.0,1,1.84,3664,WILLIAM GRANT & SONS INC   
48_NORFOLK_4181,48,4181,Calypso Spiced Rum,1.75L,1,10.99,10.99,2024-11-03,1750.0,1,1.84,660,SAZERAC NORTH AMERICA INC. 
38_GOULCREST_171,38,171,Gentleman Jack,1.75L,1,49.99,49.99,2024-07-28,1750.0,1,1.84,1128,BROWN-FORMAN CORP          
76_DONCASTER_28775,76,28775,C K Mondavi Merlot,1.5L,1,10.99,10.99,2024-11-08,1500.0,2,0.22,2000,SOUTHERN WINE & SPIRITS NE 
51_ABERDEEN_5877,51,5877,Ryans Irish Cream,50mL,4,3.96,0.99,2024-04-14,50.0,1,0.21,8004,SAZERAC CO INC             
39_EASTHALLOW_38131,39,38131,Principato Pnt Gr Sicilia,1.5L,2,19.98,9.99,2024-02-29,1500.0,2,0.45,6785,PALM BAY INTERNATIONAL INC 
76_DONCASTER_40425,76,40425,Mionetto Prosecco Brut,750mL,9,125.91,13.99,2024-04-30,750.0,2,1.01,9552,M S WALKER INC             
72_HARDERSFIELD_1746,72,1746,Tomatin 12 Yr Old Scotch,750mL,1,34.99,34.99,2024-10-05,750.0,1,0.79,9206,PHILLIPS PRODUCTS CO.      
69_MOUNTMEND_3218,69,3218,Firefly Sweet Tea Vodka,750mL,1,14.99,14.99,2024-09-01,750.0,1,0.79,8004,SAZERAC CO INC             
26_KNIFE'S EDGE_8691,26,8691,Jose Cuervo Especial,750mL,1,14.99,14.99,2024-03-13,750.0,1,0.79,7245,PROXIMO SPIRITS INC.       
53_HILLFAR_11827,53,11827,Cupcake Merlot,750mL,2,14.98,7.49,2024-12-17,750.0,2,0.22,9815,WINE GROUP INC             
22_SHARNWICK_6688,22,6688,Ch St Jean Chard California,750mL,1,8.95,8.95,2024-11-05,750.0,2,0.11,9819,TREASURY WINE ESTATES      
64_CESTERFIELD_2547,64,2547,WhistlePig 10Yr Straight Rye,50mL,3,20.97,6.99,2024-12-23,50.0,1,0.16,10754,PERFECTA WINES             
38_GOULCREST_5270,38,5270,Southern Comfort,50mL,1,0.99,0.99,2024-10-09,50.0,1,0.05,8004,SAZERAC CO INC             
7_STANMORE_23635,7,23635,Tortoise Creek Rose le Charm,750mL,1,12.99,12.99,2024-07-07,750.0,2,0.11,90024,VINILANDIA USA             
25_CAERSHIRE_6565,25,6565,Clos du Bois Cab Svgn N Cst,750mL,1,9.99,9.99,2024-06-05,750.0,2,0.11,1392,CONSTELLATION BRANDS INC   
63_SWORDBREAK_1003,63,1003,Crown Royal +2 Reusable Cups,750mL,2,45.98,22.99,2024-11-25,750.0,1,1.57,3960,DIAGEO NORTH AMERICA INC   
66_EANVERNESS_26277,66,26277,Popcorn Chard,750mL,2,27.98,13.99,2024-08-17,750.0,2,0.22,4425,MARTIGNETTI COMPANIES
48_NORFOLK_1479,48,1479,Ten High,1.75L,1,14.99,14.99,2024-09-16,1750.0,1,1.84,660,SAZERAC NORTH AMERICA INC. 
11_CARDEND_15089,11,15089,Mont Redon Cotes du Rhone,750mL,1,9.99,9.99,2024-11-22,750.0,2,0.11,4692,KOBRAND CORPORATION        
6_GOULCREST_39146,6,39146,Matua Svgn Bl Marlboro,750mL,1,13.99,13.99,2024-05-25,750.0,2,0.11,9819,TREASURY WINE ESTATES      
66_EANVERNESS_22019,66,22019,Mumm Napa Brut Rose,750mL,1,20.99,20.99,2024-05-08,750.0,2,0.11,17035,PERNOD RICARD USA          
11_CARDEND_4903,11,4903,Bacardi Superior Rum,200mL,1,3.99,3.99,2024-02-17,200.0,1,0.21,480,BACARDI USA INC            
10_HORNSEY_5368,10,5368,Midori Melon Liqueur,750mL,1,21.99,21.99,2024-08-13,750.0,1,0.79,12546,JIM BEAM BRANDS COMPANY    
15_WANBORNE_984,15,984,Patron XO Cafe Liqueur,750mL,1,25.99,25.99,2024-04-13,750.0,1,0.79,9165,ULTRA BEVERAGE COMPANY LLP 
69_MOUNTMEND_3502,69,3502,Pinnacle Vodka,750mL,2,21.98,10.99,2024-11-03,750.0,1,1.57,12546,JIM BEAM BRANDS COMPANY    
66_EANVERNESS_3671,66,3671,Stolichnaya Razberi,50mL,12,23.88,1.99,2024-07-30,50.0,1,0.63,8664,"STOLI GROUP,(USA) LLC      "
62_KILMARNOCK_6857,62,6857,Sutter Home Wh Znfdl,1.5L,3,29.97,9.99,2024-05-04,1500.0,2,0.68,8892,TRINCHERO FAMILY ESTATES   
41_LARNWICK_32546,41,32546,Artesa Carneros Pnt Nr,750mL,2,45.98,22.99,2024-11-04,750.0,2,0.22,9165,ULTRA BEVERAGE COMPANY LLP 
1_HARDERSFIELD_7936,1,7936,Bayou Spiced Rum,50mL,11,10.89,0.99,2024-12-19,50.0,1,0.58,8664,"STOLI GROUP,(USA) LLC      "
55_DRY GULCH_5153,55,5153,Fireball Cinn Whisky Trav,750mL,2,27.98,13.99,2024-10-27,750.0,1,1.57,8004,SAZERAC CO INC             
38_GOULCREST_858,38,858,Canadian Club,Liter,3,35.97,11.99,2024-03-23,1000.0,1,3.15,12546,JIM BEAM BRANDS COMPANY    
79_BALLYMENA_36199,79,36199,Four Vines Naked Chard,750mL,1,11.99,11.99,2024-11-21,750.0,2,0.11,9552,M S WALKER INC             
60_IRRAGIN_37828,60,37828,Yellow Tail Shiraz/Cab Ausl,1.5L,1,14.99,14.99,2024-02-26,1500.0,2,0.22,4425,MARTIGNETTI COMPANIES
72_HARDERSFIELD_438,72,438,Licor 43 Vanilla Liqueur,750mL,2,39.98,19.99,2024-09-23,750.0,1,1.57,4425,MARTIGNETTI COMPANIES
49_GARIGILL_6553,49,6553,Harveys Bristol Cream Sherry,750mL,1,13.99,13.99,2024-02-26,750.0,2,0.11,12546,JIM BEAM BRANDS COMPANY    
60_IRRAGIN_24634,60,24634,Marques de Caceres RSV Red,750mL,3,50.97,16.99,2024-04-05,750.0,2,0.34,1587,VINEYARD BRANDS INC        
10_HORNSEY_5810,10,5810,Cuervo Watermelon Margaritas,1.75L,1,15.99,15.99,2024-06-04,1750.0,1,1.84,7245,PROXIMO SPIRITS INC.       
66_EANVERNESS_17016,66,17016,Picpoul d Pinet HB Languedoc,750mL,1,10.99,10.99,2024-07-19,750.0,2,0.11,10754,PERFECTA WINES             
44_PORTHCRAWL_8693,44,8693,Ezra Brooks,750mL,1,10.99,10.99,2024-08-11,750.0,1,0.79,8352,LUXCO INC                  
62_KILMARNOCK_8345,62,8345,R M Woodbridge Cab Svgn Cal,750mL,3,17.97,5.99,2024-05-11,750.0,2,0.34,1392,CONSTELLATION BRANDS INC   
9_BLACKPOOL_5438,9,5438,Emmets Irish Cream,750mL,2,19.98,9.99,2024-09-17,750.0,1,1.57,3960,DIAGEO NORTH AMERICA INC   
41_LARNWICK_3960,41,3960,Tortilla Gold Tequila Liquer,1.75L,1,13.99,13.99,2024-05-15,1750.0,1,1.84,8004,SAZERAC CO INC             
32_MOUNTMEND_5391,32,5391,Kamora Coffee,1.75L,1,15.99,15.99,2024-08-17,1750.0,1,1.84,12546,JIM BEAM BRANDS COMPANY    
56_BEGGAR'S HOLE_32479,56,32479,Danzante Del Vnzi Pnt Grigio,750mL,5,49.95,9.99,2024-05-20,750.0,2,0.56,9165,ULTRA BEVERAGE COMPANY LLP 
64_CESTERFIELD_6995,64,6995,Carlo Rossi Spanada Sangria,1.5L,1,6.99,6.99,2024-12-09,1500.0,2,0.22,3252,E & J GALLO WINERY         
13_TARMSWORTH_4223,13,4223,Bacardi Gold Rum,1.75L,1,23.99,23.99,2024-05-30,1750.0,1,1.84,480,BACARDI USA INC            
34_PITMERDEN_14663,34,14663,Spellbound Merlot,750mL,2,25.98,12.99,2024-11-23,750.0,2,0.22,9165,ULTRA BEVERAGE COMPANY LLP 
69_MOUNTMEND_31866,69,31866,F Coppola Diamond Merlot,750mL,7,97.93,13.99,2024-07-29,750.0,2,0.79,2000,SOUTHERN WINE & SPIRITS NE 
61_AETHELNEY_540,61,540,Bacardi Pineapple Fusion,50mL,1,0.99,0.99,2024-05-03,50.0,1,0.05,480,BACARDI USA INC            
12_LEESIDE_8537,12,8537,Dom Chandon Brut Cuvee,750mL,3,41.97,13.99,2024-07-14,750.0,2,0.34,8112,MOET HENNESSY USA INC      
66_EANVERNESS_33672,66,33672,Toasted Head Merlot Cal,750mL,1,10.99,10.99,2024-11-10,750.0,2,0.11,1392,CONSTELLATION BRANDS INC   
44_PORTHCRAWL_2015,44,2015,Jack Daniels Tennessee Honey,750mL,2,45.98,22.99,2024-10-12,750.0,1,1.57,1128,BROWN-FORMAN CORP          
41_LARNWICK_3288,41,3288,Svedka Strwbry Lemonad Vodka,1.75L,2,37.98,18.99,2024-06-03,1750.0,1,3.67,1392,CONSTELLATION BRANDS INC   
69_MOUNTMEND_8066,69,8066,DeKuyper Triple Sec,1.75L,3,29.97,9.99,2024-08-30,1750.0,1,5.51,12546,JIM BEAM BRANDS COMPANY    
49_GARIGILL_18812,49,18812,Sweet Baby Vyds Strawberry,750mL,2,24.98,12.49,2024-03-12,750.0,2,0.22,90056,SWEET BABY VINEYARD        
50_MOUNTMEND_5337,50,5337,Drambuie,750mL,3,80.97,26.99,2024-11-30,750.0,1,2.36,3664,WILLIAM GRANT & SONS INC   
49_GARIGILL_3997,49,3997,Hornitos Plata Tequila,750mL,1,20.99,20.99,2024-04-15,750.0,1,0.79,12546,JIM BEAM BRANDS COMPANY    
15_WANBORNE_26463,15,26463,Ravenswood Vints Blend Znfdl,750mL,7,47.53,6.79,2024-02-27,750.0,2,0.79,1392,CONSTELLATION BRANDS INC   
23_ARBINGTON_24875,23,24875,Glen Ellen Merlot RSV,1.5L,2,13.98,6.99,2024-08-25,1500.0,2,0.45,9815,WINE GROUP INC             
8_ALNERWICK_5750,8,5750,Malibu Rum Traveler,750mL,1,12.99,12.99,2024-01-15,750.0,1,0.79,17035,PERNOD RICARD USA          
68_SOLARIS_8822,68,8822,Absolut 80 Proof,50mL,10,19.9,1.99,2024-07-09,50.0,1,0.52,17035,PERNOD RICARD USA          
69_MOUNTMEND_523,69,523,Castello Del Poggio Moscato,750mL,3,29.97,9.99,2024-07-24,750.0,2,0.34,4425,MARTIGNETTI COMPANIES
12_LEESIDE_8654,12,8654,M & R Sweet Vermouth,375mL,2,10.58,5.29,2024-11-04,375.0,2,0.11,480,BACARDI USA INC            
54_GUTHRAM_8462,54,8462,Frangelico Hazelnut Liqueur,750mL,1,24.99,24.99,2024-05-01,750.0,1,0.79,11567,CAMPARI AMERICA            
60_IRRAGIN_1397,60,1397,Jim Beam Kentucky Fire,750mL,1,14.99,14.99,2024-12-31,750.0,1,0.79,12546,JIM BEAM BRANDS COMPANY    
55_DRY GULCH_934,55,934,Tanteo Jalapeno Tequila,750mL,2,79.98,39.99,2024-10-12,750.0,1,1.57,9165,ULTRA BEVERAGE COMPANY LLP 
66_EANVERNESS_4916,66,4916,Mr Boston Coffee Brandy,1.75L,1,9.99,9.99,2024-03-08,1750.0,1,1.84,660,SAZERAC NORTH AMERICA INC. 
12_LEESIDE_7535,12,7535,Gekkeikan Sake,750mL,1,5.99,5.99,2024-05-04,750.0,1,0.79,8320,SHAW ROSS INT L IMP LTD    
10_HORNSEY_3784,10,3784,Margaritaville Gold Tequila,750mL,2,19.98,9.99,2024-09-03,750.0,1,1.57,8004,SAZERAC CO INC             
34_PITMERDEN_29118,34,29118,Santa Rita RSV Merlot,750mL,1,9.99,9.99,2024-01-15,750.0,2,0.11,6785,PALM BAY INTERNATIONAL INC 
68_SOLARIS_15743,68,15743,Bodegas Izadi Tempranillo Rd,750mL,2,31.98,15.99,2024-12-21,750.0,2,0.22,9552,M S WALKER INC             
79_BALLYMENA_3183,79,3183,Jose Cuervo Tradicional Slvr,750mL,1,18.49,18.49,2024-09-07,750.0,1,0.79,7245,PROXIMO SPIRITS INC.       
44_PORTHCRAWL_8905,44,8905,Livingston Cellars Red Rose,3L,1,11.99,11.99,2024-09-28,3000.0,2,0.45,3252,E & J GALLO WINERY         
34_PITMERDEN_25703,34,25703,Murphy-Goode Svgn Bl,750mL,1,11.99,11.99,2024-12-22,750.0,2,0.11,9552,M S WALKER INC             
53_HILLFAR_2752,53,2752,Johnnie Walker Black Label,750mL,1,38.99,38.99,2024-03-12,750.0,1,0.79,3960,DIAGEO NORTH AMERICA INC   
50_MOUNTMEND_38542,50,38542,Avalon Cab Svgn Cal,750mL,2,23.98,11.99,2024-09-17,750.0,2,0.22,9552,M S WALKER INC             
76_DONCASTER_2199,76,2199,St George Terrior Gin,750mL,2,59.98,29.99,2024-08-12,750.0,1,1.57,9165,ULTRA BEVERAGE COMPANY LLP 
4_EANVERNESS_3512,4,3512,Pinnacle Vodka,1.75L,2,33.98,16.99,2024-02-07,1750.0,1,3.67,12546,JIM BEAM BRANDS COMPANY    
23_ARBINGTON_3728,23,3728,Absolut Citron,1.75L,1,25.99,25.99,2024-09-27,1750.0,1,1.84,17035,PERNOD RICARD USA          
6_GOULCREST_8654,6,8654,M & R Sweet Vermouth,375mL,1,5.29,5.29,2024-06-12,375.0,2,0.06,480,BACARDI USA INC            
30_CULCHETH_1358,30,1358,Knob Creek Bourbon,1.75L,1,67.99,67.99,2024-05-29,1750.0,1,1.84,12546,JIM BEAM BRANDS COMPANY    
44_PORTHCRAWL_38898,44,38898,L Martini Cab Svgn Napa,750mL,5,149.95,29.99,2024-05-04,750.0,2,0.56,3252,E & J GALLO WINERY         
14_BROMWICH_1281,14,1281,Benchmark Old #8 Bourbon,1.75L,1,14.99,14.99,2024-01-24,1750.0,1,1.84,8004,SAZERAC CO INC             
44_PORTHCRAWL_2954,44,2954,Highland Park 12 Yr Single,750mL,1,54.99,54.99,2024-05-25,750.0,1,0.79,2561,EDRINGTON AMERICAS         
71_CLARCTON_40097,71,40097,Black Box Chard,3L,1,18.99,18.99,2024-10-03,3000.0,2,0.45,1392,CONSTELLATION BRANDS INC   
55_DRY GULCH_2117,55,2117,Black Velvet Traveler,750mL,1,8.99,8.99,2024-06-05,750.0,1,0.79,1392,CONSTELLATION BRANDS INC   
49_GARIGILL_12110,49,12110,La Crema Chardonnay Monterey,750mL,1,15.99,15.99,2024-09-04,750.0,2,0.11,10000,MAJESTIC FINE WINES        
60_IRRAGIN_15639,60,15639,Secco Italian Bubbles,750mL,1,12.99,12.99,2024-07-07,750.0,2,0.11,10754,PERFECTA WINES             
34_PITMERDEN_10453,34,10453,Line 39 Svgn Bl Lake County,750mL,2,17.9,8.95,2024-11-16,750.0,2,0.22,7153,PINE STATE TRADING CO      
7_STANMORE_24805,7,24805,Menage a Trois Silk Soft Red,750mL,1,10.99,10.99,2024-11-29,750.0,2,0.11,8892,TRINCHERO FAMILY ESTATES   
66_EANVERNESS_8840,66,8840,Burnetts Gin,1.75L,3,41.97,13.99,2024-09-16,1750.0,1,5.51,3924,HEAVEN HILL DISTILLERIES   
13_TARMSWORTH_28947,13,28947,R M Woodbridge Merlot Cal,1.5L,1,9.99,9.99,2024-04-05,1500.0,2,0.22,1392,CONSTELLATION BRANDS INC   
20_BREDWARDINE_3315,20,3315,Smirnoff Sorbet Rasp/Pomegra,50mL,1,0.99,0.99,2024-03-07,50.0,1,0.05,3960,DIAGEO NORTH AMERICA INC   
53_HILLFAR_3970,53,3970,El Toro Gold,750mL,1,9.29,9.29,2024-05-16,750.0,1,0.79,660,SAZERAC NORTH AMERICA INC. 
32_MOUNTMEND_408,32,408,Wild Turkey American Honey,750mL,1,17.99,17.99,2024-04-23,750.0,1,0.79,11567,CAMPARI AMERICA            
72_HARDERSFIELD_3847,72,3847,Grey Goose Vodka,50mL,1,3.99,3.99,2024-03-13,50.0,1,0.05,480,BACARDI USA INC            
76_DONCASTER_17882,76,17882,Dewatsuru Kimoto Junmai Sake,720mL,1,27.49,27.49,2024-02-12,720.0,2,0.11,7153,PINE STATE TRADING CO      
70_KELD_8961,70,8961,Jose Cuervo Especial,50mL,3,4.47,1.49,2024-08-23,50.0,1,0.16,7245,PROXIMO SPIRITS INC.       
2_ASHBORNE_41321,2,41321,Bogle Phantom Red Cal,750mL,1,19.99,19.99,2024-09-17,750.0,2,0.11,4425,MARTIGNETTI COMPANIES
30_CULCHETH_3343,30,3343,Bombay Sapphire Gin,375mL,1,12.99,12.99,2024-04-09,375.0,1,0.39,480,BACARDI USA INC            
62_KILMARNOCK_5018,62,5018,E&J Apple Brandy,50mL,1,0.99,0.99,2024-10-02,50.0,1,0.05,3252,E & J GALLO WINERY         
44_PORTHCRAWL_18901,44,18901,Anderra Svgn Bl,750mL,1,8.99,8.99,2024-04-16,750.0,2,0.11,1392,CONSTELLATION BRANDS INC   
60_IRRAGIN_11828,60,11828,Cupcake Svgn Bl,750mL,7,62.93,8.99,2024-09-25,750.0,2,0.79,9815,WINE GROUP INC             
79_BALLYMENA_3614,79,3614,Finlandia Vodka,1.75L,1,19.99,19.99,2024-07-29,1750.0,1,1.84,1128,BROWN-FORMAN CORP          
38_GOULCREST_4075,38,4075,Bacardi Pineapple Fusion,1.75L,1,23.99,23.99,2024-03-08,1750.0,1,1.84,480,BACARDI USA INC            
18_FURNESS_8112,18,8112,Stolichnaya,1.75L,1,25.99,25.99,2024-02-10,1750.0,1,1.84,8664,"STOLI GROUP,(USA) LLC      "
48_NORFOLK_13430,48,13430,Agua de Piedra Malbec Selccn,750mL,1,10.99,10.99,2024-01-28,750.0,2,0.11,7153,PINE STATE TRADING CO      
57_LANTEGLOS_3899,57,3899,Platinum 7X Distilled Vodka,375mL,1,3.99,3.99,2024-09-25,375.0,1,0.39,8004,SAZERAC CO INC             
79_BALLYMENA_5667,79,5667,Skinnygirl Spicy Lime RTD,750mL,2,19.98,9.99,2024-09-04,750.0,1,1.57,12546,JIM BEAM BRANDS COMPANY    
41_LARNWICK_3534,41,3534,Milagro Silver Tequila,750mL,1,27.99,27.99,2024-02-05,750.0,1,0.79,3664,WILLIAM GRANT & SONS INC   
52_GRAYCOTT_27596,52,27596,MezzaCorona Pnt Grigio,750mL,1,7.99,7.99,2024-07-30,750.0,2,0.11,9165,ULTRA BEVERAGE COMPANY LLP 
78_EASTHAVEN_3253,78,3253,Gilbeys London Dry,1.75L,1,12.49,12.49,2024-04-01,1750.0,1,1.84,12546,JIM BEAM BRANDS COMPANY    
28_LARNWICK_5445,28,5445,Jagermeister Liqueur,750mL,2,31.98,15.99,2024-08-16,750.0,1,1.57,3089,SIDNEY FRANK IMPORTING CO  
43_WOLFORD_3150,43,3150,Svedka Mango Pineapple Vodka,750mL,1,12.99,12.99,2024-05-22,750.0,1,0.79,1392,CONSTELLATION BRANDS INC   
15_WANBORNE_16441,15,16441,Bota Box RedVolution,3L,1,17.99,17.99,2024-05-05,3000.0,2,0.45,2242,DELICATO VINEYARDS INC     
62_KILMARNOCK_42350,62,42350,Black Box Shiraz Cntrl Coast,3L,1,18.99,18.99,2024-04-14,3000.0,2,0.45,1392,CONSTELLATION BRANDS INC   
34_PITMERDEN_44334,34,44334,Noble Vines 337 Cab Svgn,750mL,3,35.97,11.99,2024-04-09,750.0,2,0.34,2242,DELICATO VINEYARDS INC     
45_VERITAS_5124,45,5124,Cointreau Liqueur,1.75L,1,74.99,74.99,2024-05-14,1750.0,1,1.84,7239,REMY COINTREAU USA INC     
5_SUTTON_2418,5,2418,Crown Royal Regal Apple,750mL,1,22.99,22.99,2024-06-06,750.0,1,0.79,3960,DIAGEO NORTH AMERICA INC   
34_PITMERDEN_29619,34,29619,Schmitt Sohne Auslese,750mL,1,13.99,13.99,2024-05-03,750.0,2,0.11,9552,M S WALKER INC             
66_EANVERNESS_1136,66,1136,Malibu 50ml Sampler Pack,50mL 5 Pk,3,14.97,4.99,2024-06-22,50.0,1,0.16,17035,PERNOD RICARD USA          
50_MOUNTMEND_3696,50,3696,Gilbeys Vodka,1.75L,1,10.49,10.49,2024-07-17,1750.0,1,1.84,12546,JIM BEAM BRANDS COMPANY    
60_IRRAGIN_6655,60,6655,Carlo Rossi Paisano Calif,1.5L,4,27.96,6.99,2024-05-16,1500.0,2,0.9,3252,E & J GALLO WINERY         
38_GOULCREST_192,38,192,Milagro Anejo Tequila,750mL,1,38.99,38.99,2024-06-20,750.0,1,0.79,3664,WILLIAM GRANT & SONS INC   
40_BULLMAR_38348,40,38348,Nobilo Icon Svgn Bl Marlboro,750mL,1,13.99,13.99,2024-05-07,750.0,2,0.11,1392,CONSTELLATION BRANDS INC   
7_STANMORE_4243,7,4243,Bacardi Superior Rum,1.75L,7,167.93,23.99,2024-05-28,1750.0,1,12.86,480,BACARDI USA INC            
49_GARIGILL_5094,49,5094,Jagermeister Liqueur,100mL,1,3.49,3.49,2024-07-02,100.0,1,0.1,3089,SIDNEY FRANK IMPORTING CO  
76_DONCASTER_3904,76,3904,Svedka Cucumber Lime Vodka,50mL,4,3.96,0.99,2024-08-16,50.0,1,0.21,1392,CONSTELLATION BRANDS INC   
76_DONCASTER_3746,76,3746,Gordons Vodka 80 Proof,1.75L,12,155.88,12.99,2024-12-04,1750.0,1,22.05,3960,DIAGEO NORTH AMERICA INC   
73_DONCASTER_41213,73,41213,A to Z Pnt Nr Ore,750mL,1,16.99,16.99,2024-10-03,750.0,2,0.11,9165,ULTRA BEVERAGE COMPANY LLP 
51_ABERDEEN_40051,51,40051,Concannon Select Vyds Pnt Nr,750mL,2,15.98,7.99,2024-06-06,750.0,2,0.22,9815,WINE GROUP INC             
73_DONCASTER_1050,73,1050,Hudson Maple Cask Rye,375mL,1,44.99,44.99,2024-06-18,375.0,1,0.39,3664,WILLIAM GRANT & SONS INC   
17_OLDHAM_5364,17,5364,Kahlua,1.75L,4,127.96,31.99,2024-04-04,1750.0,1,7.35,17035,PERNOD RICARD USA          
7_STANMORE_11141,7,11141,C K Mondavi Chard,1.5L,1,7.95,7.95,2024-08-11,1500.0,2,0.22,2000,SOUTHERN WINE & SPIRITS NE 
58_HARTLEPOOL_8535,58,8535,Arrow Peppermint Schnapps,375mL,2,7.98,3.99,2024-03-19,375.0,1,0.79,8352,LUXCO INC                  
72_HARDERSFIELD_2547,72,2547,WhistlePig 10Yr Straight Rye,50mL,2,13.98,6.99,2024-06-18,50.0,1,0.1,10754,PERFECTA WINES             
6_GOULCREST_597,6,597,Baileys Irish Cream,Liter,3,83.97,27.99,2024-04-22,1000.0,1,3.15,3960,DIAGEO NORTH AMERICA INC   
71_CLARCTON_3858,71,3858,Grey Goose Vodka,750mL,6,143.94,23.99,2024-02-05,750.0,1,4.72,480,BACARDI USA INC            
66_EANVERNESS_3502,66,3502,Pinnacle Vodka,750mL,1,12.99,12.99,2024-05-30,750.0,1,0.79,12546,JIM BEAM BRANDS COMPANY    
47_PELLA'S WISH_17875,47,17875,Darkhorse Chard,750mL,4,31.96,7.99,2024-07-04,750.0,2,0.45,3252,E & J GALLO WINERY         
77_TAMWORTH_2219,77,2219,Crown Royal Vanilla,50mL,1,1.99,1.99,2024-09-08,50.0,1,0.05,3960,DIAGEO NORTH AMERICA INC   
79_BALLYMENA_8470,79,8470,1800 Reposado Gold Tequila,50mL,1,2.79,2.79,2024-05-04,50.0,1,0.05,7245,PROXIMO SPIRITS INC.       
39_EASTHALLOW_8342,39,8342,Korbel X Dry,750mL,2,27.98,13.99,2024-06-25,750.0,2,0.22,1128,BROWN-FORMAN CORP          
66_EANVERNESS_5410,66,5410,Raspberry di Amore,750mL,2,16.98,8.49,2024-05-21,750.0,1,1.57,660,SAZERAC NORTH AMERICA INC. 
38_GOULCREST_2656,38,2656,Cutty Sark,1.75L,3,74.97,24.99,2024-04-07,1750.0,1,5.51,2561,EDRINGTON AMERICAS         
40_BULLMAR_4222,40,4222,Bacardi Gold Rum,750mL,1,11.99,11.99,2024-03-02,750.0,1,0.79,480,BACARDI USA INC            
61_AETHELNEY_5491,61,5491,Rumpleminze,50mL,4,7.96,1.99,2024-04-21,50.0,1,0.21,3960,DIAGEO NORTH AMERICA INC   
31_HORNSEY_523,31,523,Castello Del Poggio Moscato,750mL,1,9.99,9.99,2024-12-24,750.0,2,0.11,4425,MARTIGNETTI COMPANIES
39_EASTHALLOW_6692,39,6692,Jaboulet Cotes du Rhone Par,750mL,2,19.9,9.95,2024-01-16,750.0,2,0.22,9744,FREDERICK WILDMAN & SONS   
79_BALLYMENA_18368,79,18368,Sequin Delicately Pnt Grigio,750mL,3,23.97,7.99,2024-11-23,750.0,2,0.34,2242,DELICATO VINEYARDS INC     
11_CARDEND_3899,11,3899,Platinum 7X Distilled Vodka,375mL,2,7.98,3.99,2024-04-12,375.0,1,0.79,8004,SAZERAC CO INC             
49_GARIGILL_44107,49,44107,Carmel Road Pnt Nr Monterey,750mL,1,15.99,15.99,2024-12-17,750.0,2,0.11,9552,M S WALKER INC             
79_BALLYMENA_2862,79,2862,Pinch 15-Yr by Haig & Haig,750mL,1,36.99,36.99,2024-12-08,750.0,1,0.79,3960,DIAGEO NORTH AMERICA INC   
63_SWORDBREAK_23889,63,23889,Corbett Canyon Wh Znfdl,1.5L,1,7.99,7.99,2024-09-20,1500.0,2,0.22,9815,WINE GROUP INC             
31_HORNSEY_1355,31,1355,Knob Creek Bourbon,50mL,3,11.97,3.99,2024-05-20,50.0,1,0.16,12546,JIM BEAM BRANDS COMPANY    
64_CESTERFIELD_3663,64,3663,Tarantula Azul Tequila,750mL,1,13.99,13.99,2024-09-05,750.0,1,0.79,5992,MCCORMICK DISTILLING CO    
61_AETHELNEY_3609,61,3609,Smirnoff Vanilla Vodka,50mL,19,18.81,0.99,2024-05-23,50.0,1,1.0,3960,DIAGEO NORTH AMERICA INC   
73_DONCASTER_12110,73,12110,La Crema Chardonnay Monterey,750mL,1,15.99,15.99,2024-10-14,750.0,2,0.11,10000,MAJESTIC FINE WINES        
38_GOULCREST_8660,38,8660,Drambuie Liqueur,375mL,2,25.98,12.99,2024-03-17,375.0,1,0.79,3664,WILLIAM GRANT & SONS INC   
21_BALERNO_46199,21,46199,Man Chenin Blanc,750mL,1,10.99,10.99,2024-12-17,750.0,2,0.11,1587,VINEYARD BRANDS INC        
53_HILLFAR_6595,53,6595,Bogle Merlot,750mL,1,7.49,7.49,2024-05-04,750.0,2,0.11,4425,MARTIGNETTI COMPANIES
75_BARNCOMBE_25021,75,25021,Mark West Black Pnt Nr,750mL,2,21.98,10.99,2024-11-10,750.0,2,0.22,1392,CONSTELLATION BRANDS INC   
22_SHARNWICK_567,22,567,Ketel One Vodka,Liter,1,28.99,28.99,2024-12-10,1000.0,1,1.05,3960,DIAGEO NORTH AMERICA INC   
24_PALPERROTH_2586,24,2586,Jameson Irish Whiskey,50mL,1,2.99,2.99,2024-06-14,50.0,1,0.05,17035,PERNOD RICARD USA          
25_CAERSHIRE_3443,25,3443,Stolichnaya,375mL,1,8.99,8.99,2024-12-22,375.0,1,0.39,8664,"STOLI GROUP,(USA) LLC      "
46_TYWARDREATH_8680,46,8680,Crown Royal,1.75L,1,39.99,39.99,2024-04-09,1750.0,1,1.84,3960,DIAGEO NORTH AMERICA INC   
2_ASHBORNE_7917,2,7917,Tooters Ala-Bama Slama 15 Pk,375mL,1,8.99,8.99,2024-07-30,375.0,1,0.39,5270,MANGO BOTTLING INC         
36_LEWES_3837,36,3837,Skyy Vodka,50mL,2,1.98,0.99,2024-07-21,50.0,1,0.1,11567,CAMPARI AMERICA            
7_STANMORE_16328,7,16328,Black Box Chard,500mL,1,3.99,3.99,2024-05-02,500.0,2,0.08,1392,CONSTELLATION BRANDS INC   
74_PAENTMARWY_3452,74,3452,Vanya Light Vodka,1.75L,4,27.96,6.99,2024-07-09,1750.0,1,7.35,9552,M S WALKER INC             
41_LARNWICK_5296,41,5296,Southern Comfort 100 Proof,1.75L,2,63.98,31.99,2024-05-09,1750.0,1,3.67,1128,BROWN-FORMAN CORP          
21_BALERNO_3512,21,3512,Pinnacle Vodka,1.75L,1,16.99,16.99,2024-10-09,1750.0,1,1.84,12546,JIM BEAM BRANDS COMPANY    
18_FURNESS_904,18,904,Malibu Rum,Liter,1,17.99,17.99,2024-07-30,1000.0,1,1.05,17035,PERNOD RICARD USA          
69_MOUNTMEND_7423,69,7423,Manischewitz Concord Kosher,1.5L,1,8.99,8.99,2024-07-29,1500.0,2,0.22,1392,CONSTELLATION BRANDS INC   
38_GOULCREST_3272,38,3272,Sobieski Vodka,1.75L,2,35.98,17.99,2024-08-22,1750.0,1,3.67,9552,M S WALKER INC             
55_DRY GULCH_34907,55,34907,Smoking Loon Viognier Cal,750mL,3,20.37,6.79,2024-07-13,750.0,2,0.34,9552,M S WALKER INC             
76_DONCASTER_3180,76,3180,New Amsterdam Vodka,1.75L,1,18.99,18.99,2024-05-19,1750.0,1,1.84,3252,E & J GALLO WINERY         
66_EANVERNESS_13708,66,13708,Bota Box Cab Svgn,3L,1,17.99,17.99,2024-03-05,3000.0,2,0.45,2242,DELICATO VINEYARDS INC     
25_CAERSHIRE_2894,25,2894,Scoresby Rare,1.75L,1,17.99,17.99,2024-04-22,1750.0,1,1.84,3960,DIAGEO NORTH AMERICA INC   
40_BULLMAR_2520,40,2520,The Macallan 12 Yr Old,750mL,4,219.96,54.99,2024-09-22,750.0,1,3.15,2561,EDRINGTON AMERICAS         
16_LUNDY_1476,16,1476,Jim Beam Traveler,1.75L,1,21.99,21.99,2024-01-25,1750.0,1,1.84,12546,JIM BEAM BRANDS COMPANY    
5_SUTTON_3244,5,3244,Burnetts Vodka,750mL,1,6.99,6.99,2024-09-06,750.0,1,0.79,3924,HEAVEN HILL DISTILLERIES   
59_CLAETHORPES_8018,59,8018,La Vieille Ferme Red Ventoux,750mL,1,6.99,6.99,2024-08-26,750.0,2,0.11,1587,VINEYARD BRANDS INC        
38_GOULCREST_45876,38,45876,Frei Bros RSV Svgn Bl RRV,750mL,1,15.99,15.99,2024-10-29,750.0,2,0.11,3252,E & J GALLO WINERY         
75_BARNCOMBE_8203,75,8203,Grand Marnier,50mL,2,5.98,2.99,2024-03-02,50.0,1,0.1,8112,MOET HENNESSY USA INC      
15_WANBORNE_44734,15,44734,Casa Liliana Good Pnt Grg,750mL,1,7.99,7.99,2024-05-17,750.0,2,0.11,90024,VINILANDIA USA             
5_SUTTON_5138,5,5138,Fireball Cinnamon Whisky,750mL,2,27.98,13.99,2024-10-22,750.0,1,1.57,8004,SAZERAC CO INC             
7_STANMORE_5311,7,5311,Amaretto DiSaronno,1.75L,1,34.99,34.99,2024-07-10,1750.0,1,1.84,2555,DISARONNO INTERNATIONAL LLC
3_HORNSEY_14381,3,14381,LaBelle Winery Riesling,750mL,1,15.99,15.99,2024-11-28,750.0,2,0.11,90032,LABELLE VYDS AND WINERY    
18_FURNESS_1637,18,1637,Fleischmanns Preferred,1.75L,1,10.99,10.99,2024-11-11,1750.0,1,1.84,660,SAZERAC NORTH AMERICA INC. 
50_MOUNTMEND_23360,50,23360,Ninety+Cellars Lot 35 Tempo,750mL,1,8.99,8.99,2024-02-20,750.0,2,0.11,4950,LATITUDE BEVERAGE COMPANY  
76_DONCASTER_28258,76,28258,Nathanson Creek Cab Svgn,1.5L,1,7.99,7.99,2024-06-17,1500.0,2,0.22,1392,CONSTELLATION BRANDS INC   
31_HORNSEY_8535,31,8535,Arrow Peppermint Schnapps,375mL,2,7.98,3.99,2024-07-17,375.0,1,0.79,8352,LUXCO INC                  
49_GARIGILL_46380,49,46380,Ghost Pines Chard L Martini,750mL,1,16.99,16.99,2024-02-14,750.0,2,0.11,3252,E & J GALLO WINERY         
67_EANVERNESS_3102,67,3102,Smirnoff Traveler,1.75L,5,89.95,17.99,2024-04-02,1750.0,1,9.19,3960,DIAGEO NORTH AMERICA INC   
50_MOUNTMEND_26517,50,26517,Altocedro Finca Tanos Malbec,750mL,2,33.98,16.99,2024-12-16,750.0,2,0.22,9552,M S WALKER INC             
41_LARNWICK_14004,41,14004,Layer Cake Virgin Chard,750mL,1,12.99,12.99,2024-07-07,750.0,2,0.11,4425,MARTIGNETTI COMPANIES
9_BLACKPOOL_8102,9,8102,Absolut Mandrin,1.75L,1,24.99,24.99,2024-08-27,1750.0,1,1.84,17035,PERNOD RICARD USA          
76_DONCASTER_39654,76,39654,Sutter Home Pnt Grigio Cal,1.5L,2,19.98,9.99,2024-11-20,1500.0,2,0.45,8892,TRINCHERO FAMILY ESTATES   
73_DONCASTER_3913,73,3913,Svedka Vodka,1.75L,3,56.97,18.99,2024-03-12,1750.0,1,5.51,1392,CONSTELLATION BRANDS INC   
73_DONCASTER_39356,73,39356,Bota Box Chard Cal,3L,3,65.97,21.99,2024-05-01,3000.0,2,1.35,2242,DELICATO VINEYARDS INC     
14_BROMWICH_3746,14,3746,Gordons Vodka 80 Proof,1.75L,2,25.98,12.99,2024-04-17,1750.0,1,3.67,3960,DIAGEO NORTH AMERICA INC   
28_LARNWICK_4227,28,4227,Bacardi Superior Rum Trav,1.75L,6,101.94,16.99,2024-07-07,1750.0,1,11.02,480,BACARDI USA INC            
52_GRAYCOTT_14551,52,14551,Cava Mistinguett Brut,750mL,1,7.99,7.99,2024-08-26,750.0,2,0.11,10754,PERFECTA WINES             
76_DONCASTER_17176,76,17176,Beringer Classic Chard,1.5L,3,29.97,9.99,2024-08-19,1500.0,2,0.68,9819,TREASURY WINE ESTATES      
67_EANVERNESS_13637,67,13637,Charles Smith Eve WA Chard,750mL,1,11.99,11.99,2024-04-01,750.0,2,0.11,10754,PERFECTA WINES             
49_GARIGILL_5296,49,5296,Southern Comfort 100 Proof,1.75L,1,28.99,28.99,2024-08-25,1750.0,1,1.84,8004,SAZERAC CO INC             
77_TAMWORTH_14129,77,14129,14 Hands Hot to Trot Red,750mL,1,8.99,8.99,2024-11-25,750.0,2,0.11,8673,STE MICHELLE WINE ESTATES  
67_EANVERNESS_4309,67,4309,Paul Masson Gr Amber Brandy,750mL,1,8.99,8.99,2024-01-27,750.0,1,0.79,1392,CONSTELLATION BRANDS INC   
68_SOLARIS_8296,68,8296,Knob Creek Smoked Maple,750mL,2,55.98,27.99,2024-04-02,750.0,1,1.57,12546,JIM BEAM BRANDS COMPANY    
10_HORNSEY_6958,10,6958,Vendange Svgn Bl,1.5L,1,7.99,7.99,2024-02-20,1500.0,2,0.22,1392,CONSTELLATION BRANDS INC   
54_GUTHRAM_6240,54,6240,Riunite Raspberry,1.5L,5,39.95,7.99,2024-06-21,1500.0,2,1.12,516,BANFI PRODUCTS CORP        
2_ASHBORNE_3863,2,3863,Evan Williams Honey Reserve,1.75L,1,24.99,24.99,2024-07-24,1750.0,1,1.84,3924,HEAVEN HILL DISTILLERIES   
10_HORNSEY_3607,10,3607,Smirnoff Citrus Vodka,50mL,2,1.98,0.99,2024-02-12,50.0,1,0.1,3960,DIAGEO NORTH AMERICA INC   
7_STANMORE_22569,7,22569,Bota Box Svgn Bl,3L,1,17.99,17.99,2024-05-05,3000.0,2,0.45,2242,DELICATO VINEYARDS INC     
42_BLACK HOLLOW_1738,42,1738,Ole Smoky Moonshine Cherries,750mL,1,19.99,19.99,2024-03-14,750.0,1,0.79,6359,OLE SMOKY DISTILLERY LLC   
32_MOUNTMEND_8420,32,8420,Frangelico Hazelnut Liqueur,1.75L,1,42.99,42.99,2024-02-01,1750.0,1,1.84,11567,CAMPARI AMERICA            
69_MOUNTMEND_6593,69,6593,Souverain Chard N Cst,750mL,2,19.98,9.99,2024-09-24,750.0,2,0.22,3252,E & J GALLO WINERY         
23_ARBINGTON_3821,23,3821,Smirnoff Vanilla Vodka,750mL,2,25.98,12.99,2024-12-23,750.0,1,1.57,3960,DIAGEO NORTH AMERICA INC   
73_DONCASTER_38859,73,38859,Inniskillin Icewn Ngra Vidal,375mL,2,119.98,59.99,2024-09-02,375.0,2,0.11,1392,CONSTELLATION BRANDS INC   
64_CESTERFIELD_1278,64,1278,Jim Beam Black,1.75L,1,34.99,34.99,2024-07-03,1750.0,1,1.84,12546,JIM BEAM BRANDS COMPANY    
74_PAENTMARWY_3310,74,3310,Pinnacle Vodka,375mL,5,29.95,5.99,2024-12-10,375.0,1,1.97,12546,JIM BEAM BRANDS COMPANY    
79_BALLYMENA_20863,79,20863,W Hill Est Chard N Coast,750mL,1,10.99,10.99,2024-11-18,750.0,2,0.11,3252,E & J GALLO WINERY         
60_IRRAGIN_14805,60,14805,Ninety+Cellars Lot 23 Malbec,750mL,3,32.97,10.99,2024-02-14,750.0,2,0.34,4950,LATITUDE BEVERAGE COMPANY  
55_DRY GULCH_3667,55,3667,Boru Original Irish Vodka,1.75L,1,19.99,19.99,2024-04-08,1750.0,1,1.84,1485,CASTLE BRANDS CORP.        
38_GOULCREST_40801,38,40801,Sileni Sauvignon Blanc,750mL,6,59.94,9.99,2024-12-19,750.0,2,0.68,7153,PINE STATE TRADING CO      
23_ARBINGTON_15748,23,15748,Rioja Vega Tempranillo Garna,750mL,1,10.99,10.99,2024-07-02,750.0,2,0.11,1392,CONSTELLATION BRANDS INC   
44_PORTHCRAWL_3315,44,3315,Smirnoff Sorbet Rasp/Pomegra,50mL,2,1.98,0.99,2024-09-18,50.0,1,0.1,3960,DIAGEO NORTH AMERICA INC   
71_CLARCTON_27854,71,27854,F Coppola Black Label Claret,750mL,7,90.65,12.95,2024-05-18,750.0,2,0.79,2000,SOUTHERN WINE & SPIRITS NE 
36_LEWES_5364,36,5364,Kahlua,1.75L,1,29.99,29.99,2024-08-21,1750.0,1,1.84,17035,PERNOD RICARD USA          
33_HORNSEY_3879,33,3879,Smirnoff 80 Proof Traveler,750mL,1,12.99,12.99,2024-11-01,750.0,1,0.79,3960,DIAGEO NORTH AMERICA INC   
21_BALERNO_8730,21,8730,Ruffino Orvieto Clsc,750mL,1,7.99,7.99,2024-07-22,750.0,1,0.79,1392,CONSTELLATION BRANDS INC   
76_DONCASTER_8815,76,8815,Ch Ste Michelle Chard Colmbi,750mL,27,256.23,9.49,2024-10-23,750.0,2,3.04,8673,STE MICHELLE WINE ESTATES  
54_GUTHRAM_14701,54,14701,Cupcake Red Velvet,750mL,2,13.98,6.99,2024-06-07,750.0,2,0.22,9815,WINE GROUP INC             
25_CAERSHIRE_1398,25,1398,Blantons Sgl Barrel Bourbon,750mL,1,53.99,53.99,2024-03-21,750.0,1,0.79,8004,SAZERAC CO INC             
8_ALNERWICK_3746,8,3746,Gordons Vodka 80 Proof,1.75L,1,12.99,12.99,2024-12-02,1750.0,1,1.84,3960,DIAGEO NORTH AMERICA INC   
23_ARBINGTON_17294,23,17294,Defesa Tinto Red Alentejo,750mL,1,12.99,12.99,2024-11-30,750.0,2,0.11,90010,VINEXTRA INC               
8_ALNERWICK_8068,8,8068,Absolut 80 Proof,1.75L,1,25.99,25.99,2024-01-27,1750.0,1,1.84,17035,PERNOD RICARD USA          
62_KILMARNOCK_3883,62,3883,Hornitos Lime Shot Tequila,750mL,1,22.99,22.99,2024-10-14,750.0,1,0.79,12546,JIM BEAM BRANDS COMPANY    
62_KILMARNOCK_4152,62,4152,Jenkins Rum,750mL,3,17.97,5.99,2024-01-21,750.0,1,2.36,9552,M S WALKER INC             
2_ASHBORNE_39087,2,39087,Corbett Canyon Pnt Grigio,3L,2,19.98,9.99,2024-08-06,3000.0,2,0.9,9815,WINE GROUP INC             
36_LEWES_8658,36,8658,Absente 'Absinthe Refined',750mL,1,33.99,33.99,2024-08-02,750.0,1,0.79,6213,MHW LTD                    
53_HILLFAR_4330,53,4330,Capt Morgan Spiced Rum 100,1.75L,2,55.98,27.99,2024-08-29,1750.0,1,3.67,3960,DIAGEO NORTH AMERICA INC   
59_CLAETHORPES_2756,59,2756,Jameson Caskmates,750mL,1,27.99,27.99,2024-11-29,750.0,1,0.79,17035,PERNOD RICARD USA          
54_GUTHRAM_27644,54,27644,Cline Znfdl Cal,750mL,1,9.99,9.99,2024-06-22,750.0,2,0.11,4425,MARTIGNETTI COMPANIES
39_EASTHALLOW_4346,39,4346,Mr Boston Dark Rum,1.75L,1,12.49,12.49,2024-09-06,1750.0,1,1.84,660,SAZERAC NORTH AMERICA INC. 
60_IRRAGIN_16826,60,16826,Simply Naked Unoaked Svgn Bl,750mL,3,26.97,8.99,2024-12-10,750.0,2,0.34,1392,CONSTELLATION BRANDS INC   
42_BLACK HOLLOW_3085,42,3085,Absolut Mini Bar 5/50mls,250mL,1,7.99,7.99,2024-08-26,50.0,1,0.05,17035,PERNOD RICARD USA          
56_BEGGAR'S HOLE_6648,56,6648,Marcus James Merlot Mendoza,1.5L,1,7.99,7.99,2024-04-17,1500.0,2,0.22,1392,CONSTELLATION BRANDS INC   
45_VERITAS_8085,45,8085,Wild Turkey,1.75L,1,35.99,35.99,2024-04-15,1750.0,1,1.84,11567,CAMPARI AMERICA            
19_WINTERVALE_3502,19,3502,Pinnacle Vodka,750mL,1,10.99,10.99,2024-11-25,750.0,1,0.79,12546,JIM BEAM BRANDS COMPANY    
60_IRRAGIN_1870,60,1870,Oban Distiller's Edition,750mL,1,79.99,79.99,2024-11-11,750.0,1,0.79,3960,DIAGEO NORTH AMERICA INC   
76_DONCASTER_1385,76,1385,Makers Mark,750mL,1,30.99,30.99,2024-09-21,750.0,1,0.79,12546,JIM BEAM BRANDS COMPANY    
16_LUNDY_10266,16,10266,Klinker Brick Old Vine Znfdl,750mL,1,13.99,13.99,2024-08-19,750.0,2,0.11,9552,M S WALKER INC             
1_HARDERSFIELD_24325,1,24325,La Crema Chard Sonoma Cst,750mL,1,16.99,16.99,2024-02-03,750.0,2,0.11,10000,MAJESTIC FINE WINES        
59_CLAETHORPES_3486,59,3486,Tanqueray,375mL,1,12.99,12.99,2024-02-27,375.0,1,0.39,3960,DIAGEO NORTH AMERICA INC   
62_KILMARNOCK_184,62,184,Hornitos Plata VAP,750mL,2,35.98,17.99,2024-05-04,750.0,1,1.57,12546,JIM BEAM BRANDS COMPANY    
47_PELLA'S WISH_4264,47,4264,Capt Morgan Spiced Rum Trav,750mL,1,14.99,14.99,2024-06-18,750.0,1,0.79,3960,DIAGEO NORTH AMERICA INC   
55_DRY GULCH_7341,55,7341,Smirnoff Watermelon,50mL,3,2.97,0.99,2024-07-19,50.0,1,0.16,3960,DIAGEO NORTH AMERICA INC   
20_BREDWARDINE_5254,20,5254,DeKuyper Buttershots Schnpps,750mL,1,10.99,10.99,2024-10-06,750.0,1,0.79,12546,JIM BEAM BRANDS COMPANY    
10_HORNSEY_4263,10,4263,Capt Morgan Silver Spicd Rum,750mL,2,29.98,14.99,2024-08-15,750.0,1,1.57,3960,DIAGEO NORTH AMERICA INC   
7_STANMORE_16670,7,16670,Sweet Baby Vyds White Peach,750mL,1,11.99,11.99,2024-07-17,750.0,2,0.11,90056,SWEET BABY VINEYARD        
49_GARIGILL_6565,49,6565,Clos du Bois Cab Svgn N Cst,750mL,1,8.99,8.99,2024-12-30,750.0,2,0.11,1392,CONSTELLATION BRANDS INC   
34_PITMERDEN_3847,34,3847,Grey Goose Vodka,50mL,7,27.93,3.99,2024-02-12,50.0,1,0.37,480,BACARDI USA INC            
7_STANMORE_7261,7,7261,Gallo X Dry Vermouth,750mL,1,5.49,5.49,2024-04-01,750.0,2,0.11,3252,E & J GALLO WINERY         
7_STANMORE_1737,7,1737,Makers Mark,1.75L,1,52.99,52.99,2024-11-04,1750.0,1,1.84,12546,JIM BEAM BRANDS COMPANY    
20_BREDWARDINE_8452,20,8452,Cruzan Aged Light Rum,1.75L,1,17.99,17.99,2024-10-24,1750.0,1,1.84,12546,JIM BEAM BRANDS COMPANY    
6_GOULCREST_3893,6,3893,Zhenka 80 Proof,1.75L,2,19.98,9.99,2024-04-11,1750.0,1,3.67,9552,M S WALKER INC             
20_BREDWARDINE_5734,20,5734,Malibu Rum,1.75L,1,21.99,21.99,2024-11-04,1750.0,1,1.84,17035,PERNOD RICARD USA          
39_EASTHALLOW_5708,39,5708,Dr McGillicuddy's Root Beer,50mL,8,7.92,0.99,2024-06-12,50.0,1,0.42,8004,SAZERAC CO INC             
48_NORFOLK_8670,48,8670,Arrow Coffee Brandy,1.75L,2,21.98,10.99,2024-07-21,1750.0,1,3.67,8352,LUXCO INC                  
4_EANVERNESS_33039,4,33039,Beringer Fndrs Est Merlot,1.5L,1,18.99,18.99,2024-12-01,1500.0,2,0.22,9819,TREASURY WINE ESTATES      
4_EANVERNESS_4262,4,4262,Capt Morgan Spiced Rum,750mL,1,14.99,14.99,2024-12-01,750.0,1,0.79,3960,DIAGEO NORTH AMERICA INC   
62_KILMARNOCK_5404,62,5404,E & J Superior Rsv VSOP,375mL,1,5.49,5.49,2024-02-15,375.0,1,0.39,3252,E & J GALLO WINERY         
41_LARNWICK_31487,41,31487,Barefoot Bubbly Brut Cve,750mL,24,166.8,6.95,2024-12-08,750.0,2,2.7,3252,E & J GALLO WINERY         
16_LUNDY_3246,16,3246,Bentley's Vodka,1.75L,3,26.37,8.79,2024-12-05,1750.0,1,5.51,8004,SAZERAC CO INC             
22_SHARNWICK_2114,22,2114,Black Velvet Canadian Whisky,1.75L,2,25.98,12.99,2024-05-15,1750.0,1,3.67,1392,CONSTELLATION BRANDS INC   
50_MOUNTMEND_29996,50,29996,Wild Horse CC Cab Svgn,750mL,4,67.96,16.99,2024-12-19,750.0,2,0.45,1392,CONSTELLATION BRANDS INC   
45_VERITAS_1385,45,1385,Makers Mark,750mL,1,27.99,27.99,2024-07-23,750.0,1,0.79,12546,JIM BEAM BRANDS COMPANY    
18_FURNESS_8622,18,8622,Dom Perignon,750mL,1,145.99,145.99,2024-07-27,750.0,2,0.11,8112,MOET HENNESSY USA INC      
71_CLARCTON_1232,71,1232,Jack Daniels No 7 Black,750mL,5,134.95,26.99,2024-09-16,750.0,1,3.94,1128,BROWN-FORMAN CORP          
30_CULCHETH_3630,30,3630,Stolichnaya Razberi,1.75L,2,49.98,24.99,2024-04-22,1750.0,1,3.67,8664,"STOLI GROUP,(USA) LLC      "
17_OLDHAM_2373,17,2373,Jim Beam Maple,750mL,3,44.97,14.99,2024-12-21,750.0,1,2.36,12546,JIM BEAM BRANDS COMPANY    
28_LARNWICK_5734,28,5734,Malibu Rum,1.75L,2,41.98,20.99,2024-07-17,1750.0,1,3.67,17035,PERNOD RICARD USA          
1_HARDERSFIELD_2017,1,2017,Redbreast Irish Whiskey,750mL,2,133.98,66.99,2024-10-12,750.0,1,1.57,17035,PERNOD RICARD USA          
76_DONCASTER_38897,76,38897,L Martini RSV Cab Svgn Alex,750mL,3,74.97,24.99,2024-05-27,750.0,2,0.34,3252,E & J GALLO WINERY         
32_MOUNTMEND_8064,32,8064,Canadian Club,50mL,1,0.99,0.99,2024-12-15,50.0,1,0.05,12546,JIM BEAM BRANDS COMPANY    
34_PITMERDEN_1634,34,1634,The Famous Grouse,1.75L,1,39.99,39.99,2024-06-25,1750.0,1,1.84,2561,EDRINGTON AMERICAS         
30_CULCHETH_3608,30,3608,Smirnoff Orange Vodka,50mL,5,4.95,0.99,2024-06-25,50.0,1,0.26,3960,DIAGEO NORTH AMERICA INC   
76_DONCASTER_41974,76,41974,Beringer Classic Wh Znfdl,187mL 4 Pk,5,34.95,6.99,2024-08-11,187.0,2,0.14,9819,TREASURY WINE ESTATES      
67_EANVERNESS_24294,67,24294,La Gr Comtadine Vacqueyras C,750mL,1,19.99,19.99,2024-10-16,750.0,2,0.11,4425,MARTIGNETTI COMPANIES
64_CESTERFIELD_3679,64,3679,Chopin Vodka,750mL,1,21.99,21.99,2024-08-20,750.0,1,0.79,6213,MHW LTD                    
14_BROMWICH_3608,14,3608,Smirnoff Orange Vodka,50mL,5,4.95,0.99,2024-12-21,50.0,1,0.26,3960,DIAGEO NORTH AMERICA INC   
27_MOUNTMEND_2648,27,2648,Chivas Regal,375mL,1,15.99,15.99,2024-09-17,375.0,1,0.39,17035,PERNOD RICARD USA          
10_HORNSEY_5447,10,5447,Jagermeister Liqueur,375mL,3,29.97,9.99,2024-01-05,375.0,1,1.18,3089,SIDNEY FRANK IMPORTING CO  
8_ALNERWICK_2518,8,2518,Woodford Reserve Double Oak,750mL,1,50.99,50.99,2024-10-14,750.0,1,0.79,1128,BROWN-FORMAN CORP          
1_HARDERSFIELD_17041,1,17041,Sutter Home Pink Moscato,1.5L,2,19.98,9.99,2024-12-23,1500.0,2,0.45,8892,TRINCHERO FAMILY ESTATES   
14_BROMWICH_5921,14,5921,RumChata Liqueur,750mL,1,19.99,19.99,2024-02-21,750.0,1,0.79,6213,MHW LTD                    
54_GUTHRAM_20447,54,20447,Barefoot Bubbly Pink Moscato,187mL 4 Pk,1,9.99,9.99,2024-06-18,187.0,2,0.03,3252,E & J GALLO WINERY         
20_BREDWARDINE_3726,20,3726,Gilbeys Vodka Traveler,750mL,2,11.98,5.99,2024-03-03,750.0,1,1.57,12546,JIM BEAM BRANDS COMPANY    
23_ARBINGTON_4359,23,4359,Mr Boston Light Rum,1.75L,15,149.85,9.99,2024-06-18,1750.0,1,27.56,660,SAZERAC NORTH AMERICA INC. 
2_ASHBORNE_3827,2,3827,Popov Vodka,1.75L,4,51.96,12.99,2024-02-26,1750.0,1,7.35,3960,DIAGEO NORTH AMERICA INC   
66_EANVERNESS_1875,66,1875,Bushmills Black Bush,750mL,1,29.99,29.99,2024-06-17,750.0,1,0.79,7245,PROXIMO SPIRITS INC.       
60_IRRAGIN_2692,60,2692,Glenmorangie 10 Yr Scotch,750mL,1,34.99,34.99,2024-06-16,750.0,1,0.79,8112,MOET HENNESSY USA INC      
57_LANTEGLOS_29212,57,29212,R Mondavi Merlot Pvt Sel,750mL,1,7.99,7.99,2024-09-13,750.0,2,0.11,1392,CONSTELLATION BRANDS INC   
18_FURNESS_3826,18,3826,Skyy Vodka,1.75L,1,19.99,19.99,2024-11-22,1750.0,1,1.84,11567,CAMPARI AMERICA            
4_EANVERNESS_8159,4,8159,Jose Cuervo Especial,1.75L,3,80.97,26.99,2024-04-29,1750.0,1,5.51,7245,PROXIMO SPIRITS INC.       
75_BARNCOMBE_3899,75,3899,Platinum 7X Distilled Vodka,375mL,6,23.94,3.99,2024-08-10,375.0,1,2.36,8004,SAZERAC CO INC             
16_LUNDY_4262,16,4262,Capt Morgan Spiced Rum,750mL,2,29.98,14.99,2024-12-14,750.0,1,1.57,3960,DIAGEO NORTH AMERICA INC   
35_HALIVAARA_3630,35,3630,Stolichnaya Razberi,1.75L,1,25.99,25.99,2024-09-23,1750.0,1,1.84,8664,"STOLI GROUP,(USA) LLC      "
9_BLACKPOOL_8236,9,8236,Jim Beam,50mL,11,16.39,1.49,2024-11-22,50.0,1,0.58,12546,JIM BEAM BRANDS COMPANY    
73_DONCASTER_33963,73,33963,Falesco Vitiano Umbria,750mL,7,83.93,11.99,2024-12-23,750.0,2,0.79,2000,SOUTHERN WINE & SPIRITS NE 
60_IRRAGIN_14004,60,14004,Layer Cake Virgin Chard,750mL,6,77.94,12.99,2024-11-25,750.0,2,0.68,4425,MARTIGNETTI COMPANIES
78_EASTHAVEN_3918,78,3918,Cabo Wabo Anejo Tequila,750mL,1,42.99,42.99,2024-12-28,750.0,1,0.79,11567,CAMPARI AMERICA            
23_ARBINGTON_1595,23,1595,Gentleman Jack,375mL,2,27.98,13.99,2024-10-15,375.0,1,0.79,1128,BROWN-FORMAN CORP          
30_CULCHETH_2668,30,2668,Dewars White Label,375mL,1,11.99,11.99,2024-06-03,375.0,1,0.39,480,BACARDI USA INC            
5_SUTTON_32989,5,32989,Barefoot Cab Svgn Cal,1.5L,3,32.97,10.99,2024-05-25,1500.0,2,0.68,3252,E & J GALLO WINERY         
59_CLAETHORPES_12220,59,12220,Angeline Pnt Nr,750mL,2,21.98,10.99,2024-10-22,750.0,2,0.22,9552,M S WALKER INC             
66_EANVERNESS_10472,66,10472,Clos du Bois Pnt Nr Cal,750mL,3,26.97,8.99,2024-09-07,750.0,2,0.34,1392,CONSTELLATION BRANDS INC   
68_SOLARIS_8617,68,8617,Bacardi Black,750mL,1,9.99,9.99,2024-06-28,750.0,1,0.79,480,BACARDI USA INC            
60_IRRAGIN_39356,60,39356,Bota Box Chard Cal,3L,1,21.99,21.99,2024-04-29,3000.0,2,0.45,2242,DELICATO VINEYARDS INC     
7_STANMORE_16328,7,16328,Black Box Chard,500mL,1,3.99,3.99,2024-08-13,500.0,2,0.08,1392,CONSTELLATION BRANDS INC   
8_ALNERWICK_4634,8,4634,Gold Crown Wh Rum,1.75L,1,12.99,12.99,2024-07-02,1750.0,1,1.84,9552,M S WALKER INC             
38_GOULCREST_25587,38,25587,Geyser Peak Znfdl,750mL,3,23.97,7.99,2024-09-07,750.0,2,0.34,2000,SOUTHERN WINE & SPIRITS NE 
50_MOUNTMEND_25919,50,25919,Hogue Clrs Merlot Wash,750mL,2,19.98,9.99,2024-12-10,750.0,2,0.22,1392,CONSTELLATION BRANDS INC   
55_DRY GULCH_36284,55,36284,Gruet Brut New Mexico,750mL,1,16.99,16.99,2024-12-31,750.0,2,0.11,17033,SEA BREEZE CELLARS LLC     
50_MOUNTMEND_4199,50,4199,Sauza Blanco Tequila,1.75L,1,21.99,21.99,2024-11-10,1750.0,1,1.84,12546,JIM BEAM BRANDS COMPANY    
68_SOLARIS_18813,68,18813,Sweet Baby Vyds Raspberry,375mL,1,11.99,11.99,2024-12-21,375.0,2,0.06,90056,SWEET BABY VINEYARD        
59_CLAETHORPES_5364,59,5364,Kahlua,1.75L,4,127.96,31.99,2024-05-06,1750.0,1,7.35,17035,PERNOD RICARD USA          
32_MOUNTMEND_3858,32,3858,Grey Goose Vodka,750mL,2,55.98,27.99,2024-03-17,750.0,1,1.57,480,BACARDI USA INC            
2_ASHBORNE_23635,2,23635,Tortoise Creek Rose le Charm,750mL,1,12.99,12.99,2024-07-30,750.0,2,0.11,90024,VINILANDIA USA             
34_PITMERDEN_29691,34,29691,Hahn Merlot Central Coast,750mL,1,11.99,11.99,2024-09-21,750.0,2,0.11,7153,PINE STATE TRADING CO      
49_GARIGILL_5138,49,5138,Fireball Cinnamon Whisky,750mL,3,41.97,13.99,2024-05-10,750.0,1,2.36,8004,SAZERAC CO INC             
59_CLAETHORPES_3512,59,3512,Pinnacle Vodka,1.75L,3,50.97,16.99,2024-10-07,1750.0,1,5.51,12546,JIM BEAM BRANDS COMPANY    
6_GOULCREST_26949,6,26949,Sonoma-Cutrer Chard RRV,750mL,1,22.99,22.99,2024-12-27,750.0,2,0.11,1128,BROWN-FORMAN CORP          
53_HILLFAR_38850,53,38850,Ravenswood Vntrs Bl Cab Svgn,750mL,90,611.1,6.79,2024-09-29,750.0,2,10.12,1392,CONSTELLATION BRANDS INC   
41_LARNWICK_3172,41,3172,Skyy Infusions Blood Orange,750mL,1,12.99,12.99,2024-09-01,750.0,1,0.79,11567,CAMPARI AMERICA            
35_HALIVAARA_11219,35,11219,Josh Cellars Cab Svgn Sonoma,750mL,1,12.95,12.95,2024-05-20,750.0,2,0.11,4425,MARTIGNETTI COMPANIES
1_HARDERSFIELD_3726,1,3726,Gilbeys Vodka Traveler,750mL,9,53.91,5.99,2024-03-24,750.0,1,7.09,12546,JIM BEAM BRANDS COMPANY    
4_EANVERNESS_3982,4,3982,Hornitos Reposado Tequila,750mL,3,62.97,20.99,2024-01-22,750.0,1,2.36,12546,JIM BEAM BRANDS COMPANY    
64_CESTERFIELD_44228,64,44228,Clean Slate Rsl Mosel,750mL,3,35.97,11.99,2024-12-30,750.0,2,0.34,7153,PINE STATE TRADING CO      
12_LEESIDE_8053,12,8053,Seagrams 7 Crown,50mL,2,1.98,0.99,2024-08-02,50.0,1,0.1,3960,DIAGEO NORTH AMERICA INC   
59_CLAETHORPES_4149,59,4149,Sailor Jerry Spiced Navy Rum,50mL,10,14.9,1.49,2024-08-07,50.0,1,0.52,3664,WILLIAM GRANT & SONS INC   
24_PALPERROTH_4198,24,4198,Sailor Jerry Spiced Navy Rum,1.75L,1,23.49,23.49,2024-08-26,1750.0,1,1.84,3664,WILLIAM GRANT & SONS INC   
34_PITMERDEN_4218,34,4218,Sailor Jerry Spiced Navy Rum,750mL,1,18.99,18.99,2024-03-26,750.0,1,0.79,3664,WILLIAM GRANT & SONS INC   
79_BALLYMENA_5872,79,5872,Godiva Chocolate Liqueur,50mL,2,5.98,2.99,2024-12-03,50.0,1,0.1,3960,DIAGEO NORTH AMERICA INC   
51_ABERDEEN_4806,51,4806,Leroux Blackberry Brandy,1.75L,1,14.99,14.99,2024-12-11,1750.0,1,1.84,12546,JIM BEAM BRANDS COMPANY    
26_KNIFE'S EDGE_2122,26,2122,Canadian Club 1858,750mL,1,9.99,9.99,2024-06-18,750.0,1,0.79,12546,JIM BEAM BRANDS COMPANY    
30_CULCHETH_1962,30,1962,Jim Beam Apple,750mL,1,16.99,16.99,2024-09-03,750.0,1,0.79,12546,JIM BEAM BRANDS COMPANY    
6_GOULCREST_2591,6,2591,Cardhu Scotch,750mL,1,39.99,39.99,2024-11-16,750.0,1,0.79,3960,DIAGEO NORTH AMERICA INC   
70_KELD_8424,70,8424,1800 Coconut Tequila,750mL,1,26.99,26.99,2024-10-09,750.0,1,0.79,7245,PROXIMO SPIRITS INC.       
66_EANVERNESS_41751,66,41751,Clos du Bois Pnt Grigio Cal,750mL,2,17.98,8.99,2024-11-13,750.0,2,0.22,1392,CONSTELLATION BRANDS INC   
38_GOULCREST_1379,38,1379,Jim Beam Traveler,750mL,1,14.99,14.99,2024-11-28,750.0,1,0.79,12546,JIM BEAM BRANDS COMPANY    
10_HORNSEY_27461,10,27461,Ecco Domani Pnt Grigio Venez,750mL,1,8.99,8.99,2024-02-17,750.0,2,0.11,3252,E & J GALLO WINERY         
19_WINTERVALE_8323,19,8323,Jose Cuervo Gold w/Marg Mix,750mL,1,16.99,16.99,2024-05-27,750.0,1,0.79,7245,PROXIMO SPIRITS INC.       
66_EANVERNESS_26092,66,26092,Blackstone Merlot Cal,750mL,1,10.99,10.99,2024-09-22,750.0,2,0.11,1392,CONSTELLATION BRANDS INC   
74_PAENTMARWY_3878,74,3878,Smirnoff 80 Proof,750mL,4,43.96,10.99,2024-01-15,750.0,1,3.15,3960,DIAGEO NORTH AMERICA INC   
43_WOLFORD_1883,43,1883,Seagrams 7 Crown,1.75L,2,35.98,17.99,2024-04-05,1750.0,1,3.67,3960,DIAGEO NORTH AMERICA INC   
44_PORTHCRAWL_38899,44,38899,L Martini Cab Svgn Sonoma,750mL,2,29.98,14.99,2024-09-16,750.0,2,0.22,3252,E & J GALLO WINERY         
56_BEGGAR'S HOLE_2164,56,2164,New Amsterdam Gin,1.75L,1,16.99,16.99,2024-08-20,1750.0,1,1.84,3252,E & J GALLO WINERY         
76_DONCASTER_2143,76,2143,Canadian Mist,1.75L,2,27.98,13.99,2024-09-22,1750.0,1,3.67,1128,BROWN-FORMAN CORP          
61_AETHELNEY_11367,61,11367,Two Oceans WstrnCape Svgn Bl,750mL,1,9.99,9.99,2024-11-23,750.0,2,0.11,9165,ULTRA BEVERAGE COMPANY LLP 
76_DONCASTER_38133,76,38133,Il Bastardo Sangiovese Tosc,750mL,3,20.97,6.99,2024-04-22,750.0,2,0.34,10754,PERFECTA WINES             
20_BREDWARDINE_14622,20,14622,La Marca Prosecco,750mL,6,65.88,10.98,2024-12-20,750.0,2,0.68,3252,E & J GALLO WINERY         
9_BLACKPOOL_8744,9,8744,Jadot Bourgogne Pinot Noir,750mL,1,16.99,16.99,2024-04-26,750.0,2,0.11,4692,KOBRAND CORPORATION        
61_AETHELNEY_3568,61,3568,Pearl Cucumber Vodka,50mL,4,3.96,0.99,2024-07-24,50.0,1,0.21,8352,LUXCO INC                  
69_MOUNTMEND_5242,69,5242,Cointreau Liqueur,750mL,6,179.94,29.99,2024-07-15,750.0,1,4.72,7239,REMY COINTREAU USA INC     
17_OLDHAM_3960,17,3960,Tortilla Gold Tequila Liquer,1.75L,1,11.99,11.99,2024-07-18,1750.0,1,1.84,8004,SAZERAC CO INC             
43_WOLFORD_3607,43,3607,Smirnoff Citrus Vodka,50mL,4,3.96,0.99,2024-05-08,50.0,1,0.21,3960,DIAGEO NORTH AMERICA INC   
61_AETHELNEY_5502,61,5502,RumChata Liqueur,50mL,7,6.93,0.99,2024-07-21,50.0,1,0.37,6213,MHW LTD                    
72_HARDERSFIELD_4066,72,4066,Bacardi Oakheart Spiced Rum,1.75L,3,65.97,21.99,2024-06-17,1750.0,1,5.51,480,BACARDI USA INC            
78_EASTHAVEN_16837,78,16837,Beringer Classic Pink Moscat,750mL,1,4.99,4.99,2024-06-03,750.0,2,0.11,9819,TREASURY WINE ESTATES      
56_BEGGAR'S HOLE_31454,56,31454,Foxhorn SE Chard Australia,1.5L,2,13.98,6.99,2024-08-30,1500.0,2,0.45,9815,WINE GROUP INC             
42_BLACK HOLLOW_18142,42,18142,Banfi Brunello Montalcino,750mL,3,179.97,59.99,2024-08-23,750.0,2,0.34,516,BANFI PRODUCTS CORP        
11_CARDEND_44228,11,44228,Clean Slate Rsl Mosel,750mL,2,19.98,9.99,2024-09-20,750.0,2,0.22,7153,PINE STATE TRADING CO      
25_CAERSHIRE_45503,25,45503,Rebel The Show Cab Svgn,750mL,6,59.94,9.99,2024-11-05,750.0,2,0.68,8892,TRINCHERO FAMILY ESTATES   
10_HORNSEY_35442,10,35442,Borsao Tres Picos Garnacha,750mL,1,12.99,12.99,2024-01-09,750.0,2,0.11,9552,M S WALKER INC             
74_PAENTMARWY_4225,74,4225,Goslings Black Seal Bermuda,1.75L,1,25.99,25.99,2024-03-23,1750.0,1,1.84,1485,CASTLE BRANDS CORP.        
45_VERITAS_4196,45,4196,Bacardi Dragon Berry Rum,750mL,1,13.99,13.99,2024-05-20,750.0,1,0.79,480,BACARDI USA INC            
69_MOUNTMEND_11488,69,11488,C K Mondavi Cab Svgn,1.5L,1,12.99,12.99,2024-12-18,1500.0,2,0.22,2000,SOUTHERN WINE & SPIRITS NE 
15_WANBORNE_12123,15,12123,Barefoot Cellars Rsl,750mL,11,69.19,6.29,2024-09-29,750.0,2,1.24,3252,E & J GALLO WINERY         
34_PITMERDEN_12478,34,12478,Commanderie Bargmn Prov Rose,750mL,1,16.99,16.99,2024-04-11,750.0,2,0.11,10754,PERFECTA WINES             
56_BEGGAR'S HOLE_15619,56,15619,Beringer Classic Red Moscato,750mL,2,9.98,4.99,2024-09-02,750.0,2,0.22,9819,TREASURY WINE ESTATES      
60_IRRAGIN_5337,60,5337,Drambuie,750mL,1,29.99,29.99,2024-02-04,750.0,1,0.79,3664,WILLIAM GRANT & SONS INC   
39_EASTHALLOW_1415,39,1415,Old Grand Dad,750mL,1,13.99,13.99,2024-11-23,750.0,1,0.79,12546,JIM BEAM BRANDS COMPANY    
50_MOUNTMEND_4804,50,4804,Rhum Barbancourt RSV Special,750mL,1,20.99,20.99,2024-09-19,750.0,1,0.79,6213,MHW LTD                    
2_ASHBORNE_3879,2,3879,Smirnoff 80 Proof Traveler,750mL,2,21.98,10.99,2024-10-26,750.0,1,1.57,3960,DIAGEO NORTH AMERICA INC   
58_HARTLEPOOL_7969,58,7969,Sandeman Founders RSV Port,750mL,1,15.99,15.99,2024-02-29,750.0,2,0.11,17035,PERNOD RICARD USA          
20_BREDWARDINE_4194,20,4194,Calico Jack Coconut Rum,1.75L,1,12.99,12.99,2024-11-11,1750.0,1,1.84,12546,JIM BEAM BRANDS COMPANY    
71_CLARCTON_40332,71,40332,Terrazas RSV Malbec Mendoza,750mL,1,12.99,12.99,2024-05-09,750.0,2,0.11,8112,MOET HENNESSY USA INC      
59_CLAETHORPES_10420,59,10420,Barefoot Moscato Cal,750mL,1,6.29,6.29,2024-01-30,750.0,2,0.11,3252,E & J GALLO WINERY         
76_DONCASTER_15290,76,15290,Backhouse Pnt Nr,750mL,1,6.99,6.99,2024-08-31,750.0,2,0.11,7153,PINE STATE TRADING CO      
74_PAENTMARWY_8203,74,8203,Grand Marnier,50mL,5,14.95,2.99,2024-03-03,50.0,1,0.26,8112,MOET HENNESSY USA INC      
6_GOULCREST_34430,6,34430,Frei Bros RSV Pnt Nr RRV,750mL,2,41.98,20.99,2024-05-24,750.0,2,0.22,3252,E & J GALLO WINERY         
11_CARDEND_6933,11,6933,Ch Ste Michelle Svgn Bl,750mL,3,23.85,7.95,2024-12-02,750.0,2,0.34,8673,STE MICHELLE WINE ESTATES  
30_CULCHETH_44208,30,44208,Black Box Pnt Grigio,3L,3,47.97,15.99,2024-07-15,3000.0,2,1.35,1392,CONSTELLATION BRANDS INC   
50_MOUNTMEND_4689,50,4689,Hennessy Privilege VSOP,750mL,11,516.89,46.99,2024-05-06,750.0,1,8.66,8112,MOET HENNESSY USA INC      
49_GARIGILL_8620,49,8620,Sambuca Romana,375mL,1,11.99,11.99,2024-01-25,375.0,1,0.39,3960,DIAGEO NORTH AMERICA INC   
22_SHARNWICK_40337,22,40337,Da Vinci Chianti Tuscany,750mL,1,9.99,9.99,2024-10-25,750.0,2,0.11,3252,E & J GALLO WINERY         
56_BEGGAR'S HOLE_3996,56,3996,Deep Eddy Peach Vodka,750mL,1,15.99,15.99,2024-08-31,750.0,1,0.79,3924,HEAVEN HILL DISTILLERIES   
38_GOULCREST_3666,38,3666,Art in the Age Chicory Root,375mL,1,24.99,24.99,2024-08-11,375.0,1,0.39,173357,TAMWORTH DISTILLING        
45_VERITAS_2142,45,2142,Bird Dog Apple Whiskey,750mL,1,15.99,15.99,2024-10-23,750.0,1,0.79,9625,WESTERN SPIRITS BEVERAGE CO
30_CULCHETH_3689,30,3689,Stolichnaya Vanil,750mL,1,16.99,16.99,2024-11-03,750.0,1,0.79,8664,"STOLI GROUP,(USA) LLC      "
66_EANVERNESS_8653,66,8653,M & R Extra Dry Vermouth,375mL,2,10.58,5.29,2024-05-31,375.0,2,0.11,480,BACARDI USA INC            
51_ABERDEEN_1237,51,1237,Jack Daniels Single Barrel,750mL,1,49.99,49.99,2024-04-23,750.0,1,0.79,1128,BROWN-FORMAN CORP          
59_CLAETHORPES_17341,59,17341,Lobster & Shrimp Muscadet,750mL,1,9.99,9.99,2024-09-01,750.0,2,0.11,8735,SURVILLE ENTERPRISES CORP  
71_CLARCTON_2026,71,2026,Camarena Silver Tequila,750mL,2,37.98,18.99,2024-09-15,750.0,1,1.57,3252,E & J GALLO WINERY         
4_EANVERNESS_6168,4,6168,Kinky Pink Liqueur,375mL,2,15.98,7.99,2024-01-09,375.0,1,0.79,7153,PINE STATE TRADING CO      
38_GOULCREST_41712,38,41712,Fish Eye Chard,750mL,2,11.98,5.99,2024-06-28,750.0,2,0.22,9815,WINE GROUP INC             
76_DONCASTER_6524,76,6524,Rosemount Diamond Shiraz,750mL,3,20.97,6.99,2024-05-29,750.0,2,0.34,4425,MARTIGNETTI COMPANIES
76_DONCASTER_10415,76,10415,Le Pive Rose Gris,750mL,1,14.99,14.99,2024-08-17,750.0,2,0.11,10754,PERFECTA WINES             
38_GOULCREST_28069,38,28069,Sutter Home Merlot Cal,1.5L,1,9.99,9.99,2024-07-27,1500.0,2,0.22,8892,TRINCHERO FAMILY ESTATES   
67_EANVERNESS_39087,67,39087,Corbett Canyon Pnt Grigio,3L,2,21.98,10.99,2024-12-18,3000.0,2,0.9,9815,WINE GROUP INC             
67_EANVERNESS_10957,67,10957,Seaglass Svgn Bl Snt Barbara,750mL,2,17.98,8.99,2024-07-26,750.0,2,0.22,8892,TRINCHERO FAMILY ESTATES   
70_KELD_1734,70,1734,Duggans Dew O Kirkintilloch,1.75L,1,19.99,19.99,2024-06-15,1750.0,1,1.84,2496,DUGGANS DISTILLED PRODUCTS 
60_IRRAGIN_3834,60,3834,Skyy Vodka,750mL,6,71.94,11.99,2024-07-23,750.0,1,4.72,11567,CAMPARI AMERICA            
4_EANVERNESS_31201,4,31201,Beringer Fndrs Est Cab Svgn,750mL,1,9.99,9.99,2024-07-15,750.0,2,0.11,9819,TREASURY WINE ESTATES      
25_CAERSHIRE_1375,25,1375,Jim Beam,750mL,1,14.99,14.99,2024-05-03,750.0,1,0.79,12546,JIM BEAM BRANDS COMPANY    
81_PEMBROKE_2164,81,2164,New Amsterdam Gin,1.75L,1,16.99,16.99,2024-10-01,1750.0,1,1.84,3252,E & J GALLO WINERY         
44_PORTHCRAWL_6115,44,6115,Midnight Moon Raspberry,750mL,1,19.99,19.99,2024-09-16,750.0,1,0.79,9165,ULTRA BEVERAGE COMPANY LLP 
69_MOUNTMEND_4478,69,4478,Myers Original Dark Rum,750mL,3,53.97,17.99,2024-09-25,750.0,1,2.36,3960,DIAGEO NORTH AMERICA INC   
21_BALERNO_3857,21,3857,Grey Goose Vodka,1.75L,1,57.99,57.99,2024-03-02,1750.0,1,1.84,480,BACARDI USA INC            
31_HORNSEY_6385,31,6385,Fetzer Sundial Chard,1.5L,2,17.98,8.99,2024-10-21,1500.0,2,0.45,9165,ULTRA BEVERAGE COMPANY LLP 
23_ARBINGTON_3591,23,3591,Absolut Vanilia,750mL,1,17.99,17.99,2024-09-11,750.0,1,0.79,17035,PERNOD RICARD USA          
59_CLAETHORPES_3142,59,3142,Smirnoff Sourced Cran/Apple,50mL,5,4.95,0.99,2024-11-14,50.0,1,0.26,3960,DIAGEO NORTH AMERICA INC   
20_BREDWARDINE_40425,20,40425,Mionetto Prosecco Brut,750mL,2,29.98,14.99,2024-05-14,750.0,2,0.22,9552,M S WALKER INC             
1_HARDERSFIELD_1355,1,1355,Knob Creek Bourbon,50mL,1,3.99,3.99,2024-11-06,50.0,1,0.05,12546,JIM BEAM BRANDS COMPANY    
72_HARDERSFIELD_6980,72,6980,Midnight Moon Blueberry,750mL,1,19.99,19.99,2024-10-09,750.0,1,0.79,9165,ULTRA BEVERAGE COMPANY LLP 
47_PELLA'S WISH_5146,47,5146,Pama Pomegranate Liqueur,750mL,1,17.99,17.99,2024-09-04,750.0,1,0.79,3924,HEAVEN HILL DISTILLERIES   
73_DONCASTER_20400,73,20400,Ilauri Le Pinciaie 10 Red,750mL,2,31.98,15.99,2024-09-16,750.0,2,0.22,7255,PSP WINES 
35_HALIVAARA_858,35,858,Canadian Club,Liter,1,11.99,11.99,2024-09-16,1000.0,1,1.05,12546,JIM BEAM BRANDS COMPANY    
40_BULLMAR_3804,40,3804,Svedka Vodka,750mL,1,9.99,9.99,2024-06-25,750.0,1,0.79,1392,CONSTELLATION BRANDS INC   
20_BREDWARDINE_19848,20,19848,Carnivor Cab Svgn,750mL,2,19.98,9.99,2024-11-19,750.0,2,0.22,3252,E & J GALLO WINERY         
50_MOUNTMEND_14627,50,14627,Carlo Rossi Sweet Red,4L,3,44.97,14.99,2024-12-31,4000.0,2,1.8,3252,E & J GALLO WINERY         
25_CAERSHIRE_8653,25,8653,M & R Extra Dry Vermouth,375mL,1,5.29,5.29,2024-07-20,375.0,2,0.06,480,BACARDI USA INC            
69_MOUNTMEND_21232,69,21232,Barefoot Bubbly Prosecco,750mL,1,10.99,10.99,2024-03-13,750.0,2,0.11,3252,E & J GALLO WINERY         
60_IRRAGIN_966,60,966,Patron Citronge Orange Liqu,750mL,2,41.98,20.99,2024-08-06,750.0,1,1.57,9165,ULTRA BEVERAGE COMPANY LLP 
76_DONCASTER_3352,76,3352,Ciroc Coconut Vodka,750mL,2,47.98,23.99,2024-06-26,750.0,1,1.57,3960,DIAGEO NORTH AMERICA INC   
61_AETHELNEY_4218,61,4218,Sailor Jerry Spiced Navy Rum,750mL,1,16.99,16.99,2024-09-09,750.0,1,0.79,3664,WILLIAM GRANT & SONS INC   
78_EASTHAVEN_2057,78,2057,Rebel Yell Root Beer Bourbon,50mL,7,6.93,0.99,2024-09-02,50.0,1,0.37,8352,LUXCO INC                  
33_HORNSEY_24634,33,24634,Marques de Caceres RSV Red,750mL,1,16.99,16.99,2024-02-05,750.0,2,0.11,1587,VINEYARD BRANDS INC        
69_MOUNTMEND_27429,69,27429,Grahams Six Grapes,750mL,1,19.99,19.99,2024-02-27,750.0,2,0.11,9552,M S WALKER INC             
49_GARIGILL_3050,49,3050,Bowman Vodka,1.75L,2,17.98,8.99,2024-01-16,1750.0,1,3.67,8004,SAZERAC CO INC             
76_DONCASTER_3765,76,3765,Three Olives Citrus Vodka,750mL,3,35.97,11.99,2024-08-09,750.0,1,2.36,7245,PROXIMO SPIRITS INC.       
25_CAERSHIRE_5872,25,5872,Godiva Chocolate Liqueur,50mL,1,2.99,2.99,2024-06-12,50.0,1,0.05,3960,DIAGEO NORTH AMERICA INC   
25_CAERSHIRE_14701,25,14701,Cupcake Red Velvet,750mL,5,39.95,7.99,2024-02-29,750.0,2,0.56,9815,WINE GROUP INC             
4_EANVERNESS_2585,4,2585,Jameson Irish Whiskey,750mL,3,68.97,22.99,2024-05-23,750.0,1,2.36,17035,PERNOD RICARD USA          
60_IRRAGIN_9147,60,9147,Green Spot Irish Whiskey,750mL,1,56.99,56.99,2024-12-20,750.0,1,0.79,17035,PERNOD RICARD USA          
19_WINTERVALE_5060,19,5060,Dr McGillicuddy's Butterscth,750mL,1,13.99,13.99,2024-11-05,750.0,1,0.79,8004,SAZERAC CO INC             
44_PORTHCRAWL_7865,44,7865,Moet & Chandon Imperial,750mL,2,69.98,34.99,2024-12-28,750.0,2,0.22,8112,MOET HENNESSY USA INC      
9_BLACKPOOL_3687,9,3687,Fleischmanns Royal Traveler,750mL,4,19.96,4.99,2024-10-03,750.0,1,3.15,660,SAZERAC NORTH AMERICA INC. 
9_BLACKPOOL_8187,9,8187,Wild Turkey,750mL,1,16.99,16.99,2024-03-22,750.0,1,0.79,11567,CAMPARI AMERICA            
11_CARDEND_1955,11,1955,Jack Daniels Tennessee Honey,375mL,1,12.99,12.99,2024-07-09,375.0,1,0.39,1128,BROWN-FORMAN CORP          
23_ARBINGTON_19223,23,19223,Trimbach Pnt Bl,750mL,1,12.99,12.99,2024-12-30,750.0,2,0.11,6785,PALM BAY INTERNATIONAL INC 
24_PALPERROTH_3746,24,3746,Gordons Vodka 80 Proof,1.75L,3,38.97,12.99,2024-02-26,1750.0,1,5.51,3960,DIAGEO NORTH AMERICA INC   
34_PITMERDEN_2170,34,2170,Woodford Reserve Bourbon,50mL,2,6.98,3.49,2024-02-13,50.0,1,0.1,1128,BROWN-FORMAN CORP          
25_CAERSHIRE_3899,25,3899,Platinum 7X Distilled Vodka,375mL,7,27.93,3.99,2024-04-08,375.0,1,2.76,8004,SAZERAC CO INC             
70_KELD_3627,70,3627,Absolut 80 Proof,375mL,1,11.99,11.99,2024-08-19,375.0,1,0.39,17035,PERNOD RICARD USA          
52_GRAYCOTT_4410,52,4410,Cruzan Mango Flavored Rum,750mL,1,9.99,9.99,2024-03-13,750.0,1,0.79,12546,JIM BEAM BRANDS COMPANY    
6_GOULCREST_1892,6,1892,Yukon Jack,50mL,5,4.95,0.99,2024-05-20,50.0,1,0.26,3960,DIAGEO NORTH AMERICA INC   
5_SUTTON_31787,5,31787,Peter Vella Merlot Calif B/B,5L,1,16.99,16.99,2024-11-16,5000.0,2,0.75,3252,E & J GALLO WINERY         
63_SWORDBREAK_3894,63,3894,Zhenka Vodka 100 Proof,1.75L,1,13.49,13.49,2024-07-30,1750.0,1,1.84,9552,M S WALKER INC             
63_SWORDBREAK_3154,63,3154,New Amsterdam Peach Vodka,750mL,2,19.98,9.99,2024-09-30,750.0,1,1.57,3252,E & J GALLO WINERY         
2_ASHBORNE_41713,2,41713,Fish Eye Merlot,750mL,5,24.95,4.99,2024-09-25,750.0,2,0.56,9815,WINE GROUP INC             
61_AETHELNEY_3315,61,3315,Smirnoff Sorbet Rasp/Pomegra,50mL,1,0.99,0.99,2024-07-09,50.0,1,0.05,3960,DIAGEO NORTH AMERICA INC   
73_DONCASTER_2373,73,2373,Jim Beam Maple,750mL,1,14.99,14.99,2024-05-14,750.0,1,0.79,12546,JIM BEAM BRANDS COMPANY    
22_SHARNWICK_6145,22,6145,Marcus James Cab Svgn Mendza,1.5L,2,15.98,7.99,2024-05-28,1500.0,2,0.45,1392,CONSTELLATION BRANDS INC   
12_LEESIDE_44208,12,44208,Black Box Pnt Grigio,3L,2,45.98,22.99,2024-03-08,3000.0,2,0.9,1392,CONSTELLATION BRANDS INC   
35_HALIVAARA_8691,35,8691,Jose Cuervo Especial,750mL,1,16.99,16.99,2024-10-20,750.0,1,0.79,7245,PROXIMO SPIRITS INC.       
76_DONCASTER_3658,76,3658,Patron Anejo Tequila,750mL,3,176.97,58.99,2024-08-19,750.0,1,2.36,9165,ULTRA BEVERAGE COMPANY LLP 
32_MOUNTMEND_3527,32,3527,Reyka Vodka,1.75L,1,29.99,29.99,2024-03-02,1750.0,1,1.84,3664,WILLIAM GRANT & SONS INC   
19_WINTERVALE_44072,19,44072,Bogle Russian River Pnt Nr,750mL,1,10.99,10.99,2024-12-27,750.0,2,0.11,4425,MARTIGNETTI COMPANIES
69_MOUNTMEND_3042,69,3042,Ciroc Red Berry Vodka,375mL,1,11.99,11.99,2024-04-16,375.0,1,0.39,3960,DIAGEO NORTH AMERICA INC   
17_OLDHAM_4683,17,4683,Hennessy VS Cognac,50mL,3,11.97,3.99,2024-02-13,50.0,1,0.16,8112,MOET HENNESSY USA INC      
64_CESTERFIELD_3609,64,3609,Smirnoff Vanilla Vodka,50mL,2,1.98,0.99,2024-05-26,50.0,1,0.1,3960,DIAGEO NORTH AMERICA INC   
49_GARIGILL_25554,49,25554,Brotte Espirit CdR,750mL,5,39.95,7.99,2024-09-23,750.0,2,0.56,9165,ULTRA BEVERAGE COMPANY LLP 
10_HORNSEY_1465,10,1465,Woodford Rsv Bourbon,375mL,1,14.99,14.99,2024-03-30,375.0,1,0.39,1128,BROWN-FORMAN CORP          
4_EANVERNESS_4256,4,4256,English Harbour Rum,750mL,1,24.99,24.99,2024-12-23,750.0,1,0.79,9165,ULTRA BEVERAGE COMPANY LLP 
38_GOULCREST_4089,38,4089,Capt Morgan White,1.75L,2,45.98,22.99,2024-09-07,1750.0,1,3.67,3960,DIAGEO NORTH AMERICA INC   
12_LEESIDE_2723,12,2723,J & B Rare,1.75L,1,34.99,34.99,2024-02-16,1750.0,1,1.84,3960,DIAGEO NORTH AMERICA INC   
52_GRAYCOTT_6950,52,6950,Solerno Blood Orange Liqueur,750mL,1,31.99,31.99,2024-05-30,750.0,1,0.79,3664,WILLIAM GRANT & SONS INC   
24_PALPERROTH_3522,24,3522,Platinum 7X Distilled Vodka,1.75L,2,25.98,12.99,2024-09-16,1750.0,1,3.67,8004,SAZERAC CO INC             
19_WINTERVALE_824,19,824,Dewars White Label Scotch,Liter,1,26.99,26.99,2024-09-07,1000.0,1,1.05,480,BACARDI USA INC            
38_GOULCREST_2047,38,2047,Sheep Dip Scotch,750mL,1,34.99,34.99,2024-12-01,750.0,1,0.79,9744,FREDERICK WILDMAN & SONS   
71_CLARCTON_17176,71,17176,Beringer Classic Chard,1.5L,11,76.89,6.99,2024-07-22,1500.0,2,2.47,9819,TREASURY WINE ESTATES      
69_MOUNTMEND_6567,69,6567,Clos du Bois Merlot N Cst,750mL,2,17.98,8.99,2024-08-19,750.0,2,0.22,1392,CONSTELLATION BRANDS INC   
26_KNIFE'S EDGE_8111,26,8111,Smirnoff 80 Proof,50mL,3,2.97,0.99,2024-11-04,50.0,1,0.16,3960,DIAGEO NORTH AMERICA INC   
36_LEWES_3834,36,3834,Skyy Vodka,750mL,1,11.99,11.99,2024-07-15,750.0,1,0.79,11567,CAMPARI AMERICA            
1_HARDERSFIELD_1231,1,1231,Jack Daniels No 7 Black,375mL,1,12.99,12.99,2024-08-11,375.0,1,0.39,1128,BROWN-FORMAN CORP          
64_CESTERFIELD_2226,64,2226,Jim Beam Devils Cut,1.75L,1,36.99,36.99,2024-08-19,1750.0,1,1.84,12546,JIM BEAM BRANDS COMPANY    
36_LEWES_3684,36,3684,Fleischmanns Royal Vodka,1.75L,4,39.96,9.99,2024-12-27,1750.0,1,7.35,660,SAZERAC NORTH AMERICA INC. 
37_PAETHSMOUTH_5491,37,5491,Rumpleminze,50mL,1,1.99,1.99,2024-03-18,50.0,1,0.05,3960,DIAGEO NORTH AMERICA INC   
5_SUTTON_27042,5,27042,Luna di Luna Chard/Pnt Grigo,750mL,1,9.99,9.99,2024-08-10,750.0,2,0.11,9552,M S WALKER INC             
20_BREDWARDINE_3038,20,3038,Zhenka Raspberry Vodka,1.75L,2,21.98,10.99,2024-01-30,1750.0,1,3.67,9552,M S WALKER INC             
56_BEGGAR'S HOLE_34904,56,34904,Smoking Loon Chard,750mL,12,95.88,7.99,2024-02-12,750.0,2,1.35,9552,M S WALKER INC             
66_EANVERNESS_2173,66,2173,Canadian Club Rye,750mL,1,17.99,17.99,2024-08-20,750.0,1,0.79,12546,JIM BEAM BRANDS COMPANY    
61_AETHELNEY_8910,61,8910,Finlandia Vodka,50mL,10,9.9,0.99,2024-12-26,50.0,1,0.52,1128,BROWN-FORMAN CORP          
41_LARNWICK_11828,41,11828,Cupcake Svgn Bl,750mL,3,26.97,8.99,2024-09-24,750.0,2,0.34,9815,WINE GROUP INC             
76_DONCASTER_8498,76,8498,R M Woodbridge Svgn Bl Cal,1.5L,4,35.96,8.99,2024-03-01,1500.0,2,0.9,1392,CONSTELLATION BRANDS INC   
68_SOLARIS_4269,68,4269,Calico Jack Spiced Rum,1.75L,3,38.97,12.99,2024-01-22,1750.0,1,5.51,12546,JIM BEAM BRANDS COMPANY    
74_PAENTMARWY_2122,74,2122,Canadian Club 1858,750mL,1,9.99,9.99,2024-06-25,750.0,1,0.79,12546,JIM BEAM BRANDS COMPANY    
69_MOUNTMEND_36378,69,36378,MezzaCorona Pnt Grigio,1.5L,15,134.85,8.99,2024-08-24,1500.0,2,3.37,9165,ULTRA BEVERAGE COMPANY LLP 
11_CARDEND_4626,11,4626,Meukow VS Cognac,750mL,1,16.99,16.99,2024-05-03,750.0,1,0.79,660,SAZERAC NORTH AMERICA INC. 
66_EANVERNESS_14439,66,14439,Barefoot Sweet Red,750mL,1,4.99,4.99,2024-12-04,750.0,2,0.11,3252,E & J GALLO WINERY         
45_VERITAS_3154,45,3154,New Amsterdam Peach Vodka,750mL,1,9.99,9.99,2024-08-06,750.0,1,0.79,3252,E & J GALLO WINERY         
59_CLAETHORPES_1956,59,1956,Balvenie 12 Yr Doublewood S,750mL,1,57.99,57.99,2024-06-05,750.0,1,0.79,3664,WILLIAM GRANT & SONS INC   
73_DONCASTER_15838,73,15838,Ravines Finger Rsl Lakes,750mL,1,17.99,17.99,2024-08-17,750.0,2,0.11,90047,CRUSH WINES                
14_BROMWICH_7262,14,7262,Gallo Sweet Vermouth,750mL,1,5.49,5.49,2024-06-17,750.0,2,0.11,3252,E & J GALLO WINERY         
8_ALNERWICK_3162,8,3162,Burnett's Peach Vodka,50mL,2,1.98,0.99,2024-12-03,50.0,1,0.1,3924,HEAVEN HILL DISTILLERIES   
11_CARDEND_22297,11,22297,Zorvino Vyds Pearz,750mL,1,9.99,9.99,2024-11-19,750.0,2,0.11,90058,ZORVINO VINEYARDS          
38_GOULCREST_567,38,567,Ketel One Vodka,Liter,1,28.99,28.99,2024-09-09,1000.0,1,1.05,3960,DIAGEO NORTH AMERICA INC   
73_DONCASTER_1389,73,1389,Makers Mark,50mL,2,5.98,2.99,2024-04-03,50.0,1,0.1,12546,JIM BEAM BRANDS COMPANY    
22_SHARNWICK_6650,22,6650,Simi Chard,750mL,1,14.99,14.99,2024-03-03,750.0,2,0.11,1392,CONSTELLATION BRANDS INC   
2_ASHBORNE_40545,2,40545,Whitehaven Svgn Bl Marlboro,750mL,1,14.99,14.99,2024-12-05,750.0,2,0.11,3252,E & J GALLO WINERY         
60_IRRAGIN_5780,60,5780,Malibu Black,750mL,1,13.99,13.99,2024-04-29,750.0,1,0.79,17035,PERNOD RICARD USA          
10_HORNSEY_44145,10,44145,Red Rock Merlot Cal,750mL,6,59.94,9.99,2024-02-11,750.0,2,0.68,3252,E & J GALLO WINERY         
69_MOUNTMEND_3859,69,3859,Smirnoff 80 Proof,375mL,2,17.98,8.99,2024-02-16,375.0,1,0.79,3960,DIAGEO NORTH AMERICA INC   
24_PALPERROTH_1892,24,1892,Yukon Jack,50mL,18,17.82,0.99,2024-02-11,50.0,1,0.94,3960,DIAGEO NORTH AMERICA INC   
55_DRY GULCH_5042,55,5042,Tequila Rose Liqueur,750mL,2,29.98,14.99,2024-02-04,750.0,1,1.57,5992,MCCORMICK DISTILLING CO    
7_STANMORE_19041,7,19041,The Path Cab Svgn,750mL,1,10.99,10.99,2024-10-07,750.0,2,0.11,90047,CRUSH WINES                
60_IRRAGIN_3728,60,3728,Absolut Citron,1.75L,5,124.95,24.99,2024-02-13,1750.0,1,9.19,17035,PERNOD RICARD USA          
9_BLACKPOOL_3500,9,3500,Tito's Handmade Vodka,50mL,3,5.97,1.99,2024-06-13,50.0,1,0.16,4425,MARTIGNETTI COMPANIES
5_SUTTON_19940,5,19940,Bogle Petite Sirah,750mL,1,10.99,10.99,2024-05-10,750.0,2,0.11,4425,MARTIGNETTI COMPANIES
76_DONCASTER_14386,76,14386,Tarima Monastrell Jumilla,750mL,2,17.98,8.99,2024-10-01,750.0,2,0.22,9552,M S WALKER INC             
27_MOUNTMEND_4221,27,4221,Bacardi Gold Rum Traveler,1.75L,1,17.99,17.99,2024-06-16,1750.0,1,1.84,480,BACARDI USA INC            
50_MOUNTMEND_6654,50,6654,Veuve Clicquot Brut Yellow,750mL,1,44.99,44.99,2024-04-21,750.0,2,0.11,8112,MOET HENNESSY USA INC      
67_EANVERNESS_46379,67,46379,Ghost Pine Cab Svgn LMartini,750mL,6,83.94,13.99,2024-10-30,750.0,2,0.68,3252,E & J GALLO WINERY         
7_STANMORE_19636,7,19636,Ch St Jean Chard Sonoma Cst,750mL,2,23.98,11.99,2024-09-19,750.0,2,0.22,9819,TREASURY WINE ESTATES      
32_MOUNTMEND_41751,32,41751,Clos du Bois Pnt Grigio Cal,750mL,1,8.99,8.99,2024-08-10,750.0,2,0.11,1392,CONSTELLATION BRANDS INC   
38_GOULCREST_2753,38,2753,Johnnie Walker Black Label,1.75L,3,209.97,69.99,2024-01-24,1750.0,1,5.51,3960,DIAGEO NORTH AMERICA INC   
66_EANVERNESS_6015,66,6015,Jackson Morgan Salted Carmel,750mL,1,27.99,27.99,2024-09-15,750.0,1,0.79,4425,MARTIGNETTI COMPANIES
60_IRRAGIN_3831,60,3831,Grey Goose L'Orange Vodka,50mL,1,3.99,3.99,2024-12-01,50.0,1,0.05,480,BACARDI USA INC            
55_DRY GULCH_16260,55,16260,The Dreaming Tree Cab Svgn,750mL,2,23.98,11.99,2024-10-20,750.0,2,0.22,1392,CONSTELLATION BRANDS INC   
20_BREDWARDINE_31573,20,31573,Martin/Weyrich Moscato Alleg,750mL,1,9.99,9.99,2024-09-02,750.0,2,0.11,7153,PINE STATE TRADING CO      
33_HORNSEY_2704,33,2704,Serpent's Bite Cider Whiskey,50mL,1,0.99,0.99,2024-03-09,50.0,1,0.05,1392,CONSTELLATION BRANDS INC   
47_PELLA'S WISH_482,47,482,Absolut 80 Proof,Liter,4,87.96,21.99,2024-12-24,1000.0,1,4.2,17035,PERNOD RICARD USA          
50_MOUNTMEND_17865,50,17865,Ch St Jean Pnt Nr,750mL,1,8.95,8.95,2024-05-24,750.0,2,0.11,9819,TREASURY WINE ESTATES      
10_HORNSEY_28260,10,28260,Nathanson Creek Chard,1.5L,2,15.98,7.99,2024-06-14,1500.0,2,0.45,1392,CONSTELLATION BRANDS INC   
56_BEGGAR'S HOLE_1003,56,1003,Crown Royal +2 Reusable Cups,750mL,3,68.97,22.99,2024-12-20,750.0,1,2.36,3960,DIAGEO NORTH AMERICA INC   
74_PAENTMARWY_5877,74,5877,Ryans Irish Cream,50mL,2,1.98,0.99,2024-04-03,50.0,1,0.1,8004,SAZERAC CO INC             
48_NORFOLK_3050,48,3050,Bowman Vodka,1.75L,3,26.97,8.99,2024-11-04,1750.0,1,5.51,8004,SAZERAC CO INC             
61_AETHELNEY_7728,61,7728,Great Western X Dry,750mL,2,19.98,9.99,2024-03-25,750.0,2,0.22,9165,ULTRA BEVERAGE COMPANY LLP 
37_PAETHSMOUTH_79,37,79,Three Olives Loopy Vodka,750mL,1,12.99,12.99,2024-06-24,750.0,1,0.79,7245,PROXIMO SPIRITS INC.       
53_HILLFAR_15293,53,15293,Flip Flop Merlot,750mL,12,95.88,7.99,2024-03-11,750.0,2,1.35,9815,WINE GROUP INC             
34_PITMERDEN_19549,34,19549,Opici White Sangria,3L,2,25.98,12.99,2024-06-22,3000.0,2,0.9,9165,ULTRA BEVERAGE COMPANY LLP 
42_BLACK HOLLOW_1366,42,1366,Red Stag by Jim Beam,50mL,11,14.19,1.29,2024-08-17,50.0,1,0.58,12546,JIM BEAM BRANDS COMPANY    
7_STANMORE_6586,7,6586,Citra Montepulciano,1.5L,1,10.99,10.99,2024-03-29,1500.0,2,0.22,6785,PALM BAY INTERNATIONAL INC 
61_AETHELNEY_22019,61,22019,Mumm Napa Brut Rose,750mL,1,17.99,17.99,2024-02-13,750.0,2,0.11,17035,PERNOD RICARD USA          
38_GOULCREST_3918,38,3918,Cabo Wabo Anejo Tequila,750mL,1,42.99,42.99,2024-05-28,750.0,1,0.79,11567,CAMPARI AMERICA            
73_DONCASTER_5221,73,5221,RumChata Liqueur,375mL,2,22.98,11.49,2024-10-31,375.0,1,0.79,6213,MHW LTD                    
21_BALERNO_3405,21,3405,Tito's Handmade Vodka,1.75L,2,65.98,32.99,2024-03-01,1750.0,1,3.67,4425,MARTIGNETTI COMPANIES
19_WINTERVALE_4149,19,4149,Sailor Jerry Spiced Navy Rum,50mL,1,1.49,1.49,2024-06-04,50.0,1,0.05,3664,WILLIAM GRANT & SONS INC   
9_BLACKPOOL_3315,9,3315,Smirnoff Sorbet Rasp/Pomegra,50mL,1,0.99,0.99,2024-01-31,50.0,1,0.05,3960,DIAGEO NORTH AMERICA INC   
62_KILMARNOCK_4429,62,4429,Capt Morgan Silver Spicd Rum,1.75L,1,22.99,22.99,2024-03-17,1750.0,1,1.84,3960,DIAGEO NORTH AMERICA INC   
59_CLAETHORPES_15232,59,15232,Flowers Pnt Nr Sonoma Coast,750mL,2,89.98,44.99,2024-11-26,750.0,2,0.22,4425,MARTIGNETTI COMPANIES
7_STANMORE_14393,7,14393,Ch Montaud Cotes de Prov Rse,750mL,1,12.99,12.99,2024-04-08,750.0,2,0.11,7153,PINE STATE TRADING CO      
48_NORFOLK_4916,48,4916,Mr Boston Coffee Brandy,1.75L,2,27.98,13.99,2024-09-08,1750.0,1,3.67,660,SAZERAC NORTH AMERICA INC. 
59_CLAETHORPES_8725,59,8725,Chambord Royale de France,375mL,1,15.99,15.99,2024-06-25,375.0,1,0.39,1128,BROWN-FORMAN CORP          
54_GUTHRAM_43223,54,43223,Ch Beauchene Cotes du Rhone,750mL,2,27.98,13.99,2024-07-05,750.0,2,0.22,10754,PERFECTA WINES             
39_EASTHALLOW_19814,39,19814,Rodney Strong Charlottes Svg,750mL,1,12.99,12.99,2024-08-20,750.0,2,0.11,4425,MARTIGNETTI COMPANIES
19_WINTERVALE_14439,19,14439,Barefoot Sweet Red,750mL,1,6.29,6.29,2024-10-22,750.0,2,0.11,3252,E & J GALLO WINERY         
34_PITMERDEN_6586,34,6586,Citra Montepulciano,1.5L,9,98.91,10.99,2024-06-22,1500.0,2,2.02,6785,PALM BAY INTERNATIONAL INC 
64_CESTERFIELD_2120,64,2120,Canadian Club,1.75L,4,63.96,15.99,2024-01-16,1750.0,1,7.35,12546,JIM BEAM BRANDS COMPANY    
8_ALNERWICK_5153,8,5153,Fireball Cinn Whisky Trav,750mL,1,15.99,15.99,2024-06-11,750.0,1,0.79,8004,SAZERAC CO INC             
49_GARIGILL_3549,49,3549,Ketel One Vodka,750mL,2,45.98,22.99,2024-09-08,750.0,1,1.57,3960,DIAGEO NORTH AMERICA INC   
32_MOUNTMEND_5103,32,5103,Fireball Cinnamon Whisky,1.75L,1,24.99,24.99,2024-06-17,1750.0,1,1.84,8004,SAZERAC CO INC             
23_ARBINGTON_1220,23,1220,Woodford Reserve Bourbon,750mL,2,61.98,30.99,2024-06-17,750.0,1,1.57,1128,BROWN-FORMAN CORP          
64_CESTERFIELD_46458,64,46458,Layer Cake Barosa Shiraz,750mL,1,15.99,15.99,2024-11-17,750.0,2,0.11,4425,MARTIGNETTI COMPANIES
61_AETHELNEY_12155,61,12155,Root 1 Carmenere,750mL,9,107.91,11.99,2024-09-08,750.0,2,1.01,7153,PINE STATE TRADING CO      
56_BEGGAR'S HOLE_3310,56,3310,Pinnacle Vodka,375mL,2,11.98,5.99,2024-05-06,375.0,1,0.79,12546,JIM BEAM BRANDS COMPANY    
79_BALLYMENA_3728,79,3728,Absolut Citron,1.75L,1,24.99,24.99,2024-05-18,1750.0,1,1.84,17035,PERNOD RICARD USA          
21_BALERNO_3728,21,3728,Absolut Citron,1.75L,1,24.99,24.99,2024-06-27,1750.0,1,1.84,17035,PERNOD RICARD USA          
18_FURNESS_6983,18,6983,J Lohr Seven Oaks Cab Svgn,750mL,4,55.96,13.99,2024-07-28,750.0,2,0.45,4425,MARTIGNETTI COMPANIES
50_MOUNTMEND_3769,50,3769,Jenkins Vodka,1.75L,3,26.97,8.99,2024-09-07,1750.0,1,5.51,9552,M S WALKER INC             
69_MOUNTMEND_10236,69,10236,Layer Cake Malbec Mendoza,750mL,1,13.95,13.95,2024-08-02,750.0,2,0.11,4425,MARTIGNETTI COMPANIES
58_HARTLEPOOL_3834,58,3834,Skyy Vodka,750mL,2,23.98,11.99,2024-07-19,750.0,1,1.57,11567,CAMPARI AMERICA            
32_MOUNTMEND_38546,32,38546,Mark West Pnt Nr Sonoma,750mL,6,59.94,9.99,2024-03-06,750.0,2,0.68,1392,CONSTELLATION BRANDS INC   
15_WANBORNE_538,15,538,Amaretto DiSaronno,375mL,1,13.99,13.99,2024-04-25,375.0,1,0.39,2555,DISARONNO INTERNATIONAL LLC
11_CARDEND_43873,11,43873,Duckhorn Cab Svgn Napa,750mL,1,67.99,67.99,2024-11-06,750.0,2,0.11,4425,MARTIGNETTI COMPANIES
34_PITMERDEN_15527,34,15527,Roscato Rosso,750mL,10,129.9,12.99,2024-07-02,750.0,2,1.12,6785,PALM BAY INTERNATIONAL INC 
41_LARNWICK_8617,41,8617,Bacardi Black,750mL,2,19.98,9.99,2024-06-11,750.0,1,1.57,480,BACARDI USA INC            
15_WANBORNE_3609,15,3609,Smirnoff Vanilla Vodka,50mL,1,0.99,0.99,2024-09-18,50.0,1,0.05,3960,DIAGEO NORTH AMERICA INC   
79_BALLYMENA_12113,79,12113,Peter Lehmann Layers White,750mL,2,15.98,7.99,2024-05-28,750.0,2,0.22,4425,MARTIGNETTI COMPANIES
76_DONCASTER_3766,76,3766,Three Olives Grape Vodka,750mL,1,12.99,12.99,2024-06-15,750.0,1,0.79,7245,PROXIMO SPIRITS INC.       
42_BLACK HOLLOW_5734,42,5734,Malibu Rum,1.75L,1,21.99,21.99,2024-01-08,1750.0,1,1.84,17035,PERNOD RICARD USA          
40_BULLMAR_4798,40,4798,Sambuca Romana Liqueur,50mL,1,1.99,1.99,2024-08-06,50.0,1,0.05,3960,DIAGEO NORTH AMERICA INC   
7_STANMORE_40545,7,40545,Whitehaven Svgn Bl Marlboro,750mL,3,44.97,14.99,2024-12-26,750.0,2,0.34,3252,E & J GALLO WINERY         
33_HORNSEY_46830,33,46830,Pacific Rim Sweet Rsl,750mL,1,7.95,7.95,2024-02-24,750.0,2,0.11,9165,ULTRA BEVERAGE COMPANY LLP 
10_HORNSEY_3162,10,3162,Burnett's Peach Vodka,50mL,11,10.89,0.99,2024-05-21,50.0,1,0.58,3924,HEAVEN HILL DISTILLERIES   
50_MOUNTMEND_653,50,653,Dom de Canton Ginger Liqueur,750mL,1,34.99,34.99,2024-01-04,750.0,1,0.79,3924,HEAVEN HILL DISTILLERIES   
19_WINTERVALE_4626,19,4626,Meukow VS Cognac,750mL,2,33.98,16.99,2024-06-10,750.0,1,1.57,660,SAZERAC NORTH AMERICA INC. 
39_EASTHALLOW_24805,39,24805,Menage a Trois Silk Soft Red,750mL,1,10.99,10.99,2024-08-21,750.0,2,0.11,8892,TRINCHERO FAMILY ESTATES   
71_CLARCTON_2676,71,2676,Grand MacNish,1.75L,1,17.99,17.99,2024-01-28,1750.0,1,1.84,9552,M S WALKER INC             
2_ASHBORNE_5445,2,5445,Jagermeister Liqueur,750mL,1,14.99,14.99,2024-12-19,750.0,1,0.79,3089,SIDNEY FRANK IMPORTING CO  
4_EANVERNESS_62,4,62,Herradura Silver Tequila,750mL,1,36.99,36.99,2024-12-24,750.0,1,0.79,1128,BROWN-FORMAN CORP          
9_BLACKPOOL_3997,9,3997,Hornitos Plata Tequila,750mL,1,20.99,20.99,2024-07-29,750.0,1,0.79,12546,JIM BEAM BRANDS COMPANY    
74_PAENTMARWY_14008,74,14008,Cigar Box Malbec Mendoza,750mL,1,10.99,10.99,2024-09-20,750.0,2,0.11,9552,M S WALKER INC             
19_WINTERVALE_6226,19,6226,Marcus James Chard,1.5L,2,15.98,7.99,2024-10-01,1500.0,2,0.45,1392,CONSTELLATION BRANDS INC   
63_SWORDBREAK_5191,63,5191,Fireball Cinnamon Whiskey,375mL,2,19.98,9.99,2024-07-22,375.0,1,0.79,8004,SAZERAC CO INC             
76_DONCASTER_3650,76,3650,Patron Silver Tequila,750mL,24,1127.76,46.99,2024-08-05,750.0,1,18.9,9165,ULTRA BEVERAGE COMPANY LLP 
41_LARNWICK_8451,41,8451,Cruzan Aged Dark Rum,1.75L,1,16.99,16.99,2024-05-15,1750.0,1,1.84,12546,JIM BEAM BRANDS COMPANY    
20_BREDWARDINE_1883,20,1883,Seagrams 7 Crown,1.75L,1,17.99,17.99,2024-04-25,1750.0,1,1.84,3960,DIAGEO NORTH AMERICA INC   
76_DONCASTER_5137,76,5137,Irish Manor Irish Cream,750mL,1,8.99,8.99,2024-01-13,750.0,1,0.79,4380,CHARLES JACQUIN ET CIE INC 
28_LARNWICK_6567,28,6567,Clos du Bois Merlot N Cst,750mL,1,8.99,8.99,2024-07-19,750.0,2,0.11,1392,CONSTELLATION BRANDS INC   
10_HORNSEY_44494,10,44494,Smoking Loon Pnt Grigio Cal,750mL,1,7.99,7.99,2024-09-21,750.0,2,0.11,9552,M S WALKER INC             
1_HARDERSFIELD_3462,1,3462,Absolut Ruby Red,750mL,1,17.99,17.99,2024-02-04,750.0,1,0.79,17035,PERNOD RICARD USA          
17_OLDHAM_3768,17,3768,Jenkins Vodka,750mL,1,4.99,4.99,2024-10-14,750.0,1,0.79,9552,M S WALKER INC             
23_ARBINGTON_4303,23,4303,Calico Jack Spiced Rum,750mL,1,7.99,7.99,2024-11-26,750.0,1,0.79,12546,JIM BEAM BRANDS COMPANY    
55_DRY GULCH_4734,55,4734,Capt Morgan Cannon Blast,750mL,4,59.96,14.99,2024-07-29,750.0,1,3.15,3960,DIAGEO NORTH AMERICA INC   
38_GOULCREST_3579,38,3579,Ciroc Pineapple Vodka,375mL,2,23.98,11.99,2024-06-08,375.0,1,0.79,3960,DIAGEO NORTH AMERICA INC   
44_PORTHCRAWL_10266,44,10266,Klinker Brick Old Vine Znfdl,750mL,3,47.97,15.99,2024-07-31,750.0,2,0.34,9552,M S WALKER INC             
69_MOUNTMEND_5111,69,5111,Dr McGillicuddy's Mentholmnt,50mL,27,26.73,0.99,2024-10-02,50.0,1,1.42,8004,SAZERAC CO INC             
34_PITMERDEN_8474,34,8474,1800 Reposado Gold Tequila,1.75L,1,32.99,32.99,2024-08-26,1750.0,1,1.84,7245,PROXIMO SPIRITS INC.       
35_HALIVAARA_5142,35,5142,Carolans Irish Cream,1.75L,1,22.99,22.99,2024-10-12,1750.0,1,1.84,11567,CAMPARI AMERICA            
57_LANTEGLOS_34133,57,34133,Turning Leaf RSV Cab Svgn,1.5L,1,9.99,9.99,2024-02-12,1500.0,2,0.22,3252,E & J GALLO WINERY         
21_BALERNO_15424,21,15424,Santa Ema Cab Svgn Rsv,750mL,3,50.97,16.99,2024-11-12,750.0,2,0.34,4425,MARTIGNETTI COMPANIES
12_LEESIDE_8258,12,8258,Campari,750mL,1,29.99,29.99,2024-07-03,750.0,1,0.79,11567,CAMPARI AMERICA            
44_PORTHCRAWL_43434,44,43434,Phillips Earthquake Cab Svgn,750mL,1,24.99,24.99,2024-10-27,750.0,2,0.11,4425,MARTIGNETTI COMPANIES
55_DRY GULCH_19357,55,19357,Kendall Jackson Vntnr Rsv Ch,375mL,1,5.99,5.99,2024-07-02,375.0,2,0.06,10000,MAJESTIC FINE WINES        
21_BALERNO_45822,21,45822,Masciarelli Montepulciano,750mL,3,29.97,9.99,2024-07-14,750.0,2,0.34,10754,PERFECTA WINES             
32_MOUNTMEND_8118,32,8118,Mr Boston Blackberry Brandy,750mL,1,5.99,5.99,2024-09-24,750.0,1,0.79,660,SAZERAC NORTH AMERICA INC. 
42_BLACK HOLLOW_6682,42,6682,R M Woodbridge Chard Cal,1.5L,4,39.96,9.99,2024-06-19,1500.0,2,0.9,1392,CONSTELLATION BRANDS INC   
61_AETHELNEY_7302,61,7302,Marques de Caceres Rioja Re,750mL,1,12.99,12.99,2024-01-29,750.0,2,0.11,1587,VINEYARD BRANDS INC        
41_LARNWICK_857,41,857,Kahlua,Liter,1,22.99,22.99,2024-11-17,1000.0,1,1.05,17035,PERNOD RICARD USA          
69_MOUNTMEND_8298,69,8298,Skinnygirl Grapefruit Marg,750mL,1,12.99,12.99,2024-03-12,750.0,1,0.79,12546,JIM BEAM BRANDS COMPANY    
74_PAENTMARWY_3314,74,3314,El Jimador Blanco Tequila,1.75L,1,25.99,25.99,2024-11-13,1750.0,1,1.84,1128,BROWN-FORMAN CORP          
57_LANTEGLOS_3326,57,3326,Jenkins Gin,1.75L,1,9.49,9.49,2024-12-21,1750.0,1,1.84,9552,M S WALKER INC             
54_GUTHRAM_3593,54,3593,Smirnoff Blue 100 Proof Trav,1.75L,2,53.98,26.99,2024-04-27,1750.0,1,3.67,3960,DIAGEO NORTH AMERICA INC   
7_STANMORE_5230,7,5230,Bacardi Party Drinks Bahama,1.75L,1,12.99,12.99,2024-08-11,1750.0,1,1.84,480,BACARDI USA INC            
77_TAMWORTH_2834,77,2834,Old Smuggler P E T,1.75L,2,33.98,16.99,2024-06-18,1750.0,1,3.67,8320,SHAW ROSS INT L IMP LTD    
69_MOUNTMEND_5356,69,5356,Kahlua,375mL,2,19.98,9.99,2024-02-10,375.0,1,0.79,17035,PERNOD RICARD USA          
28_LARNWICK_6896,28,6896,Sterling Merlot,750mL,1,17.99,17.99,2024-08-23,750.0,2,0.11,1590,DIAGEO CHATEAU ESTATE WINES
46_TYWARDREATH_1746,46,1746,Tomatin 12 Yr Old Scotch,750mL,1,26.99,26.99,2024-02-22,750.0,1,0.79,9206,PHILLIPS PRODUCTS CO.      
13_TARMSWORTH_4246,13,4246,Bacardi Superior Rum,375mL,2,10.98,5.49,2024-01-03,375.0,1,0.79,480,BACARDI USA INC            
68_SOLARIS_35442,68,35442,Borsao Tres Picos Garnacha,750mL,1,14.99,14.99,2024-12-08,750.0,2,0.11,9552,M S WALKER INC             
67_EANVERNESS_3746,67,3746,Gordons Vodka 80 Proof,1.75L,2,25.98,12.99,2024-02-02,1750.0,1,3.67,3960,DIAGEO NORTH AMERICA INC   
37_PAETHSMOUTH_15527,37,15527,Roscato Rosso,750mL,1,12.99,12.99,2024-03-09,750.0,2,0.11,6785,PALM BAY INTERNATIONAL INC 
78_EASTHAVEN_4179,78,4179,Bacardi Dragon Berry Rum,1.75L,1,23.99,23.99,2024-02-06,1750.0,1,1.84,480,BACARDI USA INC            
55_DRY GULCH_5096,55,5096,DeKuyper Peachtree Schnapps,750mL,5,49.95,9.99,2024-05-19,750.0,1,3.94,12546,JIM BEAM BRANDS COMPANY    
60_IRRAGIN_1883,60,1883,Seagrams 7 Crown,1.75L,2,35.98,17.99,2024-06-28,1750.0,1,3.67,3960,DIAGEO NORTH AMERICA INC   
38_GOULCREST_6599,38,6599,Estancia Cab Svgn Paso Roble,750mL,12,167.88,13.99,2024-09-30,750.0,2,1.35,1392,CONSTELLATION BRANDS INC   
66_EANVERNESS_3161,66,3161,New Amsterdam Red Berry,750mL,2,19.98,9.99,2024-06-30,750.0,1,1.57,3252,E & J GALLO WINERY         
34_PITMERDEN_16968,34,16968,Trentadue Znfdl Alex Vly,750mL,1,16.99,16.99,2024-09-24,750.0,2,0.11,10754,PERFECTA WINES             
68_SOLARIS_6479,68,6479,Clos du Bois Chard,750mL,2,19.98,9.99,2024-01-25,750.0,2,0.22,1392,CONSTELLATION BRANDS INC   
45_VERITAS_3776,45,3776,Jose Cuervo Especial Silver,1.75L,1,25.99,25.99,2024-09-23,1750.0,1,1.84,7245,PROXIMO SPIRITS INC.       
10_HORNSEY_8440,10,8440,Bailey's Espresso Creme,750mL,1,21.99,21.99,2024-04-29,750.0,1,0.79,3960,DIAGEO NORTH AMERICA INC   
22_SHARNWICK_35412,22,35412,Yellow Tail Chard Ausl,1.5L,2,17.9,8.95,2024-12-09,1500.0,2,0.45,4425,MARTIGNETTI COMPANIES
22_SHARNWICK_8379,22,8379,Wild Turkey 101,375mL,1,11.99,11.99,2024-05-09,375.0,1,0.39,11567,CAMPARI AMERICA            
58_HARTLEPOOL_13458,58,13458,Ch Ste Michelle Harvest Rsl,750mL,2,15.9,7.95,2024-11-05,750.0,2,0.22,8673,STE MICHELLE WINE ESTATES  
35_HALIVAARA_33149,35,33149,Alamos Ridge Malbec Mendoza,750mL,1,8.99,8.99,2024-08-11,750.0,2,0.11,3252,E & J GALLO WINERY         
59_CLAETHORPES_2543,59,2543,Darnley's View Gin,750mL,1,23.99,23.99,2024-02-16,750.0,1,0.79,6785,PALM BAY INTERNATIONAL INC 
27_MOUNTMEND_7715,27,7715,Andre Extra Dry,750mL,1,5.99,5.99,2024-06-12,750.0,2,0.11,3252,E & J GALLO WINERY         
74_PAENTMARWY_513,74,513,Ocean Vodka,750mL,1,28.99,28.99,2024-10-03,750.0,1,0.79,9165,ULTRA BEVERAGE COMPANY LLP 
36_LEWES_3625,36,3625,Absolut 80 Proof,750mL,3,50.97,16.99,2024-05-14,750.0,1,2.36,17035,PERNOD RICARD USA          
76_DONCASTER_8135,76,8135,Choco Lat Liqueur,750mL,1,10.99,10.99,2024-08-08,750.0,1,0.79,9552,M S WALKER INC             
10_HORNSEY_3960,10,3960,Tortilla Gold Tequila Liquer,1.75L,1,11.99,11.99,2024-11-19,1750.0,1,1.84,8004,SAZERAC CO INC             
24_PALPERROTH_13661,24,13661,Duckhorn Decoy Pnt Nr,750mL,2,33.9,16.95,2024-01-02,750.0,2,0.22,4425,MARTIGNETTI COMPANIES
32_MOUNTMEND_3802,32,3802,Three Olives Vodka,1.75L,3,53.97,17.99,2024-01-04,1750.0,1,5.51,7245,PROXIMO SPIRITS INC.       
10_HORNSEY_40053,10,40053,Campo Viejo Tempranillo,750mL,2,21.98,10.99,2024-11-29,750.0,2,0.22,17035,PERNOD RICARD USA          
31_HORNSEY_3960,31,3960,Tortilla Gold Tequila Liquer,1.75L,2,23.98,11.99,2024-07-01,1750.0,1,3.67,8004,SAZERAC CO INC             
50_MOUNTMEND_6654,50,6654,Veuve Clicquot Brut Yellow,750mL,2,91.98,45.99,2024-09-15,750.0,2,0.22,8112,MOET HENNESSY USA INC      
22_SHARNWICK_35471,22,35471,R M Woodbridge Pnt Grigio,750mL,14,69.3,4.95,2024-09-24,750.0,2,1.57,1392,CONSTELLATION BRANDS INC   
56_BEGGAR'S HOLE_36378,56,36378,MezzaCorona Pnt Grigio,1.5L,8,75.92,9.49,2024-07-11,1500.0,2,1.8,9165,ULTRA BEVERAGE COMPANY LLP 
28_LARNWICK_28147,28,28147,Kris Pnt Grigio Alto Adige,750mL,1,10.99,10.99,2024-08-28,750.0,2,0.11,2000,SOUTHERN WINE & SPIRITS NE 
76_DONCASTER_16891,76,16891,The Seeker Svgn Bl,750mL,3,35.97,11.99,2024-09-02,750.0,2,0.34,4692,KOBRAND CORPORATION        
27_MOUNTMEND_32652,27,32652,Beringer Classic Wh Merlot,750mL,2,11.98,5.99,2024-09-17,750.0,2,0.22,9819,TREASURY WINE ESTATES      
33_HORNSEY_2156,33,2156,(RI) 1,750mL,1,34.99,34.99,2024-05-08,750.0,1,0.79,12546,JIM BEAM BRANDS COMPANY    
25_CAERSHIRE_5872,25,5872,Godiva Chocolate Liqueur,50mL,1,2.99,2.99,2024-02-01,50.0,1,0.05,3960,DIAGEO NORTH AMERICA INC   
30_CULCHETH_1239,30,1239,Booker's Bourbon,750mL,1,50.99,50.99,2024-03-13,750.0,1,0.79,12546,JIM BEAM BRANDS COMPANY    
41_LARNWICK_934,41,934,Tanteo Jalapeno Tequila,750mL,1,35.99,35.99,2024-09-24,750.0,1,0.79,9165,ULTRA BEVERAGE COMPANY LLP 
37_PAETHSMOUTH_4181,37,4181,Calypso Spiced Rum,1.75L,1,11.99,11.99,2024-06-02,1750.0,1,1.84,660,SAZERAC NORTH AMERICA INC. 
74_PAENTMARWY_8590,74,8590,Arrow Peppermint Schnapps,750mL,2,15.98,7.99,2024-10-09,750.0,1,1.57,8352,LUXCO INC                  
30_CULCHETH_14393,30,14393,Ch Montaud Cotes de Prov Rse,750mL,15,149.85,9.99,2024-08-13,750.0,2,1.69,7153,PINE STATE TRADING CO      
41_LARNWICK_35048,41,35048,Castell Del Remei Gotim Bru,750mL,1,13.99,13.99,2024-06-29,750.0,2,0.11,9552,M S WALKER INC             
69_MOUNTMEND_47014,69,47014,Juan Gil Jumilla Rd,750mL,1,13.99,13.99,2024-12-13,750.0,2,0.11,9552,M S WALKER INC             
9_BLACKPOOL_3354,9,3354,Ketel One Vodka,375mL,1,14.99,14.99,2024-12-15,375.0,1,0.39,3960,DIAGEO NORTH AMERICA INC   
49_GARIGILL_13968,49,13968,Spellbound Chard,750mL,1,13.99,13.99,2024-09-27,750.0,2,0.11,9165,ULTRA BEVERAGE COMPANY LLP 
73_DONCASTER_1238,73,1238,The Glenlivet 12 Yr Single,50mL,1,4.99,4.99,2024-11-06,50.0,1,0.05,17035,PERNOD RICARD USA          
74_PAENTMARWY_32619,74,32619,Schmitt Sohne Blue Rsl,1.5L,2,37.98,18.99,2024-09-08,1500.0,2,0.45,9552,M S WALKER INC             
30_CULCHETH_4066,30,4066,Bacardi Oakheart Spiced Rum,1.75L,1,18.99,18.99,2024-01-08,1750.0,1,1.84,480,BACARDI USA INC            
51_ABERDEEN_32108,51,32108,Erath Pnt Nr Oregon,750mL,2,37.98,18.99,2024-05-07,750.0,2,0.22,8673,STE MICHELLE WINE ESTATES  
34_PITMERDEN_8670,34,8670,Arrow Coffee Brandy,1.75L,4,61.96,15.49,2024-03-13,1750.0,1,7.35,8352,LUXCO INC                  
2_ASHBORNE_1737,2,1737,Makers Mark,1.75L,3,158.97,52.99,2024-02-27,1750.0,1,5.51,12546,JIM BEAM BRANDS COMPANY    
9_BLACKPOOL_42350,9,42350,Black Box Shiraz Cntrl Coast,3L,1,15.99,15.99,2024-06-03,3000.0,2,0.45,1392,CONSTELLATION BRANDS INC   
39_EASTHALLOW_16159,39,16159,Gnarly Head Authentic Red,750mL,2,19.98,9.99,2024-06-04,750.0,2,0.22,2242,DELICATO VINEYARDS INC     
21_BALERNO_11932,21,11932,Castello Banfi Belnero Prop,750mL,3,86.97,28.99,2024-07-07,750.0,2,0.34,516,BANFI PRODUCTS CORP        
76_DONCASTER_7371,76,7371,Placido Sangiovese Primever,1.5L,1,12.99,12.99,2024-10-13,1500.0,2,0.22,516,BANFI PRODUCTS CORP        
49_GARIGILL_19847,49,19847,Nanna's Short Cake Znfdl,750mL,1,14.99,14.99,2024-11-23,750.0,2,0.11,10754,PERFECTA WINES             
29_AYLESBURY_27350,29,27350,Almaden Cab Svgn Cal B/B,5L,1,15.99,15.99,2024-06-26,5000.0,2,0.75,9815,WINE GROUP INC             
29_AYLESBURY_3452,29,3452,Vanya Light Vodka,1.75L,3,21.87,7.29,2024-06-02,1750.0,1,5.51,9552,M S WALKER INC             
61_AETHELNEY_31456,61,31456,Foxhorn SE Merlot Australia,1.5L,1,8.99,8.99,2024-07-17,1500.0,2,0.22,9815,WINE GROUP INC             
17_OLDHAM_3456,17,3456,Tanqueray Sterling Vodka,1.75L,1,17.99,17.99,2024-08-08,1750.0,1,1.84,3960,DIAGEO NORTH AMERICA INC   
38_GOULCREST_26092,38,26092,Blackstone Merlot Cal,750mL,2,15.98,7.99,2024-04-25,750.0,2,0.22,1392,CONSTELLATION BRANDS INC   
64_CESTERFIELD_27010,64,27010,J Moreau & Fils Chablis,750mL,1,23.99,23.99,2024-12-10,750.0,2,0.11,10754,PERFECTA WINES             
49_GARIGILL_4679,49,4679,Courvoisier VS Cognac,375mL,1,11.99,11.99,2024-01-20,375.0,1,0.39,12546,JIM BEAM BRANDS COMPANY    
74_PAENTMARWY_36770,74,36770,Yellow Tail Cab Svgn Ausl,1.5L,4,35.8,8.95,2024-08-04,1500.0,2,0.9,4425,MARTIGNETTI COMPANIES
39_EASTHALLOW_17175,39,17175,Beringer Classic Cab Svgn,1.5L,6,65.94,10.99,2024-08-19,1500.0,2,1.35,9819,TREASURY WINE ESTATES      
41_LARNWICK_2808,41,2808,Uisce Beatha Irish Whisky,750mL,1,29.99,29.99,2024-10-17,750.0,1,0.79,5455,MARSALLE COMPANY           
73_DONCASTER_5747,73,5747,Malibu Pineapple Rum,750mL,1,12.99,12.99,2024-10-22,750.0,1,0.79,17035,PERNOD RICARD USA          
60_IRRAGIN_7982,60,7982,M & R Sweet Vermouth,750mL,2,14.98,7.49,2024-06-20,750.0,1,1.57,480,BACARDI USA INC            
76_DONCASTER_12368,76,12368,Vina Zaco Tempranillo Rioja,750mL,1,11.99,11.99,2024-09-30,750.0,2,0.11,9165,ULTRA BEVERAGE COMPANY LLP 
9_BLACKPOOL_1378,9,1378,Jim Beam,375mL,2,18.98,9.49,2024-07-04,375.0,1,0.79,12546,JIM BEAM BRANDS COMPANY    
73_DONCASTER_44921,73,44921,Quinta do Crasto Douro Rd,750mL,1,14.99,14.99,2024-01-17,750.0,2,0.11,90024,VINILANDIA USA             
71_CLARCTON_3072,71,3072,Ciroc Peach Vodka,750mL,1,24.99,24.99,2024-12-09,750.0,1,0.79,3960,DIAGEO NORTH AMERICA INC   
17_OLDHAM_42462,17,42462,Gnarly Head Old Vine Znfdl,750mL,1,9.99,9.99,2024-04-07,750.0,2,0.11,2242,DELICATO VINEYARDS INC     
73_DONCASTER_36154,73,36154,Frogs Leap Znfdl Napa,750mL,1,30.99,30.99,2024-11-22,750.0,2,0.11,4425,MARTIGNETTI COMPANIES
15_WANBORNE_44084,15,44084,Wente Riverbank Rsl Monterey,750mL,1,12.99,12.99,2024-06-18,750.0,2,0.11,2000,SOUTHERN WINE & SPIRITS NE 
38_GOULCREST_12203,38,12203,Cavit Prosecco Lunetta,187mL 3 Pk,2,19.98,9.99,2024-12-18,187.0,2,0.06,6785,PALM BAY INTERNATIONAL INC 
15_WANBORNE_37313,15,37313,Salmon Run NY Rsl,750mL,3,35.97,11.99,2024-11-19,750.0,2,0.34,10754,PERFECTA WINES             
68_SOLARIS_3959,68,3959,Hornitos Black Barrel,750mL,1,26.99,26.99,2024-08-03,750.0,1,0.79,12546,JIM BEAM BRANDS COMPANY    
59_CLAETHORPES_26356,59,26356,Le Val Grenache Rose,750mL,1,10.99,10.99,2024-08-09,750.0,2,0.11,10754,PERFECTA WINES             
35_HALIVAARA_6682,35,6682,R M Woodbridge Chard Cal,1.5L,8,79.92,9.99,2024-04-25,1500.0,2,1.8,1392,CONSTELLATION BRANDS INC   
14_BROMWICH_8066,14,8066,DeKuyper Triple Sec,1.75L,7,69.93,9.99,2024-10-12,1750.0,1,12.86,12546,JIM BEAM BRANDS COMPANY    
7_STANMORE_3896,7,3896,Zhenka Vodka,375mL,1,3.29,3.29,2024-10-31,375.0,1,0.39,9552,M S WALKER INC             
31_HORNSEY_1389,31,1389,Makers Mark,50mL,2,5.98,2.99,2024-09-24,50.0,1,0.1,12546,JIM BEAM BRANDS COMPANY    
2_ASHBORNE_1233,2,1233,Jack Daniels No 7 Black,1.75L,20,719.8,35.99,2024-02-06,1750.0,1,36.75,1128,BROWN-FORMAN CORP          
56_BEGGAR'S HOLE_5165,56,5165,Hpnotiq Liqueur,750mL,4,79.96,19.99,2024-06-22,750.0,1,3.15,3924,HEAVEN HILL DISTILLERIES   
15_WANBORNE_10239,15,10239,Cannonball Cab Svgn Cal,750mL,1,14.99,14.99,2024-08-01,750.0,2,0.11,4425,MARTIGNETTI COMPANIES
41_LARNWICK_8200,41,8200,Chambord Liqueur de France,50mL,1,2.99,2.99,2024-08-26,50.0,1,0.05,1128,BROWN-FORMAN CORP          
41_LARNWICK_6983,41,6983,J Lohr Seven Oaks Cab Svgn,750mL,1,15.99,15.99,2024-11-07,750.0,2,0.11,4425,MARTIGNETTI COMPANIES
77_TAMWORTH_8370,77,8370,Chi Chi's Margarita,1.75L,1,10.99,10.99,2024-11-17,1750.0,1,1.84,660,SAZERAC NORTH AMERICA INC. 
78_EASTHAVEN_3887,78,3887,Wolfschmidt Vodka 80 Proof,1.75L,2,25.98,12.99,2024-01-16,1750.0,1,3.67,8352,LUXCO INC                  
54_GUTHRAM_29835,54,29835,Casal Garcia Vinho Verde Wh,750mL,2,15.98,7.99,2024-09-19,750.0,2,0.22,4425,MARTIGNETTI COMPANIES
10_HORNSEY_8512,10,8512,Baileys Irish Cream,750mL,2,43.98,21.99,2024-09-10,750.0,1,1.57,3960,DIAGEO NORTH AMERICA INC   
67_EANVERNESS_23712,67,23712,Bell'Agio Chianti Flask,750mL,1,11.99,11.99,2024-10-16,750.0,2,0.11,516,BANFI PRODUCTS CORP        
6_GOULCREST_37433,6,37433,C Y Toro Casillero Carmenere,750mL,1,9.49,9.49,2024-07-14,750.0,2,0.11,516,BANFI PRODUCTS CORP        
32_MOUNTMEND_1244,32,1244,Jack Daniels Winter Jack,750mL,3,47.97,15.99,2024-12-15,750.0,1,2.36,1128,BROWN-FORMAN CORP          
52_GRAYCOTT_5735,52,5735,Malibu Rum,750mL,1,12.99,12.99,2024-03-10,750.0,1,0.79,17035,PERNOD RICARD USA          
73_DONCASTER_35862,73,35862,Allegrini Palazzo Della Tor,750mL,1,18.99,18.99,2024-05-19,750.0,2,0.11,3252,E & J GALLO WINERY         
11_CARDEND_37840,11,37840,Los Cardos Malbec Mendoza,750mL,4,31.96,7.99,2024-06-10,750.0,2,0.45,8892,TRINCHERO FAMILY ESTATES   
74_PAENTMARWY_5776,74,5776,Malibu Black,1.75L,1,21.99,21.99,2024-05-28,1750.0,1,1.84,17035,PERNOD RICARD USA          
50_MOUNTMEND_2665,50,2665,Dewars White Label,750mL,1,19.99,19.99,2024-03-12,750.0,1,0.79,480,BACARDI USA INC            
34_PITMERDEN_3390,34,3390,Cold River Blueberry Vodka,750mL,1,29.99,29.99,2024-08-25,750.0,1,0.79,4425,MARTIGNETTI COMPANIES
13_TARMSWORTH_8023,13,8023,DeKuyper Triple Sec,750mL,2,8.98,4.49,2024-04-17,750.0,1,1.57,12546,JIM BEAM BRANDS COMPANY    
79_BALLYMENA_3231,79,3231,Pinnacle Tropical Punch Vdka,750mL,1,10.99,10.99,2024-12-16,750.0,1,0.79,12546,JIM BEAM BRANDS COMPANY    
76_DONCASTER_40098,76,40098,Black Box Merlot Cal,3L,2,37.98,18.99,2024-04-30,3000.0,2,0.9,1392,CONSTELLATION BRANDS INC   
42_BLACK HOLLOW_1178,42,1178,Evan Williams Black Label B,750mL,1,11.49,11.49,2024-07-15,750.0,1,0.79,3924,HEAVEN HILL DISTILLERIES   
15_WANBORNE_3663,15,3663,Tarantula Azul Tequila,750mL,1,13.99,13.99,2024-12-18,750.0,1,0.79,5992,MCCORMICK DISTILLING CO    
9_BLACKPOOL_32906,9,32906,Sterling Vintners Cab Svgn C,750mL,1,9.99,9.99,2024-12-02,750.0,2,0.11,1590,DIAGEO CHATEAU ESTATE WINES
76_DONCASTER_41062,76,41062,Martin Ray Cab Svgn Napa,750mL,2,35.98,17.99,2024-06-03,750.0,2,0.22,9552,M S WALKER INC             
7_STANMORE_4939,7,4939,Kapali Coffee,1.75L,1,15.99,15.99,2024-08-02,1750.0,1,1.84,8004,SAZERAC CO INC             
69_MOUNTMEND_3882,69,3882,Smirnoff Strawberry Vodka,750mL,2,21.98,10.99,2024-05-21,750.0,1,1.57,3960,DIAGEO NORTH AMERICA INC   
41_LARNWICK_3347,41,3347,Milagro Silver Tequila,1.75L,3,119.97,39.99,2024-09-02,1750.0,1,5.51,3664,WILLIAM GRANT & SONS INC   
56_BEGGAR'S HOLE_2615,56,2615,Chivas Regal,50mL,2,6.98,3.49,2024-09-08,50.0,1,0.1,17035,PERNOD RICARD USA          
39_EASTHALLOW_5696,39,5696,Midori Melon Liqueur,375mL,1,10.99,10.99,2024-07-16,375.0,1,0.39,12546,JIM BEAM BRANDS COMPANY    
64_CESTERFIELD_8441,64,8441,Baileys Irish Cream,375mL,1,12.49,12.49,2024-04-06,375.0,1,0.39,3960,DIAGEO NORTH AMERICA INC   
1_HARDERSFIELD_10421,1,10421,Barefoot Moscato Cal,1.5L,2,23.98,11.99,2024-03-07,1500.0,2,0.45,3252,E & J GALLO WINERY         
67_EANVERNESS_5191,67,5191,Fireball Cinnamon Whiskey,375mL,3,29.97,9.99,2024-07-17,375.0,1,1.18,8004,SAZERAC CO INC             
38_GOULCREST_25269,38,25269,R Mondavi Cab Svgn Pvt Sel,750mL,2,15.98,7.99,2024-09-04,750.0,2,0.22,1392,CONSTELLATION BRANDS INC   
21_BALERNO_3436,21,3436,Bombay Dry Gin,1.75L,1,24.99,24.99,2024-08-23,1750.0,1,1.84,480,BACARDI USA INC            
51_ABERDEEN_3502,51,3502,Pinnacle Vodka,750mL,1,10.99,10.99,2024-07-13,750.0,1,0.79,12546,JIM BEAM BRANDS COMPANY    
37_PAETHSMOUTH_36558,37,36558,Cruz Garcia Real Sangria Re,1.5L,1,9.99,9.99,2024-12-24,1500.0,2,0.22,8320,SHAW ROSS INT L IMP LTD    
67_EANVERNESS_46934,67,46934,Silver Palm Nth Cst Cab Svgn,750mL,3,44.97,14.99,2024-11-21,750.0,2,0.34,9552,M S WALKER INC             
65_LUTON_6234,65,6234,C Y Toro Front Cab/Merlot,1.5L,3,32.97,10.99,2024-06-16,1500.0,2,0.68,516,BANFI PRODUCTS CORP        
34_PITMERDEN_18232,34,18232,Shatter Grenache VdP Catalan,750mL,1,19.99,19.99,2024-02-06,750.0,2,0.11,8892,TRINCHERO FAMILY ESTATES   
32_MOUNTMEND_2704,32,2704,Serpent's Bite Cider Whiskey,50mL,3,2.97,0.99,2024-05-19,50.0,1,0.16,1392,CONSTELLATION BRANDS INC   
32_MOUNTMEND_966,32,966,Patron Citronge Orange Liqu,750mL,2,41.98,20.99,2024-03-12,750.0,1,1.57,9165,ULTRA BEVERAGE COMPANY LLP 
66_EANVERNESS_45770,66,45770,Bonterra Mendocino Org Znfdl,750mL,1,13.99,13.99,2024-07-25,750.0,2,0.11,9165,ULTRA BEVERAGE COMPANY LLP 
69_MOUNTMEND_8351,69,8351,Arrow Kirsch,750mL,1,10.99,10.99,2024-01-01,750.0,1,0.79,8352,LUXCO INC                  
67_EANVERNESS_3396,67,3396,Smirnoff Vanilla Vodka,1.75L,4,79.96,19.99,2024-06-12,1750.0,1,7.35,3960,DIAGEO NORTH AMERICA INC   
19_WINTERVALE_1323,19,1323,Early Times,1.75L,1,19.99,19.99,2024-04-30,1750.0,1,1.84,1128,BROWN-FORMAN CORP          
76_DONCASTER_3798,76,3798,Ciroc Apple Vodka,750mL,1,24.99,24.99,2024-04-12,750.0,1,0.79,3960,DIAGEO NORTH AMERICA INC   
48_NORFOLK_4062,48,4062,Goslings Dark'N Stormy RTD,250mL 4 Pk,1,7.99,7.99,2024-08-20,250.0,1,0.26,1485,CASTLE BRANDS CORP.        
66_EANVERNESS_31915,66,31915,F Coppola Diamond Chard,750mL,3,35.97,11.99,2024-03-24,750.0,2,0.34,2000,SOUTHERN WINE & SPIRITS NE 
15_WANBORNE_8189,15,8189,Camarena Silver Tequila,1.75L,1,31.99,31.99,2024-02-06,1750.0,1,1.84,3252,E & J GALLO WINERY         
27_MOUNTMEND_31458,27,31458,Foxhorn Wh Znfdl Cal,1.5L,1,7.99,7.99,2024-02-19,1500.0,2,0.22,9815,WINE GROUP INC             
49_GARIGILL_508,49,508,Bacardi Superior Rum,Liter,4,51.96,12.99,2024-05-29,1000.0,1,4.2,480,BACARDI USA INC            
15_WANBORNE_26428,15,26428,Latour Macon Village Chamery,750mL,2,27.98,13.99,2024-05-27,750.0,2,0.22,9552,M S WALKER INC             
9_BLACKPOOL_12473,9,12473,Ch Beauchene CDR White RSV,750mL,1,11.99,11.99,2024-08-28,750.0,2,0.11,10754,PERFECTA WINES             
67_EANVERNESS_7345,67,7345,M & R Asti,750mL,2,21.98,10.99,2024-11-02,750.0,2,0.22,480,BACARDI USA INC            
15_WANBORNE_8159,15,8159,Jose Cuervo Especial,1.75L,9,242.91,26.99,2024-05-28,1750.0,1,16.54,7245,PROXIMO SPIRITS INC.       
73_DONCASTER_5353,73,5353,Grand Marnier,375mL,1,18.99,18.99,2024-12-13,375.0,1,0.39,8112,MOET HENNESSY USA INC      
79_BALLYMENA_25581,79,25581,BV Coastal Estate Merlot,750mL,1,8.99,8.99,2024-06-29,750.0,2,0.11,1590,DIAGEO CHATEAU ESTATE WINES
79_BALLYMENA_8898,79,8898,Yukon Jack,1.75L,2,51.98,25.99,2024-06-05,1750.0,1,3.67,3960,DIAGEO NORTH AMERICA INC   
76_DONCASTER_15292,76,15292,Flip Flop Chard,750mL,1,5.99,5.99,2024-08-31,750.0,2,0.11,9815,WINE GROUP INC             
25_CAERSHIRE_3437,25,3437,Bombay Dry Gin,750mL,2,35.98,17.99,2024-05-24,750.0,1,1.57,480,BACARDI USA INC            
71_CLARCTON_12747,71,12747,Barefoot Cellars Pnt Nr,750mL,1,4.99,4.99,2024-11-20,750.0,2,0.11,3252,E & J GALLO WINERY         
10_HORNSEY_3045,10,3045,Pinnacle Salted Caramel,750mL,1,10.99,10.99,2024-05-26,750.0,1,0.79,12546,JIM BEAM BRANDS COMPANY    
41_LARNWICK_17945,41,17945,Ch St Jean Soiree Red,750mL,1,12.99,12.99,2024-10-17,750.0,2,0.11,9819,TREASURY WINE ESTATES      
17_OLDHAM_3133,17,3133,Svedka Strwbry Lemonad Vodka,750mL,1,10.99,10.99,2024-07-18,750.0,1,0.79,1392,CONSTELLATION BRANDS INC   
67_EANVERNESS_4252,67,4252,Bacardi Limon Rum,50mL,1,0.99,0.99,2024-03-20,50.0,1,0.05,480,BACARDI USA INC            
55_DRY GULCH_8342,55,8342,Korbel X Dry,750mL,3,38.97,12.99,2024-04-23,750.0,2,0.34,1128,BROWN-FORMAN CORP          
12_LEESIDE_34134,12,34134,Turning Leaf RSV Chard Cal,1.5L,1,10.99,10.99,2024-07-09,1500.0,2,0.22,3252,E & J GALLO WINERY         
9_BLACKPOOL_14672,9,14672,Duckhorn Decoy Cab Svgn,750mL,1,19.99,19.99,2024-07-16,750.0,2,0.11,4425,MARTIGNETTI COMPANIES
78_EASTHAVEN_3364,78,3364,Absolut Ruby Red,1.75L,2,49.98,24.99,2024-06-20,1750.0,1,3.67,17035,PERNOD RICARD USA          
79_BALLYMENA_11443,79,11443,Ravenswood Petite Sirah Vnts,750mL,1,8.99,8.99,2024-03-21,750.0,2,0.11,1392,CONSTELLATION BRANDS INC   
6_GOULCREST_5242,6,5242,Cointreau Liqueur,750mL,1,29.99,29.99,2024-11-05,750.0,1,0.79,7239,REMY COINTREAU USA INC     
66_EANVERNESS_1927,66,1927,Jack Daniels Barrel Proof,750mL,1,64.99,64.99,2024-09-10,750.0,1,0.79,1128,BROWN-FORMAN CORP          
73_DONCASTER_1479,73,1479,Ten High,1.75L,4,55.96,13.99,2024-02-19,1750.0,1,7.35,660,SAZERAC NORTH AMERICA INC. 
41_LARNWICK_10472,41,10472,Clos du Bois Pnt Nr Cal,750mL,6,53.94,8.99,2024-07-22,750.0,2,0.68,1392,CONSTELLATION BRANDS INC   
79_BALLYMENA_2756,79,2756,Jameson Caskmates,750mL,1,29.99,29.99,2024-05-15,750.0,1,0.79,17035,PERNOD RICARD USA          
8_ALNERWICK_36380,8,36380,Sebastiani Znfdl Sonoma Cnty,750mL,3,29.97,9.99,2024-02-18,750.0,2,0.34,4425,MARTIGNETTI COMPANIES
10_HORNSEY_4124,10,4124,Blue Chair Bay Banana Cream,50mL,15,14.85,0.99,2024-12-08,50.0,1,0.79,6213,MHW LTD                    
77_TAMWORTH_966,77,966,Patron Citronge Orange Liqu,750mL,1,20.99,20.99,2024-07-18,750.0,1,0.79,9165,ULTRA BEVERAGE COMPANY LLP 
67_EANVERNESS_5270,67,5270,Southern Comfort,50mL,3,2.97,0.99,2024-08-05,50.0,1,0.16,8004,SAZERAC CO INC             
24_PALPERROTH_19848,24,19848,Carnivor Cab Svgn,750mL,2,19.98,9.99,2024-05-08,750.0,2,0.22,3252,E & J GALLO WINERY         
5_SUTTON_7077,5,7077,Smirnoff Strawberry Vodka,50mL,5,4.95,0.99,2024-12-17,50.0,1,0.26,3960,DIAGEO NORTH AMERICA INC   
47_PELLA'S WISH_42122,47,42122,Smoking Loon Svgn Bl Cal,750mL,1,9.99,9.99,2024-08-28,750.0,2,0.11,9552,M S WALKER INC             
10_HORNSEY_6498,10,6498,Franzia Chablis Old World C,5L,1,15.99,15.99,2024-03-04,5000.0,2,0.75,9815,WINE GROUP INC             
38_GOULCREST_8517,38,8517,Baileys Salted Caramel,750mL,1,18.99,18.99,2024-03-08,750.0,1,0.79,3960,DIAGEO NORTH AMERICA INC   
74_PAENTMARWY_438,74,438,Licor 43 Vanilla Liqueur,750mL,1,18.99,18.99,2024-08-18,750.0,1,0.79,4425,MARTIGNETTI COMPANIES
34_PITMERDEN_46788,34,46788,Oops Cheeky Little Svgn Bl,750mL,1,9.99,9.99,2024-11-27,750.0,2,0.11,9165,ULTRA BEVERAGE COMPANY LLP 
6_GOULCREST_5689,6,5689,Villa Massa Limoncello,750mL,1,16.99,16.99,2024-11-10,750.0,1,0.79,4425,MARTIGNETTI COMPANIES
10_HORNSEY_5219,10,5219,Sambuca Romana Black,750mL,1,19.99,19.99,2024-11-27,750.0,1,0.79,3960,DIAGEO NORTH AMERICA INC   
41_LARNWICK_8387,41,8387,Wild Turkey 101,750mL,1,21.99,21.99,2024-11-17,750.0,1,0.79,11567,CAMPARI AMERICA            
7_STANMORE_821,7,821,Grand Marnier,Liter,1,38.99,38.99,2024-02-26,1000.0,1,1.05,8112,MOET HENNESSY USA INC      
71_CLARCTON_21201,71,21201,Bota Box Pnt Nr,3L,1,19.99,19.99,2024-09-14,3000.0,2,0.45,2242,DELICATO VINEYARDS INC     
41_LARNWICK_8040,41,8040,Bols Blue Curacao,750mL,3,26.97,8.99,2024-07-29,750.0,1,2.36,6213,MHW LTD                    
30_CULCHETH_34905,30,34905,Smoking Loon Merlot,750mL,4,27.16,6.79,2024-07-22,750.0,2,0.45,9552,M S WALKER INC             
41_LARNWICK_39593,41,39593,Redwood Creek Pnt Nr Cal,1.5L,3,29.97,9.99,2024-04-14,1500.0,2,0.68,3252,E & J GALLO WINERY         
69_MOUNTMEND_6579,69,6579,J Lohr Riverstone Chard,750mL,4,43.96,10.99,2024-03-01,750.0,2,0.45,4425,MARTIGNETTI COMPANIES
11_CARDEND_19252,11,19252,Camp Cab Svgn Sonoma County,750mL,12,191.88,15.99,2024-10-06,750.0,2,1.35,1650,Circa Wines                
63_SWORDBREAK_2646,63,2646,Chivas Regal,1.75L,1,54.99,54.99,2024-12-02,1750.0,1,1.84,17035,PERNOD RICARD USA          
22_SHARNWICK_33334,22,33334,Cavit Pinot Grigio Delle Ve,187mL 4 Pk,1,8.99,8.99,2024-12-19,187.0,2,0.03,6785,PALM BAY INTERNATIONAL INC 
75_BARNCOMBE_8680,75,8680,Crown Royal,1.75L,1,39.99,39.99,2024-08-14,1750.0,1,1.84,3960,DIAGEO NORTH AMERICA INC   
60_IRRAGIN_5810,60,5810,Cuervo Watermelon Margaritas,1.75L,1,16.99,16.99,2024-12-26,1750.0,1,1.84,7245,PROXIMO SPIRITS INC.       
39_EASTHALLOW_4358,39,4358,Mr Boston Light Rum,750mL,1,5.49,5.49,2024-04-16,750.0,1,0.79,660,SAZERAC NORTH AMERICA INC. 
61_AETHELNEY_43225,61,43225,Ch Beauchene Chtnf Pape RSV,750mL,1,26.99,26.99,2024-12-21,750.0,2,0.11,10754,PERFECTA WINES             
27_MOUNTMEND_5138,27,5138,Fireball Cinnamon Whisky,750mL,2,27.98,13.99,2024-07-18,750.0,1,1.57,8004,SAZERAC CO INC             
66_EANVERNESS_6727,66,6727,Antinori Toscana Rd,750mL,3,53.97,17.99,2024-10-07,750.0,2,0.34,8673,STE MICHELLE WINE ESTATES  
68_SOLARIS_515,68,515,Hirsch Selection Bourbon,750mL,1,35.99,35.99,2024-03-25,750.0,1,0.79,9165,ULTRA BEVERAGE COMPANY LLP 
23_ARBINGTON_26817,23,26817,Ravenswood Vntrs Blnd Merlot,750mL,2,21.98,10.99,2024-05-20,750.0,2,0.22,1392,CONSTELLATION BRANDS INC   
59_CLAETHORPES_32906,59,32906,Sterling Vintners Cab Svgn C,750mL,2,23.98,11.99,2024-01-10,750.0,2,0.22,1590,DIAGEO CHATEAU ESTATE WINES
15_WANBORNE_36573,15,36573,Matanzas Creek Svgn Bl Sonom,750mL,1,17.99,17.99,2024-07-10,750.0,2,0.11,9552,M S WALKER INC             
1_HARDERSFIELD_31497,1,31497,Barefoot Svgn Bl Cal,1.5L,2,17.5,8.75,2024-06-08,1500.0,2,0.45,3252,E & J GALLO WINERY         
81_PEMBROKE_24907,81,24907,Bogle Old Vine Znfdl Cal,750mL,6,65.94,10.99,2024-12-03,750.0,2,0.68,4425,MARTIGNETTI COMPANIES
76_DONCASTER_4135,76,4135,Smirnoff Blueberry Vodka,50mL,10,9.9,0.99,2024-08-11,50.0,1,0.52,3960,DIAGEO NORTH AMERICA INC   
40_BULLMAR_11825,40,11825,Cupcake Cab Svgn,750mL,7,48.93,6.99,2024-09-02,750.0,2,0.79,9815,WINE GROUP INC             
30_CULCHETH_26399,30,26399,Trapiche Malbec Mendoza Oak,750mL,2,12.98,6.49,2024-08-02,750.0,2,0.22,9815,WINE GROUP INC             
20_BREDWARDINE_3607,20,3607,Smirnoff Citrus Vodka,50mL,15,14.85,0.99,2024-05-10,50.0,1,0.79,3960,DIAGEO NORTH AMERICA INC   
73_DONCASTER_16610,73,16610,Leese-Fitch Cab Svgn,750mL,1,10.99,10.99,2024-04-30,750.0,2,0.11,653,STATE WINE & SPIRITS   
58_HARTLEPOOL_8562,58,8562,DeKuyper Peachtree Trav,1.75L,2,29.98,14.99,2024-08-12,1750.0,1,3.67,12546,JIM BEAM BRANDS COMPANY    
67_EANVERNESS_46217,67,46217,Cono Sur Chard Cntrl Vly,750mL,2,15.98,7.99,2024-05-31,750.0,2,0.22,1587,VINEYARD BRANDS INC        
58_HARTLEPOOL_5505,58,5505,Pallini Limoncello Liqueur,750mL,1,18.99,18.99,2024-03-29,750.0,1,0.79,1485,CASTLE BRANDS CORP.        
6_GOULCREST_2753,6,2753,Johnnie Walker Black Label,1.75L,1,69.99,69.99,2024-09-02,1750.0,1,1.84,3960,DIAGEO NORTH AMERICA INC   
19_WINTERVALE_2436,19,2436,Crown Royal,375mL,2,29.98,14.99,2024-07-30,375.0,1,0.79,3960,DIAGEO NORTH AMERICA INC   
50_MOUNTMEND_6649,50,6649,Wente Morning Fog Chard,750mL,3,35.97,11.99,2024-12-02,750.0,2,0.34,2000,SOUTHERN WINE & SPIRITS NE 
72_HARDERSFIELD_20447,72,20447,Barefoot Bubbly Pink Moscato,187mL 4 Pk,1,9.99,9.99,2024-08-04,187.0,2,0.03,3252,E & J GALLO WINERY         
45_VERITAS_4736,45,4736,Capt Morgan Spiced Rum,100mL,3,8.97,2.99,2024-09-23,100.0,1,0.32,3960,DIAGEO NORTH AMERICA INC   
59_CLAETHORPES_8023,59,8023,DeKuyper Triple Sec,750mL,2,9.98,4.99,2024-11-11,750.0,1,1.57,12546,JIM BEAM BRANDS COMPANY    
2_ASHBORNE_3668,2,3668,Belvedere Polish Vodka,1.75L,1,55.99,55.99,2024-03-05,1750.0,1,1.84,8112,MOET HENNESSY USA INC      
30_CULCHETH_4370,30,4370,Ron Virgin White,1.75L,2,25.98,12.99,2024-01-31,1750.0,1,3.67,9552,M S WALKER INC             
7_STANMORE_8680,7,8680,Crown Royal,1.75L,2,79.98,39.99,2024-01-22,1750.0,1,3.67,3960,DIAGEO NORTH AMERICA INC   
67_EANVERNESS_3512,67,3512,Pinnacle Vodka,1.75L,2,31.98,15.99,2024-12-28,1750.0,1,3.67,12546,JIM BEAM BRANDS COMPANY    
61_AETHELNEY_5708,61,5708,Dr McGillicuddy's Root Beer,50mL,1,0.99,0.99,2024-01-21,50.0,1,0.05,8004,SAZERAC CO INC             
19_WINTERVALE_31489,19,31489,Barefoot Chard Cal,1.5L,1,10.99,10.99,2024-11-22,1500.0,2,0.22,3252,E & J GALLO WINERY         
23_ARBINGTON_38197,23,38197,La Carraia Sangiovese Umbri,750mL,1,11.99,11.99,2024-04-15,750.0,2,0.11,2000,SOUTHERN WINE & SPIRITS NE 
60_IRRAGIN_8654,60,8654,M & R Sweet Vermouth,375mL,1,5.29,5.29,2024-06-27,375.0,2,0.06,480,BACARDI USA INC            
45_VERITAS_5731,45,5731,Malibu Passion Fruit Rum,750mL,1,12.99,12.99,2024-10-06,750.0,1,0.79,17035,PERNOD RICARD USA          
76_DONCASTER_2120,76,2120,Canadian Club,1.75L,6,95.94,15.99,2024-01-20,1750.0,1,11.02,12546,JIM BEAM BRANDS COMPANY    
59_CLAETHORPES_4261,59,4261,Capt Morgan Spiced Rum,1.75L,10,219.9,21.99,2024-01-13,1750.0,1,18.38,3960,DIAGEO NORTH AMERICA INC   
43_WOLFORD_2665,43,2665,Dewars White Label,750mL,1,19.99,19.99,2024-07-09,750.0,1,0.79,480,BACARDI USA INC            
76_DONCASTER_5381,76,5381,E&J Peach Brandy,50mL,1,0.99,0.99,2024-03-13,50.0,1,0.05,3252,E & J GALLO WINERY         
67_EANVERNESS_8893,67,8893,Yukon Jack,750mL,1,16.99,16.99,2024-07-09,750.0,1,0.79,3960,DIAGEO NORTH AMERICA INC   
31_HORNSEY_2975,31,2975,Bird Dog Blackberry Whiskey,750mL,1,14.99,14.99,2024-08-05,750.0,1,0.79,9625,WESTERN SPIRITS BEVERAGE CO
50_MOUNTMEND_8159,50,8159,Jose Cuervo Especial,1.75L,19,455.81,23.99,2024-08-12,1750.0,1,34.91,7245,PROXIMO SPIRITS INC.       
64_CESTERFIELD_3180,64,3180,New Amsterdam Vodka,1.75L,4,67.96,16.99,2024-03-18,1750.0,1,7.35,3252,E & J GALLO WINERY         
38_GOULCREST_19158,38,19158,Dom de La Petite Cassagne,750mL,1,10.99,10.99,2024-06-05,750.0,2,0.11,90024,VINILANDIA USA             
75_BARNCOMBE_3879,75,3879,Smirnoff 80 Proof Traveler,750mL,1,12.99,12.99,2024-08-09,750.0,1,0.79,3960,DIAGEO NORTH AMERICA INC   
64_CESTERFIELD_10957,64,10957,Seaglass Svgn Bl Snt Barbara,750mL,3,29.97,9.99,2024-09-27,750.0,2,0.34,8892,TRINCHERO FAMILY ESTATES   
33_HORNSEY_4438,33,4438,Cruzan Black Cherry Rum,750mL,1,9.99,9.99,2024-11-10,750.0,1,0.79,12546,JIM BEAM BRANDS COMPANY    
66_EANVERNESS_3826,66,3826,Skyy Vodka,1.75L,3,74.97,24.99,2024-04-13,1750.0,1,5.51,11567,CAMPARI AMERICA            
21_BALERNO_46785,21,46785,Oops Spicy Splendr Carmenere,750mL,1,9.99,9.99,2024-12-02,750.0,2,0.11,9165,ULTRA BEVERAGE COMPANY LLP 
66_EANVERNESS_2665,66,2665,Dewars White Label,750mL,1,19.99,19.99,2024-05-22,750.0,1,0.79,480,BACARDI USA INC            
20_BREDWARDINE_6579,20,6579,J Lohr Riverstone Chard,750mL,3,26.85,8.95,2024-07-06,750.0,2,0.34,4425,MARTIGNETTI COMPANIES
23_ARBINGTON_5138,23,5138,Fireball Cinnamon Whisky,750mL,2,31.98,15.99,2024-04-01,750.0,1,1.57,8004,SAZERAC CO INC             
15_WANBORNE_5394,15,5394,Goldschlager Cinnamon Schnap,375mL,1,10.99,10.99,2024-01-28,375.0,1,0.39,3960,DIAGEO NORTH AMERICA INC   
69_MOUNTMEND_3840,69,3840,Smirnoff Raspberry Vodka,1.75L,2,39.98,19.99,2024-10-16,1750.0,1,3.67,3960,DIAGEO NORTH AMERICA INC   
55_DRY GULCH_3042,55,3042,Ciroc Red Berry Vodka,375mL,1,11.99,11.99,2024-06-29,375.0,1,0.39,3960,DIAGEO NORTH AMERICA INC   
33_HORNSEY_43225,33,43225,Ch Beauchene Chtnf Pape RSV,750mL,1,26.99,26.99,2024-11-15,750.0,2,0.11,10754,PERFECTA WINES             
35_HALIVAARA_8504,35,8504,R M Woodbridge Cab Svgn Cal,1.5L,1,9.99,9.99,2024-10-22,1500.0,2,0.22,1392,CONSTELLATION BRANDS INC   
68_SOLARIS_1767,68,1767,Buffalo Trace Bourbon,750mL,1,24.99,24.99,2024-08-06,750.0,1,0.79,8004,SAZERAC CO INC             
16_LUNDY_5758,16,5758,1800 Ultimate Margarita RTD,1.75L,1,19.99,19.99,2024-02-19,1750.0,1,1.84,7245,PROXIMO SPIRITS INC.       
75_BARNCOMBE_3791,75,3791,Jose Cuervo Especial Silver,375mL,1,10.99,10.99,2024-02-21,375.0,1,0.39,7245,PROXIMO SPIRITS INC.       
56_BEGGAR'S HOLE_1767,56,1767,Buffalo Trace Bourbon,750mL,1,24.99,24.99,2024-07-17,750.0,1,0.79,8004,SAZERAC CO INC             
31_HORNSEY_18893,31,18893,19 Crimes Red,750mL,1,9.99,9.99,2024-02-26,750.0,2,0.11,9819,TREASURY WINE ESTATES      
41_LARNWICK_2802,41,2802,SW4 London Dry Gin,750mL,1,24.99,24.99,2024-07-20,750.0,1,0.79,7153,PINE STATE TRADING CO      
47_PELLA'S WISH_5219,47,5219,Sambuca Romana Black,750mL,2,39.98,19.99,2024-09-20,750.0,1,1.57,3960,DIAGEO NORTH AMERICA INC   
66_EANVERNESS_2030,66,2030,Glen Moray 12 Yr Scotch,750mL,1,30.99,30.99,2024-07-01,750.0,1,0.79,7153,PINE STATE TRADING CO      
2_ASHBORNE_3746,2,3746,Gordons Vodka 80 Proof,1.75L,11,142.89,12.99,2024-04-22,1750.0,1,20.21,3960,DIAGEO NORTH AMERICA INC   
9_BLACKPOOL_14236,9,14236,Copa di Vino Chard,187mL,1,2.49,2.49,2024-08-05,187.0,2,0.03,2000,SOUTHERN WINE & SPIRITS NE 
21_BALERNO_8421,21,8421,Beringer Classic Wh Znfdl,750mL,2,9.98,4.99,2024-08-19,750.0,2,0.22,9819,TREASURY WINE ESTATES      
7_STANMORE_8203,7,8203,Grand Marnier,50mL,5,14.95,2.99,2024-06-06,50.0,1,0.26,8112,MOET HENNESSY USA INC      
71_CLARCTON_3295,71,3295,Tito's Handmade Vodka,375mL,2,19.98,9.99,2024-08-14,375.0,1,0.79,4425,MARTIGNETTI COMPANIES
65_LUTON_822,65,822,Tanqueray,Liter,1,26.99,26.99,2024-12-02,1000.0,1,1.05,3960,DIAGEO NORTH AMERICA INC   
55_DRY GULCH_25287,55,25287,A Bichot Fixin Pnt Nr,750mL,1,28.99,28.99,2024-08-28,750.0,2,0.11,9165,ULTRA BEVERAGE COMPANY LLP 
4_EANVERNESS_10380,4,10380,Santa Cristina Pnt Grigio,750mL,1,10.99,10.99,2024-07-28,750.0,2,0.11,8673,STE MICHELLE WINE ESTATES  
2_ASHBORNE_29169,2,29169,Franzia Tap Merlot,5L,1,15.99,15.99,2024-10-01,5000.0,2,0.75,9815,WINE GROUP INC             
11_CARDEND_33331,11,33331,Moletto Prosecco Della Marc,750mL,2,17.98,8.99,2024-10-13,750.0,2,0.22,4848,LAIRD & CO                 
76_DONCASTER_6567,76,6567,Clos du Bois Merlot N Cst,750mL,1,9.99,9.99,2024-06-04,750.0,2,0.11,1392,CONSTELLATION BRANDS INC   
14_BROMWICH_6523,14,6523,Franzia Burgundy Tap Red,5L,1,17.99,17.99,2024-04-24,5000.0,2,0.75,9815,WINE GROUP INC             
69_MOUNTMEND_515,69,515,Hirsch Selection Bourbon,750mL,2,69.98,34.99,2024-02-12,750.0,1,1.57,9165,ULTRA BEVERAGE COMPANY LLP 
20_BREDWARDINE_3687,20,3687,Fleischmanns Royal Traveler,750mL,2,11.98,5.99,2024-03-10,750.0,1,1.57,660,SAZERAC NORTH AMERICA INC. 
9_BLACKPOOL_5694,9,5694,Ice Box Mudslide,1.75L,3,29.97,9.99,2024-04-09,1750.0,1,5.51,8004,SAZERAC CO INC             
14_BROMWICH_3706,14,3706,Pinnacle Citrus Vodka,1.75L,1,15.99,15.99,2024-12-19,1750.0,1,1.84,12546,JIM BEAM BRANDS COMPANY    
38_GOULCREST_24944,38,24944,Sur de Los Andes Malbec Rsva,750mL,1,17.99,17.99,2024-07-09,750.0,2,0.11,7153,PINE STATE TRADING CO      
9_BLACKPOOL_8921,9,8921,Sterling Cab Svgn,750mL,4,67.8,16.95,2024-12-10,750.0,2,0.45,1590,DIAGEO CHATEAU ESTATE WINES
54_GUTHRAM_7320,54,7320,Malibu Rum Punch RTD,1.75L,3,53.97,17.99,2024-07-23,1750.0,1,5.51,17035,PERNOD RICARD USA          
81_PEMBROKE_3025,81,3025,Ciroc Snap Frost Vodka,375mL,1,11.99,11.99,2024-09-24,375.0,1,0.39,3960,DIAGEO NORTH AMERICA INC   
66_EANVERNESS_1515,66,1515,Old Overholt,750mL,2,29.98,14.99,2024-08-07,750.0,1,1.57,12546,JIM BEAM BRANDS COMPANY    
49_GARIGILL_41546,49,41546,Monkey Bay Svgn Bl,750mL,5,39.95,7.99,2024-04-10,750.0,2,0.56,1392,CONSTELLATION BRANDS INC   
16_LUNDY_8111,16,8111,Smirnoff 80 Proof,50mL,14,13.86,0.99,2024-04-21,50.0,1,0.74,3960,DIAGEO NORTH AMERICA INC   
66_EANVERNESS_32809,66,32809,Flag Hill Marechal Foch NH,750mL,1,12.99,12.99,2024-12-15,750.0,2,0.11,17031,FLAG HILL WINERY & VINEYARD
76_DONCASTER_36852,76,36852,Frey Znfdl Organic Mendocino,750mL,1,12.99,12.99,2024-12-21,750.0,2,0.11,10754,PERFECTA WINES             
55_DRY GULCH_6983,55,6983,J Lohr Seven Oaks Cab Svgn,750mL,2,29.98,14.99,2024-08-06,750.0,2,0.22,4425,MARTIGNETTI COMPANIES
73_DONCASTER_12771,73,12771,Joel Gott Cab Svgn 815,750mL,4,51.96,12.99,2024-03-02,750.0,2,0.45,8892,TRINCHERO FAMILY ESTATES   
66_EANVERNESS_33579,66,33579,Tommasi Valpo Clsc Supr Rafl,750mL,1,15.99,15.99,2024-03-13,750.0,2,0.11,4425,MARTIGNETTI COMPANIES
49_GARIGILL_16749,49,16749,Ninety+Cellars Lot 50 Prosco,750mL,4,35.96,8.99,2024-12-22,750.0,2,0.45,4950,LATITUDE BEVERAGE COMPANY  
78_EASTHAVEN_6896,78,6896,Sterling Merlot,750mL,1,17.99,17.99,2024-07-29,750.0,2,0.11,1590,DIAGEO CHATEAU ESTATE WINES
27_MOUNTMEND_3511,27,3511,New Amsterdam Vodka,750mL,3,29.97,9.99,2024-09-16,750.0,1,2.36,3252,E & J GALLO WINERY         
57_LANTEGLOS_8498,57,8498,R M Woodbridge Svgn Bl Cal,1.5L,2,27.98,13.99,2024-09-06,1500.0,2,0.45,1392,CONSTELLATION BRANDS INC   
48_NORFOLK_6592,48,6592,Almaden Chard Cal,1.5L,1,8.99,8.99,2024-09-16,1500.0,2,0.22,9815,WINE GROUP INC             
22_SHARNWICK_40096,22,40096,Black Box Cab Svgn,3L,1,22.99,22.99,2024-03-29,3000.0,2,0.45,1392,CONSTELLATION BRANDS INC   
34_PITMERDEN_8110,34,8110,Tribuno Dry Vermouth,1.5L,1,8.99,8.99,2024-10-08,1500.0,1,1.57,9815,WINE GROUP INC             
67_EANVERNESS_31454,67,31454,Foxhorn SE Chard Australia,1.5L,2,17.98,8.99,2024-11-10,1500.0,2,0.45,9815,WINE GROUP INC             
76_DONCASTER_5668,76,5668,Dr McGillicuddy's Grape,750mL,7,97.93,13.99,2024-07-15,750.0,1,5.51,8004,SAZERAC CO INC             
64_CESTERFIELD_3488,64,3488,Tanqueray,750mL,1,23.99,23.99,2024-05-11,750.0,1,0.79,3960,DIAGEO NORTH AMERICA INC   
43_WOLFORD_8746,43,8746,Cavit Pinot Grigio,750mL,1,6.99,6.99,2024-05-07,750.0,2,0.11,6785,PALM BAY INTERNATIONAL INC 
35_HALIVAARA_43365,35,43365,Cavit Riesling Trentino,1.5L,1,14.99,14.99,2024-10-20,1500.0,2,0.22,6785,PALM BAY INTERNATIONAL INC 
32_MOUNTMEND_1394,32,1394,Makers Mark,375mL,1,16.99,16.99,2024-10-29,375.0,1,0.39,12546,JIM BEAM BRANDS COMPANY    
44_PORTHCRAWL_22938,44,22938,Black Stallion Carnrs Pnt Nr,750mL,1,19.99,19.99,2024-06-22,750.0,2,0.11,2242,DELICATO VINEYARDS INC     
73_DONCASTER_12945,73,12945,Middle Sister Mischief Maker,750mL,1,9.99,9.99,2024-01-31,750.0,2,0.11,9165,ULTRA BEVERAGE COMPANY LLP 
63_SWORDBREAK_8970,63,8970,Ice Box Manhattan,1.75L,1,9.99,9.99,2024-12-26,1750.0,1,1.84,8004,SAZERAC CO INC             
50_MOUNTMEND_31487,50,31487,Barefoot Bubbly Brut Cve,750mL,2,19.98,9.99,2024-11-27,750.0,2,0.22,3252,E & J GALLO WINERY         
23_ARBINGTON_41253,23,41253,Ch St Jean Cab Svgn Cal,750mL,2,23.98,11.99,2024-12-28,750.0,2,0.22,9819,TREASURY WINE ESTATES      
1_HARDERSFIELD_6855,1,6855,Midnight Moon Apple Pie,750mL,5,99.95,19.99,2024-01-29,750.0,1,3.94,9165,ULTRA BEVERAGE COMPANY LLP 
1_HARDERSFIELD_6570,1,6570,Kendall Jackson Chard Vt RSV,750mL,12,119.88,9.99,2024-12-21,750.0,2,1.35,10000,MAJESTIC FINE WINES        
66_EANVERNESS_3936,66,3936,Stolichnaya,Liter,1,22.99,22.99,2024-04-28,1000.0,1,1.05,8664,"STOLI GROUP,(USA) LLC      "
58_HARTLEPOOL_22143,58,22143,Simi Cab Svgn,750mL,2,39.98,19.99,2024-09-21,750.0,2,0.22,1392,CONSTELLATION BRANDS INC   
23_ARBINGTON_3726,23,3726,Gilbeys Vodka Traveler,750mL,3,14.97,4.99,2024-08-25,750.0,1,2.36,12546,JIM BEAM BRANDS COMPANY    
33_HORNSEY_8236,33,8236,Jim Beam,50mL,8,11.92,1.49,2024-11-08,50.0,1,0.42,12546,JIM BEAM BRANDS COMPANY    
57_LANTEGLOS_3834,57,3834,Skyy Vodka,750mL,1,12.99,12.99,2024-02-03,750.0,1,0.79,11567,CAMPARI AMERICA            
7_STANMORE_7221,7,7221,M & R Sweet Vermouth,1.5L,1,10.49,10.49,2024-11-03,1500.0,2,0.22,480,BACARDI USA INC            
34_PITMERDEN_14439,34,14439,Barefoot Sweet Red,750mL,1,6.29,6.29,2024-06-21,750.0,2,0.11,3252,E & J GALLO WINERY         
74_PAENTMARWY_40098,74,40098,Black Box Merlot Cal,3L,1,18.99,18.99,2024-02-27,3000.0,2,0.45,1392,CONSTELLATION BRANDS INC   
23_ARBINGTON_26442,23,26442,Fortant Heritage Lang Rouge,750mL,1,15.99,15.99,2024-11-08,750.0,2,0.11,10754,PERFECTA WINES             
49_GARIGILL_2668,49,2668,Dewars White Label,375mL,1,13.99,13.99,2024-08-20,375.0,1,0.39,480,BACARDI USA INC            
60_IRRAGIN_3084,60,3084,Patron Silver Tequila,200mL,2,29.98,14.99,2024-08-19,200.0,1,0.42,9165,ULTRA BEVERAGE COMPANY LLP 
2_ASHBORNE_5316,2,5316,Amaretto DiSaronno,50mL,2,4.58,2.29,2024-07-09,50.0,1,0.1,2555,DISARONNO INTERNATIONAL LLC
11_CARDEND_3040,11,3040,Tito's Handmade Vodka,Liter,1,23.99,23.99,2024-11-06,1000.0,1,1.05,4425,MARTIGNETTI COMPANIES
15_WANBORNE_32908,15,32908,Sterling Vintners Cltn Merlo,750mL,2,19.9,9.95,2024-10-25,750.0,2,0.22,1590,DIAGEO CHATEAU ESTATE WINES
41_LARNWICK_4702,41,4702,Metaxa Amphora,750mL,1,22.99,22.99,2024-10-12,750.0,1,0.79,7239,REMY COINTREAU USA INC     
4_EANVERNESS_7728,4,7728,Great Western X Dry,750mL,1,9.99,9.99,2024-08-01,750.0,2,0.11,9165,ULTRA BEVERAGE COMPANY LLP 
30_CULCHETH_3776,30,3776,Jose Cuervo Especial Silver,1.75L,1,25.99,25.99,2024-08-03,1750.0,1,1.84,7245,PROXIMO SPIRITS INC.       
33_HORNSEY_42413,33,42413,R M Woodbridge Rsl,1.5L,1,13.99,13.99,2024-09-07,1500.0,2,0.22,1392,CONSTELLATION BRANDS INC   
58_HARTLEPOOL_4330,58,4330,Capt Morgan Spiced Rum 100,1.75L,2,59.98,29.99,2024-02-13,1750.0,1,3.67,3960,DIAGEO NORTH AMERICA INC   
8_ALNERWICK_5382,8,5382,Ice 101 Peppermint Schnapps,750mL,3,41.97,13.99,2024-05-28,750.0,1,2.36,8004,SAZERAC CO INC             
36_LEWES_36771,36,36771,Yellow Tail Merlot Ausl,1.5L,1,8.95,8.95,2024-08-16,1500.0,2,0.22,4425,MARTIGNETTI COMPANIES
73_DONCASTER_6654,73,6654,Veuve Clicquot Brut Yellow,750mL,40,1599.6,39.99,2024-11-25,750.0,2,4.5,8112,MOET HENNESSY USA INC      
76_DONCASTER_12775,76,12775,Joel Gott Svgn Bl,750mL,6,59.94,9.99,2024-02-27,750.0,2,0.68,8892,TRINCHERO FAMILY ESTATES   
50_MOUNTMEND_26717,50,26717,Arpa Pnt Grigio,750mL,2,19.98,9.99,2024-08-27,750.0,2,0.22,10754,PERFECTA WINES             
57_LANTEGLOS_5490,57,5490,DeKuyper Hot Damn Cinnamon,50mL,1,0.99,0.99,2024-06-10,50.0,1,0.05,12546,JIM BEAM BRANDS COMPANY    
71_CLARCTON_31204,71,31204,Beringer Fndrs Est Svgn Bl,750mL,1,9.99,9.99,2024-05-27,750.0,2,0.11,9819,TREASURY WINE ESTATES      
34_PITMERDEN_16669,34,16669,Sweet Baby Vyds Blueberry,750mL,2,25.98,12.99,2024-10-17,750.0,2,0.22,90056,SWEET BABY VINEYARD        
59_CLAETHORPES_8053,59,8053,Seagrams 7 Crown,50mL,10,9.9,0.99,2024-12-30,50.0,1,0.52,3960,DIAGEO NORTH AMERICA INC   
70_KELD_8236,70,8236,Jim Beam,50mL,1,1.49,1.49,2024-05-24,50.0,1,0.05,12546,JIM BEAM BRANDS COMPANY    
68_SOLARIS_3180,68,3180,New Amsterdam Vodka,1.75L,1,16.99,16.99,2024-03-09,1750.0,1,1.84,3252,E & J GALLO WINERY         
8_ALNERWICK_8111,8,8111,Smirnoff 80 Proof,50mL,3,2.97,0.99,2024-06-08,50.0,1,0.16,3960,DIAGEO NORTH AMERICA INC   
76_DONCASTER_46201,76,46201,Petite Petit Phillips Lodi,750mL,3,50.97,16.99,2024-04-05,750.0,2,0.34,4425,MARTIGNETTI COMPANIES
57_LANTEGLOS_6857,57,6857,Sutter Home Wh Znfdl,1.5L,2,19.98,9.99,2024-07-01,1500.0,2,0.45,8892,TRINCHERO FAMILY ESTATES   
73_DONCASTER_2960,73,2960,The Macallan Fine Oak 15 Yr,750mL,1,109.99,109.99,2024-06-14,750.0,1,0.79,2561,EDRINGTON AMERICAS         
60_IRRAGIN_23388,60,23388,Light Horse Cab Svgn,750mL,1,11.99,11.99,2024-06-11,750.0,2,0.11,9165,ULTRA BEVERAGE COMPANY LLP 
8_ALNERWICK_19283,8,19283,Roscato Bianco,750mL,1,9.99,9.99,2024-08-23,750.0,2,0.11,6785,PALM BAY INTERNATIONAL INC 
74_PAENTMARWY_4222,74,4222,Bacardi Gold Rum,750mL,1,13.99,13.99,2024-01-10,750.0,1,0.79,480,BACARDI USA INC            
68_SOLARIS_8746,68,8746,Cavit Pinot Grigio,750mL,13,90.87,6.99,2024-05-24,750.0,2,1.46,6785,PALM BAY INTERNATIONAL INC 
66_EANVERNESS_6873,66,6873,Guigal Cotes du Rhone Red,750mL,2,25.98,12.99,2024-09-29,750.0,2,0.22,4425,MARTIGNETTI COMPANIES
33_HORNSEY_35412,33,35412,Yellow Tail Chard Ausl,1.5L,3,26.85,8.95,2024-03-13,1500.0,2,0.68,4425,MARTIGNETTI COMPANIES
55_DRY GULCH_1835,55,1835,Knappogue Castle Irish Whsky,750mL,1,36.99,36.99,2024-04-18,750.0,1,0.79,1485,CASTLE BRANDS CORP.        
71_CLARCTON_1386,71,1386,George Dickel No 8 Bourbon,750mL,1,20.99,20.99,2024-11-21,750.0,1,0.79,3960,DIAGEO NORTH AMERICA INC   
22_SHARNWICK_4878,22,4878,Allens Coffee Brandy,750mL,1,6.99,6.99,2024-12-20,750.0,1,0.79,9552,M S WALKER INC             
9_BLACKPOOL_3882,9,3882,Smirnoff Strawberry Vodka,750mL,1,12.99,12.99,2024-10-24,750.0,1,0.79,3960,DIAGEO NORTH AMERICA INC   
58_HARTLEPOOL_5713,58,5713,DeKuyper Sour Apple Pucker,1.75L,1,14.99,14.99,2024-01-30,1750.0,1,1.84,12546,JIM BEAM BRANDS COMPANY    
73_DONCASTER_14174,73,14174,Chalk Hill Estate Red,750mL,2,109.98,54.99,2024-11-22,750.0,2,0.22,4425,MARTIGNETTI COMPANIES
50_MOUNTMEND_3047,50,3047,Bully Boy Vodka,750mL,1,24.99,24.99,2024-09-11,750.0,1,0.79,1189,BULLY BOY DISTILLERS       
50_MOUNTMEND_24515,50,24515,Cartlidge & Browne Chard,750mL,1,6.79,6.79,2024-12-07,750.0,2,0.11,9165,ULTRA BEVERAGE COMPANY LLP 
17_OLDHAM_5616,17,5616,Emmets Irish Cream,1.75L,4,79.96,19.99,2024-11-11,1750.0,1,7.35,3960,DIAGEO NORTH AMERICA INC   
1_HARDERSFIELD_8453,1,8453,1800 Silver Tequila,50mL,2,5.58,2.79,2024-07-30,50.0,1,0.1,7245,PROXIMO SPIRITS INC.       
15_WANBORNE_3488,15,3488,Tanqueray,750mL,1,23.99,23.99,2024-11-30,750.0,1,0.79,3960,DIAGEO NORTH AMERICA INC   
35_HALIVAARA_32831,35,32831,Carpineto Dogajolo Tuscan Rd,750mL,1,12.99,12.99,2024-09-10,750.0,2,0.11,9165,ULTRA BEVERAGE COMPANY LLP 
28_LARNWICK_17177,28,17177,Beringer Classic Merlot,1.5L,1,12.99,12.99,2024-05-25,1500.0,2,0.22,9819,TREASURY WINE ESTATES      
60_IRRAGIN_4817,60,4817,Skyy Infusions TX Grapefruit,750mL,1,12.99,12.99,2024-10-07,750.0,1,0.79,11567,CAMPARI AMERICA            
4_EANVERNESS_1738,4,1738,Ole Smoky Moonshine Cherries,750mL,1,19.99,19.99,2024-06-28,750.0,1,0.79,6359,OLE SMOKY DISTILLERY LLC   
41_LARNWICK_45294,41,45294,C K Mondavi Willw Pnt Grigio,1.5L,2,21.98,10.99,2024-10-12,1500.0,2,0.45,2000,SOUTHERN WINE & SPIRITS NE 
76_DONCASTER_3627,76,3627,Absolut 80 Proof,375mL,1,13.99,13.99,2024-04-21,375.0,1,0.39,17035,PERNOD RICARD USA          
66_EANVERNESS_2780,66,2780,Bulleit 10 Yr Old Bourbon,750mL,1,40.99,40.99,2024-03-13,750.0,1,0.79,3960,DIAGEO NORTH AMERICA INC   
21_BALERNO_20446,21,20446,Barefoot Bubbly Brut Cuvee,187mL 4 Pk,1,9.99,9.99,2024-11-05,187.0,2,0.03,3252,E & J GALLO WINERY         
71_CLARCTON_3667,71,3667,Boru Original Irish Vodka,1.75L,1,17.99,17.99,2024-11-22,1750.0,1,1.84,1485,CASTLE BRANDS CORP.        
11_CARDEND_38899,11,38899,L Martini Cab Svgn Sonoma,750mL,2,25.98,12.99,2024-01-08,750.0,2,0.22,3252,E & J GALLO WINERY         
66_EANVERNESS_2183,66,2183,McClelland Highland Single,750mL,1,19.99,19.99,2024-04-22,750.0,1,0.79,12546,JIM BEAM BRANDS COMPANY    
2_ASHBORNE_6278,2,6278,Sterling Svgn Bl,750mL,1,13.99,13.99,2024-06-18,750.0,2,0.11,1590,DIAGEO CHATEAU ESTATE WINES
72_HARDERSFIELD_8214,72,8214,E & J Brandy VS,750mL,1,9.99,9.99,2024-12-08,750.0,1,0.79,3252,E & J GALLO WINERY         
14_BROMWICH_5403,14,5403,Amaretto di Amore,750mL,4,35.96,8.99,2024-07-21,750.0,1,3.15,660,SAZERAC NORTH AMERICA INC. 
78_EASTHAVEN_32989,78,32989,Barefoot Cab Svgn Cal,1.5L,1,11.99,11.99,2024-09-26,1500.0,2,0.22,3252,E & J GALLO WINERY         
73_DONCASTER_6567,73,6567,Clos du Bois Merlot N Cst,750mL,1,8.99,8.99,2024-01-01,750.0,2,0.11,1392,CONSTELLATION BRANDS INC   
15_WANBORNE_4330,15,4330,Capt Morgan Spiced Rum 100,1.75L,1,26.99,26.99,2024-12-04,1750.0,1,1.84,3960,DIAGEO NORTH AMERICA INC   
12_LEESIDE_28658,12,28658,R Mondavi Pnt Nr Pvt Sel,750mL,1,10.99,10.99,2024-11-23,750.0,2,0.11,1392,CONSTELLATION BRANDS INC   
2_ASHBORNE_4351,2,4351,Capt Morgan Black Spiced Rum,750mL,1,22.99,22.99,2024-03-17,750.0,1,0.79,3960,DIAGEO NORTH AMERICA INC   
25_CAERSHIRE_8606,25,8606,Baileys Espresso Creme,50mL,4,3.96,0.99,2024-02-08,50.0,1,0.21,3960,DIAGEO NORTH AMERICA INC   
41_LARNWICK_12663,41,12663,Zin 91 Old Vine Znfdl CA,750mL,3,23.97,7.99,2024-08-30,750.0,2,0.34,9165,ULTRA BEVERAGE COMPANY LLP 
34_PITMERDEN_20446,34,20446,Barefoot Bubbly Brut Cuvee,187mL 4 Pk,1,9.99,9.99,2024-03-24,187.0,2,0.03,3252,E & J GALLO WINERY         
67_EANVERNESS_3726,67,3726,Gilbeys Vodka Traveler,750mL,1,4.99,4.99,2024-01-08,750.0,1,0.79,12546,JIM BEAM BRANDS COMPANY    
12_LEESIDE_2952,12,2952,Old Bushmills,750mL,1,24.99,24.99,2024-11-17,750.0,1,0.79,7245,PROXIMO SPIRITS INC.       
28_LARNWICK_8512,28,8512,Baileys Irish Cream,750mL,5,99.95,19.99,2024-07-03,750.0,1,3.94,3960,DIAGEO NORTH AMERICA INC   
18_FURNESS_3811,18,3811,Absolut Spark Vodka,750mL,1,17.99,17.99,2024-06-20,750.0,1,0.79,17035,PERNOD RICARD USA          
6_GOULCREST_41143,6,41143,Red Diamond Cab Svgn Wash,750mL,1,7.95,7.95,2024-05-12,750.0,2,0.11,8673,STE MICHELLE WINE ESTATES  
50_MOUNTMEND_42118,50,42118,Jewell Towne Seyval NH,750mL,2,20.98,10.49,2024-11-18,750.0,2,0.22,17032,JEWELL TOWNE VINEYARDS     
73_DONCASTER_19748,73,19748,Clos du Bois Chard,1.5L,32,447.68,13.99,2024-06-29,1500.0,2,7.2,1392,CONSTELLATION BRANDS INC   
19_WINTERVALE_2212,19,2212,Canadian Rich & Rare,1.75L,1,10.99,10.99,2024-09-05,1750.0,1,1.84,8004,SAZERAC CO INC             
8_ALNERWICK_11828,8,11828,Cupcake Svgn Bl,750mL,4,31.96,7.99,2024-02-07,750.0,2,0.45,9815,WINE GROUP INC             
51_ABERDEEN_6396,51,6396,Taylor Dry Sherry,1.5L,1,7.79,7.79,2024-04-30,1500.0,2,0.22,1392,CONSTELLATION BRANDS INC   
56_BEGGAR'S HOLE_2756,56,2756,Jameson Caskmates,750mL,1,29.99,29.99,2024-07-03,750.0,1,0.79,17035,PERNOD RICARD USA          
38_GOULCREST_508,38,508,Bacardi Superior Rum,Liter,5,64.95,12.99,2024-04-16,1000.0,1,5.25,480,BACARDI USA INC            
74_PAENTMARWY_8689,74,8689,Paul Masson Rose,3L,2,21.98,10.99,2024-07-17,3000.0,2,0.9,1392,CONSTELLATION BRANDS INC   
40_BULLMAR_31277,40,31277,Landmark Overlook Chard,750mL,1,15.99,15.99,2024-02-18,750.0,2,0.11,9552,M S WALKER INC             
41_LARNWICK_4798,41,4798,Sambuca Romana Liqueur,50mL,9,17.91,1.99,2024-12-10,50.0,1,0.47,3960,DIAGEO NORTH AMERICA INC   
55_DRY GULCH_3802,55,3802,Three Olives Vodka,1.75L,7,125.93,17.99,2024-02-27,1750.0,1,12.86,7245,PROXIMO SPIRITS INC.       
60_IRRAGIN_14539,60,14539,Dom de Dionysos La Deveze,750mL,6,89.94,14.99,2024-01-06,750.0,2,0.68,4425,MARTIGNETTI COMPANIES
4_EANVERNESS_2114,4,2114,Black Velvet Canadian Whisky,1.75L,5,64.95,12.99,2024-12-16,1750.0,1,9.19,1392,CONSTELLATION BRANDS INC   
68_SOLARIS_24455,68,24455,Franciscan Cab Svgn Napa,750mL,3,65.97,21.99,2024-09-16,750.0,2,0.34,1392,CONSTELLATION BRANDS INC   
32_MOUNTMEND_644,32,644,Amaretto DiSaronno,Liter,1,27.99,27.99,2024-12-21,1000.0,1,1.05,2555,DISARONNO INTERNATIONAL LLC
50_MOUNTMEND_13963,50,13963,Yellow Tail Pnt Nr,1.5L,1,9.99,9.99,2024-06-18,1500.0,2,0.22,4425,MARTIGNETTI COMPANIES
42_BLACK HOLLOW_126,42,126,Grey Goose Vodka,Liter,2,57.98,28.99,2024-12-02,1000.0,1,2.1,480,BACARDI USA INC            
64_CESTERFIELD_4042,64,4042,Bacardi Dragon Berry,50mL,1,0.99,0.99,2024-01-18,50.0,1,0.05,480,BACARDI USA INC            
74_PAENTMARWY_41751,74,41751,Clos du Bois Pnt Grigio Cal,750mL,1,8.99,8.99,2024-10-29,750.0,2,0.11,1392,CONSTELLATION BRANDS INC   
30_CULCHETH_4878,30,4878,Allens Coffee Brandy,750mL,1,6.49,6.49,2024-01-09,750.0,1,0.79,9552,M S WALKER INC             
1_HARDERSFIELD_41070,1,41070,Angeline Chard RRV,750mL,1,12.99,12.99,2024-03-05,750.0,2,0.11,9552,M S WALKER INC             
68_SOLARIS_8790,68,8790,Bolla Valpolicella,1.5L,1,15.99,15.99,2024-12-15,1500.0,2,0.22,516,BANFI PRODUCTS CORP        
32_MOUNTMEND_3940,32,3940,Pearl Cucumber Vodka,750mL,1,10.99,10.99,2024-01-24,750.0,1,0.79,8352,LUXCO INC                  
72_HARDERSFIELD_29212,72,29212,R Mondavi Merlot Pvt Sel,750mL,1,6.98,6.98,2024-10-14,750.0,2,0.11,1392,CONSTELLATION BRANDS INC   
66_EANVERNESS_2140,66,2140,West Cork Barrel Proof Ltd R,750mL,1,51.99,51.99,2024-12-21,750.0,1,0.79,9552,M S WALKER INC             
76_DONCASTER_1532,76,1532,Crown Royal Honey Limited,750mL,7,160.93,22.99,2024-08-21,750.0,1,5.51,3960,DIAGEO NORTH AMERICA INC   
37_PAETHSMOUTH_8111,37,8111,Smirnoff 80 Proof,50mL,7,6.93,0.99,2024-10-31,50.0,1,0.37,3960,DIAGEO NORTH AMERICA INC   
74_PAENTMARWY_904,74,904,Malibu Rum,Liter,2,33.98,16.99,2024-04-22,1000.0,1,2.1,17035,PERNOD RICARD USA          
35_HALIVAARA_3893,35,3893,Zhenka 80 Proof,1.75L,7,69.93,9.99,2024-02-05,1750.0,1,12.86,9552,M S WALKER INC             
67_EANVERNESS_7198,67,7198,New Amsterdam Pineapple Vdka,750mL,1,10.99,10.99,2024-11-04,750.0,1,0.79,3252,E & J GALLO WINERY         
38_GOULCREST_5445,38,5445,Jagermeister Liqueur,750mL,7,111.93,15.99,2024-07-08,750.0,1,5.51,3089,SIDNEY FRANK IMPORTING CO  
73_DONCASTER_36991,73,36991,Duck Pond Pnt Gris Ore,750mL,1,10.99,10.99,2024-12-15,750.0,2,0.11,10754,PERFECTA WINES             
54_GUTHRAM_16289,54,16289,Barefoot Bubbly Pink Moscato,750mL,1,6.95,6.95,2024-08-21,750.0,2,0.11,3252,E & J GALLO WINERY         
7_STANMORE_3522,7,3522,Platinum 7X Distilled Vodka,1.75L,3,38.97,12.99,2024-07-30,1750.0,1,5.51,8004,SAZERAC CO INC             
8_ALNERWICK_3243,8,3243,Burnetts Vodka,1.75L,7,87.43,12.49,2024-05-14,1750.0,1,12.86,3924,HEAVEN HILL DISTILLERIES   
49_GARIGILL_415,49,415,Jose Cuervo Especial,Liter,1,20.99,20.99,2024-05-06,1000.0,1,1.05,7245,PROXIMO SPIRITS INC.       
38_GOULCREST_16695,38,16695,Ch Hyot Brdx Castillon,750mL,1,15.99,15.99,2024-09-21,750.0,2,0.11,4425,MARTIGNETTI COMPANIES
68_SOLARIS_1770,68,1770,Jack Daniels Tennessee Fire,1.75L,1,37.99,37.99,2024-08-28,1750.0,1,1.84,1128,BROWN-FORMAN CORP          
37_PAETHSMOUTH_8498,37,8498,R M Woodbridge Svgn Bl Cal,1.5L,2,19.98,9.99,2024-10-07,1500.0,2,0.45,1392,CONSTELLATION BRANDS INC   
44_PORTHCRAWL_7320,44,7320,Malibu Rum Punch RTD,1.75L,1,17.99,17.99,2024-07-22,1750.0,1,1.84,17035,PERNOD RICARD USA          
11_CARDEND_11970,11,11970,Zaccagnini Montepulciano Rsv,750mL,7,104.93,14.99,2024-05-21,750.0,2,0.79,2000,SOUTHERN WINE & SPIRITS NE 
48_NORFOLK_3858,48,3858,Grey Goose Vodka,750mL,2,45.98,22.99,2024-07-10,750.0,1,1.57,480,BACARDI USA INC            
55_DRY GULCH_39256,55,39256,Schmitt Sohne Relax Mosel,750mL,2,19.98,9.99,2024-05-03,750.0,2,0.22,9552,M S WALKER INC             
50_MOUNTMEND_41831,50,41831,BV Coastal Estate Cab Svgn,375mL,2,10.98,5.49,2024-09-17,375.0,2,0.11,1590,DIAGEO CHATEAU ESTATE WINES
25_CAERSHIRE_42118,25,42118,Jewell Towne Seyval NH,750mL,1,10.49,10.49,2024-03-05,750.0,2,0.11,17032,JEWELL TOWNE VINEYARDS     
7_STANMORE_2690,7,2690,Black Velvet Reserve,750mL,1,9.99,9.99,2024-03-15,750.0,1,0.79,1392,CONSTELLATION BRANDS INC   
10_HORNSEY_3326,10,3326,Jenkins Gin,1.75L,1,9.99,9.99,2024-06-13,1750.0,1,1.84,9552,M S WALKER INC             
71_CLARCTON_14701,71,14701,Cupcake Red Velvet,750mL,2,13.98,6.99,2024-07-29,750.0,2,0.22,9815,WINE GROUP INC             
76_DONCASTER_28497,76,28497,Warre's Fine Selected Ruby P,750mL,1,12.99,12.99,2024-10-14,750.0,2,0.11,1587,VINEYARD BRANDS INC        
9_BLACKPOOL_3316,9,3316,Ciroc Peach Vodka,375mL,1,15.49,15.49,2024-08-19,375.0,1,0.39,3960,DIAGEO NORTH AMERICA INC   
64_CESTERFIELD_3835,64,3835,Smirnoff Raspberry Vodka,750mL,1,10.99,10.99,2024-05-22,750.0,1,0.79,3960,DIAGEO NORTH AMERICA INC   
54_GUTHRAM_8654,54,8654,M & R Sweet Vermouth,375mL,1,5.29,5.29,2024-02-19,375.0,2,0.06,480,BACARDI USA INC            
36_LEWES_5251,36,5251,DeKuyper Buttershots Schnpps,50mL,1,0.99,0.99,2024-01-09,50.0,1,0.05,12546,JIM BEAM BRANDS COMPANY    
23_ARBINGTON_2436,23,2436,Crown Royal,375mL,1,14.99,14.99,2024-02-28,375.0,1,0.39,3960,DIAGEO NORTH AMERICA INC   
64_CESTERFIELD_19357,64,19357,Kendall Jackson Vntnr Rsv Ch,375mL,3,17.97,5.99,2024-06-01,375.0,2,0.17,10000,MAJESTIC FINE WINES        
32_MOUNTMEND_1886,32,1886,Seagrams 7 Crown,750mL,6,65.94,10.99,2024-11-06,750.0,1,4.72,3960,DIAGEO NORTH AMERICA INC   
32_MOUNTMEND_1180,32,1180,Evan Williams Black Label B,1.75L,2,41.98,20.99,2024-05-06,1750.0,1,3.67,3924,HEAVEN HILL DISTILLERIES   
73_DONCASTER_8288,73,8288,Korbel Brut,750mL,2,25.98,12.99,2024-05-01,750.0,2,0.22,1128,BROWN-FORMAN CORP          
45_VERITAS_4199,45,4199,Sauza Blanco Tequila,1.75L,1,21.99,21.99,2024-12-09,1750.0,1,1.84,12546,JIM BEAM BRANDS COMPANY    
1_HARDERSFIELD_4201,1,4201,Calico Jack Silver Rum,1.75L,1,12.99,12.99,2024-03-02,1750.0,1,1.84,12546,JIM BEAM BRANDS COMPANY    
1_HARDERSFIELD_16329,1,16329,Battle Axe Malbec Mendoza,750mL,1,15.99,15.99,2024-08-11,750.0,2,0.11,9552,M S WALKER INC             
33_HORNSEY_27644,33,27644,Cline Znfdl Cal,750mL,3,29.97,9.99,2024-01-31,750.0,2,0.34,4425,MARTIGNETTI COMPANIES
50_MOUNTMEND_3102,50,3102,Smirnoff Traveler,1.75L,3,53.97,17.99,2024-03-07,1750.0,1,5.51,3960,DIAGEO NORTH AMERICA INC   
71_CLARCTON_21308,71,21308,Chloe Pnt Grigio,750mL,3,32.97,10.99,2024-11-15,750.0,2,0.34,9815,WINE GROUP INC             
51_ABERDEEN_29169,51,29169,Franzia Tap Merlot,5L,1,15.99,15.99,2024-03-20,5000.0,2,0.75,9815,WINE GROUP INC             
9_BLACKPOOL_3511,9,3511,New Amsterdam Vodka,750mL,2,19.98,9.99,2024-09-02,750.0,1,1.57,3252,E & J GALLO WINERY         
11_CARDEND_2122,11,2122,Canadian Club 1858,750mL,2,19.98,9.99,2024-06-23,750.0,1,1.57,12546,JIM BEAM BRANDS COMPANY    
69_MOUNTMEND_42350,69,42350,Black Box Shiraz Cntrl Coast,3L,1,18.99,18.99,2024-08-03,3000.0,2,0.45,1392,CONSTELLATION BRANDS INC   
39_EASTHALLOW_3837,39,3837,Skyy Vodka,50mL,3,2.97,0.99,2024-03-04,50.0,1,0.16,11567,CAMPARI AMERICA            
73_DONCASTER_4752,73,4752,Flor de Cana 4Yr Gold Rum,1.75L,1,19.99,19.99,2024-08-08,1750.0,1,1.84,3664,WILLIAM GRANT & SONS INC   
75_BARNCOMBE_43809,75,43809,R M Woodbridge Pnt Nr,1.5L,2,19.98,9.99,2024-04-27,1500.0,2,0.45,1392,CONSTELLATION BRANDS INC   
5_SUTTON_43809,5,43809,R M Woodbridge Pnt Nr,1.5L,1,8.99,8.99,2024-07-29,1500.0,2,0.22,1392,CONSTELLATION BRANDS INC   
34_PITMERDEN_3020,34,3020,Pinnacle Blueberry Vodka,750mL,2,21.98,10.99,2024-05-21,750.0,1,1.57,12546,JIM BEAM BRANDS COMPANY    
1_HARDERSFIELD_3412,1,3412,Skyy Infusions Pineapple,750mL,1,9.99,9.99,2024-08-12,750.0,1,0.79,11567,CAMPARI AMERICA            
71_CLARCTON_3747,71,3747,Gordons Vodka Traveler,750mL,1,6.99,6.99,2024-04-27,750.0,1,0.79,3960,DIAGEO NORTH AMERICA INC   
32_MOUNTMEND_37828,32,37828,Yellow Tail Shiraz/Cab Ausl,1.5L,1,9.99,9.99,2024-11-14,1500.0,2,0.22,4425,MARTIGNETTI COMPANIES
8_ALNERWICK_8678,8,8678,Banfi Chianti Clsc RSV,750mL,2,27.98,13.99,2024-01-14,750.0,2,0.22,516,BANFI PRODUCTS CORP        
43_WOLFORD_33149,43,33149,Alamos Ridge Malbec Mendoza,750mL,1,9.99,9.99,2024-09-10,750.0,2,0.11,3252,E & J GALLO WINERY         
66_EANVERNESS_8448,66,8448,Cruzan Aged Dark Rum,750mL,2,19.98,9.99,2024-05-04,750.0,1,1.57,12546,JIM BEAM BRANDS COMPANY    
23_ARBINGTON_3612,23,3612,Taaka Vodka,1.75L,7,62.93,8.99,2024-06-18,1750.0,1,12.86,8004,SAZERAC CO INC             
25_CAERSHIRE_28856,25,28856,Seghesio Znfdl Sonoma,750mL,3,59.85,19.95,2024-12-09,750.0,2,0.34,4425,MARTIGNETTI COMPANIES
21_BALERNO_39384,21,39384,F Coppola Diamond Pnt Nr,750mL,1,14.99,14.99,2024-03-22,750.0,2,0.11,2000,SOUTHERN WINE & SPIRITS NE 
50_MOUNTMEND_6682,50,6682,R M Woodbridge Chard Cal,1.5L,1,11.99,11.99,2024-02-12,1500.0,2,0.22,1392,CONSTELLATION BRANDS INC   
8_ALNERWICK_3310,8,3310,Pinnacle Vodka,375mL,1,5.99,5.99,2024-12-05,375.0,1,0.39,12546,JIM BEAM BRANDS COMPANY    
1_HARDERSFIELD_4181,1,4181,Calypso Spiced Rum,1.75L,3,35.97,11.99,2024-01-10,1750.0,1,5.51,660,SAZERAC NORTH AMERICA INC. 
60_IRRAGIN_5731,60,5731,Malibu Passion Fruit Rum,750mL,1,11.99,11.99,2024-07-28,750.0,1,0.79,17035,PERNOD RICARD USA          
62_KILMARNOCK_3638,62,3638,Pinnacle Whipped,50mL,1,0.99,0.99,2024-08-28,50.0,1,0.05,12546,JIM BEAM BRANDS COMPANY    
58_HARTLEPOOL_5399,58,5399,Goldschlager Cinnamon Schna,50mL,2,3.98,1.99,2024-03-28,50.0,1,0.1,3960,DIAGEO NORTH AMERICA INC   
6_GOULCREST_27503,6,27503,Ch Ste Michelle Hrse Hvn Svg,750mL,1,11.99,11.99,2024-10-15,750.0,2,0.11,8673,STE MICHELLE WINE ESTATES  
69_MOUNTMEND_200,69,200,Luxardo Maraschino Liqueur,750mL,2,59.98,29.99,2024-03-10,750.0,1,1.57,9165,ULTRA BEVERAGE COMPANY LLP 
55_DRY GULCH_43225,55,43225,Ch Beauchene Chtnf Pape RSV,750mL,2,53.98,26.99,2024-08-05,750.0,2,0.22,10754,PERFECTA WINES             
67_EANVERNESS_12586,67,12586,C Y Toro Frontera Malbec,1.5L,1,8.99,8.99,2024-09-13,1500.0,2,0.22,516,BANFI PRODUCTS CORP        
17_OLDHAM_3876,17,3876,Smirnoff 80 Proof,1.75L,7,132.93,18.99,2024-10-22,1750.0,1,12.86,3960,DIAGEO NORTH AMERICA INC   
59_CLAETHORPES_3344,59,3344,Bombay Sapphire Gin,750mL,1,24.99,24.99,2024-04-07,750.0,1,0.79,480,BACARDI USA INC            
6_GOULCREST_3836,6,3836,Smirnoff Citrus Vodka,750mL,2,21.98,10.99,2024-05-28,750.0,1,1.57,3960,DIAGEO NORTH AMERICA INC   
53_HILLFAR_5212,53,5212,Margaritaville Silver,1.75L,1,19.99,19.99,2024-03-08,1750.0,1,1.84,8004,SAZERAC CO INC             
73_DONCASTER_20377,73,20377,Duval-Leroy Prestige Rose,750mL,1,42.99,42.99,2024-03-21,750.0,2,0.11,9165,ULTRA BEVERAGE COMPANY LLP 
71_CLARCTON_8726,71,8726,Baileys Irish Cream,50mL,3,5.97,1.99,2024-06-06,50.0,1,0.16,3960,DIAGEO NORTH AMERICA INC   
11_CARDEND_3684,11,3684,Fleischmanns Royal Vodka,1.75L,4,39.96,9.99,2024-07-29,1750.0,1,7.35,660,SAZERAC NORTH AMERICA INC. 
49_GARIGILL_5708,49,5708,Dr McGillicuddy's Root Beer,50mL,8,7.92,0.99,2024-06-24,50.0,1,0.42,8004,SAZERAC CO INC             
73_DONCASTER_36558,73,36558,Cruz Garcia Real Sangria Re,1.5L,1,9.99,9.99,2024-11-21,1500.0,2,0.22,8320,SHAW ROSS INT L IMP LTD    
38_GOULCREST_8053,38,8053,Seagrams 7 Crown,50mL,14,13.86,0.99,2024-09-21,50.0,1,0.74,3960,DIAGEO NORTH AMERICA INC   
34_PITMERDEN_18860,34,18860,Barefoot Refresh Summer Red,750mL,1,5.99,5.99,2024-02-06,750.0,2,0.11,3252,E & J GALLO WINERY         
34_PITMERDEN_35472,34,35472,R M Woodbridge Pnt Grigio,1.5L,18,161.82,8.99,2024-07-08,1500.0,2,4.05,1392,CONSTELLATION BRANDS INC   
44_PORTHCRAWL_8072,44,8072,Taittinger Brut La Francais,750mL,1,36.99,36.99,2024-12-15,750.0,2,0.11,4692,KOBRAND CORPORATION        
27_MOUNTMEND_3960,27,3960,Tortilla Gold Tequila Liquer,1.75L,5,69.95,13.99,2024-02-06,1750.0,1,9.19,8004,SAZERAC CO INC             
56_BEGGAR'S HOLE_39335,56,39335,Phillips Seven Deadly Znfdl,750mL,1,11.95,11.95,2024-07-10,750.0,2,0.11,4425,MARTIGNETTI COMPANIES
38_GOULCREST_44828,38,44828,Nicolis Valpo Clsc,750mL,1,13.99,13.99,2024-08-06,750.0,2,0.11,90024,VINILANDIA USA             
1_HARDERSFIELD_8023,1,8023,DeKuyper Triple Sec,750mL,26,116.74,4.49,2024-01-02,750.0,1,20.47,12546,JIM BEAM BRANDS COMPANY    
75_BARNCOMBE_8627,75,8627,Jadot Beaujolais Villages,750mL,4,31.92,7.98,2024-01-02,750.0,2,0.45,4692,KOBRAND CORPORATION        
23_ARBINGTON_13097,23,13097,Menage a Trois Chard,750mL,1,10.99,10.99,2024-01-27,750.0,2,0.11,8892,TRINCHERO FAMILY ESTATES   
73_DONCASTER_16180,73,16180,Skinnygirl Sangria,750mL,1,12.99,12.99,2024-08-07,750.0,2,0.11,12546,JIM BEAM BRANDS COMPANY    
20_BREDWARDINE_2120,20,2120,Canadian Club,1.75L,1,16.99,16.99,2024-04-13,1750.0,1,1.84,12546,JIM BEAM BRANDS COMPANY    
50_MOUNTMEND_1956,50,1956,Balvenie 12 Yr Doublewood S,750mL,1,62.99,62.99,2024-05-17,750.0,1,0.79,3664,WILLIAM GRANT & SONS INC   
60_IRRAGIN_3252,60,3252,Smirnoff Sourced Cran Apple,750mL,1,10.99,10.99,2024-08-17,750.0,1,0.79,3960,DIAGEO NORTH AMERICA INC   
49_GARIGILL_5096,49,5096,DeKuyper Peachtree Schnapps,750mL,1,9.99,9.99,2024-05-16,750.0,1,0.79,12546,JIM BEAM BRANDS COMPANY    
50_MOUNTMEND_3610,50,3610,Smirnoff Cranberry Vodka,750mL,1,12.99,12.99,2024-06-13,750.0,1,0.79,3960,DIAGEO NORTH AMERICA INC   
32_MOUNTMEND_2757,32,2757,Johnnie Walker Red Label,1.75L,2,57.98,28.99,2024-11-19,1750.0,1,3.67,3960,DIAGEO NORTH AMERICA INC   
61_AETHELNEY_40483,61,40483,Drylands Svgn Bl Marlboro,750mL,1,14.99,14.99,2024-07-29,750.0,2,0.11,1392,CONSTELLATION BRANDS INC   
49_GARIGILL_15009,49,15009,Sean Minor Cab Svgn,750mL,1,19.99,19.99,2024-04-02,750.0,2,0.11,4425,MARTIGNETTI COMPANIES
14_BROMWICH_4226,14,4226,Bacardi Superior Rum Trav,750mL,1,9.99,9.99,2024-06-23,750.0,1,0.79,480,BACARDI USA INC            
25_CAERSHIRE_10579,25,10579,High Note Malbec Mendoza,750mL,2,21.98,10.99,2024-04-03,750.0,2,0.22,7153,PINE STATE TRADING CO      
55_DRY GULCH_8432,55,8432,Berentzen Icemint Schnapps,50mL,5,4.95,0.99,2024-03-26,50.0,1,0.26,4425,MARTIGNETTI COMPANIES
73_DONCASTER_3579,73,3579,Ciroc Pineapple Vodka,375mL,1,15.49,15.49,2024-02-21,375.0,1,0.39,3960,DIAGEO NORTH AMERICA INC   
2_ASHBORNE_13807,2,13807,Oh Schist Rsl,750mL,2,17.98,8.99,2024-07-09,750.0,2,0.22,9552,M S WALKER INC             
44_PORTHCRAWL_4262,44,4262,Capt Morgan Spiced Rum,750mL,1,14.99,14.99,2024-03-14,750.0,1,0.79,3960,DIAGEO NORTH AMERICA INC   
62_KILMARNOCK_5170,62,5170,Dr McGillicuddy's Apple Pie,750mL,1,13.99,13.99,2024-07-21,750.0,1,0.79,8004,SAZERAC CO INC             
69_MOUNTMEND_13492,69,13492,Barefoot Cellars Pnt Nr,1.5L,1,8.75,8.75,2024-06-15,1500.0,2,0.22,3252,E & J GALLO WINERY         
74_PAENTMARWY_24327,74,24327,La Crema Pnt Nr Sonoma Cst,750mL,1,19.99,19.99,2024-04-26,750.0,2,0.11,10000,MAJESTIC FINE WINES        
66_EANVERNESS_27203,66,27203,DeLoach Ethans Vyd Znfdl,750mL,2,25.98,12.99,2024-11-03,750.0,2,0.22,4425,MARTIGNETTI COMPANIES
72_HARDERSFIELD_28323,72,28323,M & R Bianco Vermouth,750mL,1,7.49,7.49,2024-03-01,750.0,2,0.11,480,BACARDI USA INC            
74_PAENTMARWY_4903,74,4903,Bacardi Superior Rum,200mL,1,3.99,3.99,2024-01-18,200.0,1,0.21,480,BACARDI USA INC            
